{
  "gprime_SDSS_SDSS": {
    "dmag": [
      0.11800000071525574, 
      0.08699999749660492, 
      0.07100000232458115, 
      0.06400000303983688, 
      0.07500000298023224, 
      0.24799999594688416, 
      0.2540000081062317
    ], 
    "goodstatus": true, 
    "kernel": [
      1.0000010000005, 
      499999.99999999971, 
      1.0000000001
    ], 
    "mag": [
      22.179000854492188, 
      21.742000579833984, 
      21.48699951171875, 
      21.299999237060547, 
      21.53700065612793, 
      21.68600082397461, 
      21.77400016784668
    ], 
    "mjd": [
      53666.16015625, 
      53669.15625, 
      53674.13671875, 
      53676.2265625, 
      53681.19140625, 
      53685.1484375, 
      53687.1875
    ], 
    "modeldate": [
      53666.16015625, 
      53667.16015625, 
      53668.16015625, 
      53669.16015625, 
      53670.16015625, 
      53671.16015625, 
      53672.16015625, 
      53673.16015625, 
      53674.16015625, 
      53675.16015625, 
      53676.16015625, 
      53677.16015625, 
      53678.16015625, 
      53679.16015625, 
      53680.16015625, 
      53681.16015625, 
      53682.16015625, 
      53683.16015625, 
      53684.16015625, 
      53685.16015625, 
      53686.16015625, 
      53687.16015625
    ], 
    "modelerr": [
      0.11728965370342287, 
      1.0619032387057348, 
      1.0618880703646205, 
      1.0618745428864669, 
      1.0618626564961522, 
      1.0618524113912835, 
      1.0618438077421914, 
      1.0618368456919216, 
      1.0618315253562307, 
      1.0618278468235813, 
      1.0618258101551399, 
      1.0618254153847722, 
      1.0618266625190445, 
      1.0618295515372218, 
      1.0618340823912689, 
      1.0618402550058519, 
      1.0618480692783425, 
      1.06185752507882, 
      1.061868622250077, 
      1.061881360607626, 
      1.0618957399397047, 
      1.0619117600072852
    ], 
    "modelmag": [
      22.17879627994941, 
      22.027026959581416, 
      21.906493522466967, 
      21.801681201658404, 
      21.711633506034474, 
      21.634874896983465, 
      21.568988874846394, 
      21.50940929441639, 
      21.448173595113733, 
      21.390019243191222, 
      21.357290861755168, 
      21.36198079690064, 
      21.389335153105407, 
      21.426857936530556, 
      21.46877270928018, 
      21.511674576788348, 
      21.55343867276742, 
      21.594040597595026, 
      21.634204517254748, 
      21.674549958905672, 
      21.715629021664284, 
      21.757953171904738
    ]
  }
}