{
  "rprime_SDSS_SDSS": {
    "bsplinemag": [
      22.355592777709145,
      22.04713133506727,
      21.82617382213499,
      21.682892710811362,
      21.60746047299546,
      21.590049580586342,
      21.62083250548306,
      21.689981719584697,
      21.787669694790303,
      21.90406890299894,
      22.029351816109667,
      22.153690906021566,
      22.267258644633674,
      22.360227503845074,
      22.42276995555482,
      22.445058471661973,
      22.4172655240656,
      22.329563584664765
    ],
    "dmag": [
      0.24300000071525574,
      0.26600000262260437,
      0.1889999955892563,
      0.2329999953508377,
      0.1860000044107437
    ],
    "goodstatus": true,
    "kernel": [
      5000.000000000004
    ],
    "mag": [
      22.35300064086914,
      21.9950008392334,
      22.073999404907227,
      22.5049991607666,
      22.183000564575195
    ],
    "mjd": [
      54393.21875,
      54402.2265625,
      54404.14453125,
      54408.140625,
      54411.09765625
    ],
    "modeldate": [
      54393.21875,
      54394.21875,
      54395.21875,
      54396.21875,
      54397.21875,
      54398.21875,
      54399.21875,
      54400.21875,
      54401.21875,
      54402.21875,
      54403.21875,
      54404.21875,
      54405.21875,
      54406.21875,
      54407.21875,
      54408.21875,
      54409.21875,
      54410.21875
    ],
    "modelerr": [
      0.24297475531414925,
      0.6815643705108875,
      1.0285359126725846,
      1.1626951648590953,
      1.1373146828407588,
      1.004987675985052,
      0.8120523833680561,
      0.5980658031734778,
      0.39669718926801656,
      0.2396361804118951,
      0.1629952732641205,
      0.16651750883769467,
      0.18731044088204943,
      0.198955286878127,
      0.20840859643116033,
      0.22012983825669333,
      0.2181803233644546,
      0.1823415052313359
    ],
    "modelmag": [
      22.354442596435547,
      22.28849959373474,
      22.198524951934814,
      22.10140299797058,
      22.011131525039673,
      21.938772201538086,
      21.89240574836731,
      21.877094507217407,
      21.894864559173584,
      21.94468331336975,
      22.022451162338257,
      22.121009349822998,
      22.230145692825317,
      22.336613416671753,
      22.424165725708008,
      22.473588943481445,
      22.462749242782593,
      22.366654634475708
    ]
  }
}