{
  "gprime_SDSS_SDSS": {
    "bsplinemag": [
      22.13993127760533,
      21.919629662858767,
      21.72573087341697,
      21.55685508512,
      21.411622473807924,
      21.288653215320824,
      21.186567485498756,
      21.103985460181804,
      21.03952731521003,
      20.9918132264235,
      20.95946336966228,
      20.941097920766463,
      20.935337055576095,
      20.94080094993125,
      20.956109779672005,
      20.97988372063843,
      21.01074294867059,
      21.04730763960855,
      21.08819796929239,
      21.13203411356217,
      21.177436248257962,
      21.22302454921985,
      21.267419192287875,
      21.309240353302137
    ],
    "dmag": [
      0.1379999965429306,
      0.06599999964237213,
      0.04500000178813934,
      0.13300000131130219,
      0.09799999743700027
    ],
    "goodstatus": true,
    "kernel": [
      5000.000000000004
    ],
    "mag": [
      22.13800048828125,
      21.29599952697754,
      20.976999282836914,
      21.06399917602539,
      21.3439998626709
    ],
    "mjd": [
      53639.328125,
      53644.2734375,
      53654.30859375,
      53656.2578125,
      53663.26953125
    ],
    "modeldate": [
      53639.328125,
      53640.328125,
      53641.328125,
      53642.328125,
      53643.328125,
      53644.328125,
      53645.328125,
      53646.328125,
      53647.328125,
      53648.328125,
      53649.328125,
      53650.328125,
      53651.328125,
      53652.328125,
      53653.328125,
      53654.328125,
      53655.328125,
      53656.328125,
      53657.328125,
      53658.328125,
      53659.328125,
      53660.328125,
      53661.328125,
      53662.328125
    ],
    "modelerr": [
      0.1379910802861018,
      0.12930144794594517,
      0.1336892305452071,
      0.11617605503260753,
      0.08482613227823815,
      0.0659487052183036,
      0.08747460132910322,
      0.1278234142316269,
      0.16502317092499064,
      0.1906986782082176,
      0.20122401478445998,
      0.19517451180257386,
      0.17268044142598843,
      0.1353058973291659,
      0.086963425237864,
      0.0445916017844956,
      0.07208063315330443,
      0.13696267303068724,
      0.20268554099351052,
      0.2583012427630565,
      0.2943035996460941,
      0.3001099067270567,
      0.2639710036450611,
      0.17639324887044378
    ],
    "modelmag": [
      22.138024960644543,
      21.929281624034047,
      21.739612065255642,
      21.569550277665257,
      21.41943186800927,
      21.289391849189997,
      21.17936282325536,
      21.089073861017823,
      21.018049861304462,
      20.965611530467868,
      20.930875949561596,
      20.91275765001774,
      20.909970328211784,
      20.92102910205722,
      20.944253290072083,
      20.977769875898957,
      21.019517383538187,
      21.067250388674438,
      21.118544548749924,
      21.170802112668753,
      21.22125799022615,
      21.26698633376509,
      21.30490750260651,
      21.331795600242913
    ]
  },
  "iprime_SDSS_SDSS": {
    "bsplinemag": [
      20.98696046098759,
      20.930925724464274,
      20.882806602604756,
      20.84222091832532,
      20.80878649454228,
      20.78212115417189,
      20.761842720130446,
      20.747569015334236,
      20.738917862699545,
      20.735507085142654,
      20.73695450557986,
      20.74287794692743,
      20.75289523210166,
      20.76662418401884,
      20.78368262559525,
      20.80368837974717,
      20.8262592693909,
      20.85101311744271,
      20.877567746818897,
      20.90554098043574,
      20.93455064120953,
      20.96421455205654,
      20.994150535893073,
      21.023976415635403,
      21.053310014199816,
      21.081769154502602,
      21.108971659460043,
      21.134535351988422,
      21.158078055004037,
      21.17921759142316,
      21.19757178416208,
      21.21275845613708,
      21.224395430264458,
      21.232100529460485,
      21.235491576641458,
      21.234186394723654
    ],
    "dmag": [
      0.10199999809265137,
      0.08900000154972076,
      0.12099999934434891,
      0.10400000214576721,
      0.12399999797344208,
      0.11900000274181366
    ],
    "goodstatus": true,
    "kernel": [
      5000.000000000004
    ],
    "mag": [
      20.97599983215332,
      20.79800033569336,
      20.680999755859375,
      20.865999221801758,
      21.32200050354004,
      21.172000885009766
    ],
    "mjd": [
      53644.2734375,
      53654.3046875,
      53656.25390625,
      53663.265625,
      53677.24609375,
      53680.234375
    ],
    "modeldate": [
      53644.2734375,
      53645.2734375,
      53646.2734375,
      53647.2734375,
      53648.2734375,
      53649.2734375,
      53650.2734375,
      53651.2734375,
      53652.2734375,
      53653.2734375,
      53654.2734375,
      53655.2734375,
      53656.2734375,
      53657.2734375,
      53658.2734375,
      53659.2734375,
      53660.2734375,
      53661.2734375,
      53662.2734375,
      53663.2734375,
      53664.2734375,
      53665.2734375,
      53666.2734375,
      53667.2734375,
      53668.2734375,
      53669.2734375,
      53670.2734375,
      53671.2734375,
      53672.2734375,
      53673.2734375,
      53674.2734375,
      53675.2734375,
      53676.2734375,
      53677.2734375,
      53678.2734375,
      53679.2734375
    ],
    "modelerr": [
      0.1019958640363303,
      0.2847990123710224,
      0.44108799626931683,
      0.5153280616941344,
      0.52491574292491,
      0.4875179580902115,
      0.418799030223405,
      0.3323161978122179,
      0.23984303427723014,
      0.15264237308584827,
      0.08723988699029864,
      0.07688530581485738,
      0.1087782794532555,
      0.1390170248020524,
      0.15525808198443125,
      0.1559368810851633,
      0.1430889020816282,
      0.12191005104943152,
      0.10301461525342191,
      0.10346263752921608,
      0.13074271852484032,
      0.17361540047327062,
      0.22009734341007361,
      0.26282415810944304,
      0.29703316741597396,
      0.3194673133809587,
      0.32806831960227456,
      0.3219799278116172,
      0.3016985492472907,
      0.2693011642481883,
      0.22869500838529808,
      0.18591016039484531,
      0.14867181855128986,
      0.12325982936329244,
      0.10798635424838372,
      0.09813602847185388
    ],
    "modelmag": [
      20.976420879364014,
      21.118170261383057,
      21.192462921142578,
      21.213866710662842,
      21.195395946502686,
      21.148550033569336,
      21.083364009857178,
      21.008461475372314,
      20.93111562728882,
      20.857308387756348,
      20.791809558868408,
      20.738237857818604,
      20.69915533065796,
      20.67613983154297,
      20.669869422912598,
      20.68022346496582,
      20.706367015838623,
      20.74684715270996,
      20.799694061279297,
      20.86251735687256,
      20.93260908126831,
      21.007044315338135,
      21.082784175872803,
      21.156779289245605,
      21.226070880889893,
      21.28789234161377,
      21.33977174758911,
      21.37962770462036,
      21.405871391296387,
      21.41749382019043,
      21.414167404174805,
      21.396327018737793,
      21.365261554718018,
      21.323190689086914,
      21.27335023880005,
      21.220055103302002
    ]
  },