{
  "gprime_SDSS_SDSS": {
    "bsplinemag": [
      21.772244992910274,
      21.59167987792362,
      21.435907516928093,
      21.303711977104403,
      21.19387732563326,
      21.105187629695365,
      21.03642695647144,
      20.986379373142178,
      20.953828946888294,
      20.937559744890503,
      20.9363558343295,
      20.949001282386007,
      20.97428015624072,
      21.01097652307436,
      21.05787445006762,
      21.113758004401223,
      21.177411253255865,
      21.247618263812267,
      21.323163103251126,
      21.402829838753156,
      21.48540253749907,
      21.569665266669563,
      21.654402093445356,
      21.73839708500715
    ],
    "dmag": [
      0.09399999678134918,
      0.08399999886751175,
      0.052000001072883606,
      0.05400000140070915,
      0.07699999958276749,
      0.08799999952316284
    ],
    "goodstatus": true,
    "kernel": [
      5000.000000000004
    ],
    "mag": [
      21.770000457763672,
      21.593000411987305,
      21.05500030517578,
      21.236000061035156,
      21.48900032043457,
      21.809999465942383
    ],
    "mjd": [
      54392.4453125,
      54393.44921875,
      54406.35546875,
      54409.359375,
      54412.37890625,
      54416.3515625
    ],
    "modeldate": [
      54392.4453125,
      54393.4453125,
      54394.4453125,
      54395.4453125,
      54396.4453125,
      54397.4453125,
      54398.4453125,
      54399.4453125,
      54400.4453125,
      54401.4453125,
      54402.4453125,
      54403.4453125,
      54404.4453125,
      54405.4453125,
      54406.4453125,
      54407.4453125,
      54408.4453125,
      54409.4453125,
      54410.4453125,
      54411.4453125,
      54412.4453125,
      54413.4453125,
      54414.4453125,
      54415.4453125
    ],
    "modelerr": [
      0.09284536685261195,
      0.08244003891234611,
      0.14941565818183886,
      0.199341978967947,
      0.22997995040413985,
      0.24462939355615138,
      0.24604045956988727,
      0.23633922204059965,
      0.21742281892649035,
      0.19132028322984077,
      0.1603526330277907,
      0.12721577398032866,
      0.09500552914239757,
      0.06737927413717035,
      0.04853427203042648,
      0.0412301402980167,
      0.041804403892585926,
      0.04448989822084528,
      0.048347241384713135,
      0.05571543681873403,
      0.06681785923131524,
      0.07744454645666735,
      0.08123685290267743,
      0.07649358645213693
    ],
    "modelmag": [
      21.76818037033081,
      21.59545612335205,
      21.446314334869385,
      21.319264888763428,
      21.212954998016357,
      21.12615466117859,
      21.05774164199829,
      21.006680250167847,
      20.97200083732605,
      20.952787160873413,
      20.948148488998413,
      20.95720863342285,
      20.9790780544281,
      21.01283884048462,
      21.05752444267273,
      21.112095832824707,
      21.17542791366577,
      21.246286392211914,
      21.32330846786499,
      21.40498661994934,
      21.489647150039673,
      21.575440406799316,
      21.660311222076416,
      21.741997003555298
    ]
  }
}