{
  "gprime_SDSS_SDSS": {
    "dmag": [
      0.08399999886751175, 
      0.04800000041723251, 
      0.06199999898672104, 
      0.04399999976158142, 
      0.057999998331069946, 
      0.041999999433755875
    ], 
    "goodstatus": true, 
    "kernel": [
      1.0000010000005, 
      499999.99999999971, 
      1.0000000001
    ], 
    "mag": [
      20.674999237060547, 
      20.58099937438965, 
      20.332000732421875, 
      20.367000579833984, 
      20.533000946044922, 
      20.635000228881836
    ], 
    "mjd": [
      53623.3203125, 
      53626.30859375, 
      53628.29296875, 
      53635.30078125, 
      53637.29296875, 
      53639.33984375
    ], 
    "modeldate": [
      53623.3203125, 
      53624.3203125, 
      53625.3203125, 
      53626.3203125, 
      53627.3203125, 
      53628.3203125, 
      53629.3203125, 
      53630.3203125, 
      53631.3203125, 
      53632.3203125, 
      53633.3203125, 
      53634.3203125, 
      53635.3203125, 
      53636.3203125, 
      53637.3203125, 
      53638.3203125, 
      53639.3203125
    ], 
    "modelerr": [
      0.08374724581214159, 
      1.0692852409445623, 
      1.0692743041975266, 
      1.069264968494843, 
      1.0692572339904105, 
      1.069251100811738, 
      1.0692465690599373, 
      1.0692436388097226, 
      1.0692423101094053, 
      1.069242582980893, 
      1.069244457419689, 
      1.0692479333948923, 
      1.069253010849198, 
      1.0692596896989004, 
      1.069267969833896, 
      1.069277851117687, 
      1.0692893333873865
    ], 
    "modelmag": [
      20.674892949655057, 
      20.62460951150184, 
      20.580704718708624, 
      20.527133574883646, 
      20.46675706789274, 
      20.411324830469773, 
      20.374191953159038, 
      20.3548626962935, 
      20.347465787561887, 
      20.349428614319795, 
      20.359823261468875, 
      20.37927692023945, 
      20.41037312645908, 
      20.455295482125457, 
      20.51002980667282, 
      20.566345370454464, 
      20.618846316945856
    ]
  }
}