{
  "gprime_SDSS_SDSS": {
    "bsplinemag": [
      20.706992990416914,
      20.65966762432034,
      20.601045947059628,
      20.535487626576607,
      20.46735233081314,
      20.400999727711078,
      20.34078948521225,
      20.291081271258527,
      20.256234753791727,
      20.24060960075372,
      20.24856548008635,
      20.28446205973146,
      20.35265896167302,
      20.450979097886147,
      20.552585915405455,
      20.624828914184462,
      20.635057594176693
    ],
    "dmag": [
      0.08399999886751175,
      0.04800000041723251,
      0.06199999898672104,
      0.04399999976158142,
      0.057999998331069946,
      0.041999999433755875
    ],
    "goodstatus": true,
    "kernel": [
      5000.000000000004
    ],
    "mag": [
      20.674999237060547,
      20.58099937438965,
      20.332000732421875,
      20.367000579833984,
      20.533000946044922,
      20.635000228881836
    ],
    "mjd": [
      53623.3203125,
      53626.30859375,
      53628.29296875,
      53635.30078125,
      53637.29296875,
      53639.33984375
    ],
    "modeldate": [
      53623.3203125,
      53624.3203125,
      53625.3203125,
      53626.3203125,
      53627.3203125,
      53628.3203125,
      53629.3203125,
      53630.3203125,
      53631.3203125,
      53632.3203125,
      53633.3203125,
      53634.3203125,
      53635.3203125,
      53636.3203125,
      53637.3203125,
      53638.3203125,
      53639.3203125
    ],
    "modelerr": [
      0.08328309134045551,
      0.059582318206178125,
      0.05410015228306461,
      0.04434497085837003,
      0.04024101128522757,
      0.05304990959195731,
      0.0724369801197371,
      0.08764342406304161,
      0.09385675074625442,
      0.08949810379832689,
      0.07554327971020983,
      0.05590340539594418,
      0.03969219029863589,
      0.039196547344510696,
      0.046147099026213514,
      0.0427796799097842,
      0.04107371258752557
    ],
    "modelmag": [
      20.682432174682617,
      20.704919815063477,
      20.657682418823242,
      20.567947387695312,
      20.459001541137695,
      20.350107192993164,
      20.256498336791992,
      20.189348220825195,
      20.155778884887695,
      20.15888214111328,
      20.197711944580078,
      20.267345428466797,
      20.358915328979492,
      20.45967674255371,
      20.553054809570312,
      20.618757247924805,
      20.632827758789062
    ]
  }
}