{
  "gprime_SDSS_SDSS": {
    "dmag": [
      0.1379999965429306, 
      0.06599999964237213, 
      0.04500000178813934, 
      0.13300000131130219, 
      0.09799999743700027
    ], 
    "goodstatus": true, 
    "kernel": [
      1.0000010000005, 
      499999.99999999971, 
      1.0000000001
    ], 
    "mag": [
      22.13800048828125, 
      21.29599952697754, 
      20.976999282836914, 
      21.06399917602539, 
      21.3439998626709
    ], 
    "mjd": [
      53639.328125, 
      53644.2734375, 
      53654.30859375, 
      53656.2578125, 
      53663.26953125
    ], 
    "modeldate": [
      53639.328125, 
      53640.328125, 
      53641.328125, 
      53642.328125, 
      53643.328125, 
      53644.328125, 
      53645.328125, 
      53646.328125, 
      53647.328125, 
      53648.328125, 
      53649.328125, 
      53650.328125, 
      53651.328125, 
      53652.328125, 
      53653.328125, 
      53654.328125, 
      53655.328125, 
      53656.328125, 
      53657.328125, 
      53658.328125, 
      53659.328125, 
      53660.328125, 
      53661.328125, 
      53662.328125
    ], 
    "modelerr": [
      0.1369193625386366, 
      1.0809024430514758, 
      1.0808860384120156, 
      1.0808711702312008, 
      1.0808578387506633, 
      1.0808460441870755, 
      1.0808357867321414, 
      1.0808270665525916, 
      1.0808198837901752, 
      1.0808142385616566, 
      1.0808101309588094, 
      1.0808075610484151, 
      1.0808065288722588, 
      1.0808070344471294, 
      1.0808090777648174, 
      1.080812658792116, 
      1.0808177774708232, 
      1.0808244337177417, 
      1.0808326274246836, 
      1.0808423584584743, 
      1.0808536266609563, 
      1.0808664318489953, 
      1.080880773814488, 
      1.0808966523243675
    ], 
    "modelmag": [
      22.124541351613892, 
      21.417793127959992, 
      21.417783219423132, 
      21.41777263514497, 
      21.41776137518902, 
      21.416143350776455, 
      21.388720156693534, 
      21.36130046007138, 
      21.333911226044624, 
      21.306592595389937, 
      21.279405351204474, 
      21.252492762747472, 
      21.22598430321531, 
      21.20023862640645, 
      21.175852467611225, 
      21.15412930504177, 
      21.138501826994528, 
      21.13679446016531, 
      21.15422054870982, 
      21.18135292267667, 
      21.21301060541735, 
      21.246684636092507, 
      21.280784037483937, 
      21.314091458850914
    ]
  }, 
  "iprime_SDSS_SDSS": {
    "dmag": [
      0.10199999809265137, 
      0.08900000154972076, 
      0.12099999934434891, 
      0.10400000214576721, 
      0.12399999797344208, 
      0.11900000274181366
    ], 
    "goodstatus": true, 
    "kernel": [
      1.0000010000005, 
      499999.99999999971, 
      1.0000000001
    ], 
    "mag": [
      20.97599983215332, 
      20.79800033569336, 
      20.680999755859375, 
      20.865999221801758, 
      21.32200050354004, 
      21.172000885009766
    ], 
    "mjd": [
      53644.2734375, 
      53654.3046875, 
      53656.25390625, 
      53663.265625, 
      53677.24609375, 
      53680.234375
    ], 
    "modeldate": [
      53644.2734375, 
      53645.2734375, 
      53646.2734375, 
      53647.2734375, 
      53648.2734375, 
      53649.2734375, 
      53650.2734375, 
      53651.2734375, 
      53652.2734375, 
      53653.2734375, 
      53654.2734375, 
      53655.2734375, 
      53656.2734375, 
      53657.2734375, 
      53658.2734375, 
      53659.2734375, 
      53660.2734375, 
      53661.2734375, 
      53662.2734375, 
      53663.2734375, 
      53664.2734375, 
      53665.2734375, 
      53666.2734375, 
      53667.2734375, 
      53668.2734375, 
      53669.2734375, 
      53670.2734375, 
      53671.2734375, 
      53672.2734375, 
      53673.2734375, 
      53674.2734375, 
      53675.2734375, 
      53676.2734375, 
      53677.2734375, 
      53678.2734375, 
      53679.2734375
    ], 
    "modelerr": [
      0.1015492027746868, 
      1.0700003252821522, 
      1.0699735403234485, 
      1.0699483474165175, 
      1.069924746975231, 
      1.0699027393873368, 
      1.069882325014446, 
      1.0698635041920188, 
      1.0698462772293515, 
      1.0698306444095667, 
      1.0698166059896008, 
      1.069804162200197, 
      1.0697933132458948, 
      1.0697840593050225, 
      1.0697764005296926, 
      1.069770337045794, 
      1.0697658689529883, 
      1.0697629963247057, 
      1.069761719208144, 
      1.0697620376242636, 
      1.0697639515677897, 
      1.069767461007211, 
      1.0697725658847819, 
      1.069779266116523, 
      1.0697875615922263, 
      1.0697974521754572, 
      1.0698089377035611, 
      1.069822017987668, 
      1.0698366928127017, 
      1.0698529619373847, 
      1.0698708250942495, 
      1.0698902819896476, 
      1.0699113323037606, 
      1.0699339756906112, 
      1.0699582117780766, 
      1.0699840401679028
    ], 
    "modelmag": [
      20.975249318760813, 
      20.875672872834663, 
      20.848237700666342, 
      20.82083217906108, 
      20.7934959939952, 
      20.766288242397803, 
      20.7393396868257, 
      20.71280050912435, 
      20.68698277193374, 
      20.662484621003784, 
      20.640590464483815, 
      20.624386113091386, 
      20.621702394931404, 
      20.638279722106585, 
      20.66506467848698, 
      20.69654115667221, 
      20.73015419031931, 
      20.764261361898825, 
      20.797653755136068, 
      20.829186038536747, 
      20.85823538907036, 
      20.885463163717308, 
      20.912009886179458, 
      20.939042631844735, 
      20.967996185629474, 
      21.000653224257405, 
      21.039612187017514, 
      21.087900302572077, 
      21.145983909320233, 
      21.21155977595911, 
      21.28171037129666, 
      21.35446492638614, 
      21.42861377436689, 
      21.501454473565374, 
      21.501437293764265, 
      21.501420469924255
    ]
  }, 
  "rprime_SDSS_SDSS": {
    "dmag": [
      0.07500000298023224, 
      0.05900000035762787, 
      0.09600000083446503, 
      0.08299999684095383, 
      0.07800000160932541, 
      0.0949999988079071, 
      0.11900000274181366
    ], 
    "goodstatus": true, 
    "kernel": [
      1.0000010000005, 
      499999.99999999971, 
      1.0000000001
    ], 
    "mag": [
      21.079999923706055, 
      20.80500030517578, 
      20.746000289916992, 
      21.030000686645508, 
      21.17099952697754, 
      21.37700080871582, 
      21.679000854492188
    ], 
    "mjd": [
      53644.26953125, 
      53654.3046875, 
      53656.25390625, 
      53663.265625, 
      53670.26171875, 
      53673.2265625, 
      53677.24609375
    ], 
    "modeldate": [
      53644.26953125, 
      53645.26953125, 
      53646.26953125, 
      53647.26953125, 
      53648.26953125, 
      53649.26953125, 
      53650.26953125, 
      53651.26953125, 
      53652.26953125, 
      53653.26953125, 
      53654.26953125, 
      53655.26953125, 
      53656.26953125, 
      53657.26953125, 
      53658.26953125, 
      53659.26953125, 
      53660.26953125, 
      53661.26953125, 
      53662.26953125, 
      53663.26953125, 
      53664.26953125, 
      53665.26953125, 
      53666.26953125, 
      53667.26953125, 
      53668.26953125, 
      53669.26953125, 
      53670.26953125, 
      53671.26953125, 
      53672.26953125, 
      53673.26953125, 
      53674.26953125, 
      53675.26953125, 
      53676.26953125
    ],