{
  "gprime_SDSS_SDSS": {
    "bsplinemag": [
      22.184531061417104,
      22.01779786276511,
      21.873271049055376,
      21.749811829548968,
      21.646281413507012,
      21.561541010190584,
      21.494451828860786,
      21.443875078778714,
      21.40867196920546,
      21.38770370940211,
      21.379831508629778,
      21.383916576149538,
      21.398820121222503,
      21.42340335310976,
      21.456527481072396,
      21.497053714371518,
      21.54384326226821,
      21.59575733402357,
      21.651657138898702,
      21.710403886154694,
      21.770858785052635,
      21.831883044853626
    ],
    "dmag": [
      0.11800000071525574,
      0.08699999749660492,
      0.07100000232458115,
      0.06400000303983688,
      0.07500000298023224,
      0.24799999594688416,
      0.2540000081062317
    ],
    "goodstatus": true,
    "kernel": [
      5000.000000000004
    ],
    "mag": [
      22.179000854492188,
      21.742000579833984,
      21.48699951171875,
      21.299999237060547,
      21.53700065612793,
      21.68600082397461,
      21.77400016784668
    ],
    "mjd": [
      53666.16015625,
      53669.15625,
      53674.13671875,
      53676.2265625,
      53681.19140625,
      53685.1484375,
      53687.1875
    ],
    "modeldate": [
      53666.16015625,
      53667.16015625,
      53668.16015625,
      53669.16015625,
      53670.16015625,
      53671.16015625,
      53672.16015625,
      53673.16015625,
      53674.16015625,
      53675.16015625,
      53676.16015625,
      53677.16015625,
      53678.16015625,
      53679.16015625,
      53680.16015625,
      53681.16015625,
      53682.16015625,
      53683.16015625,
      53684.16015625,
      53685.16015625,
      53686.16015625,
      53687.16015625
    ],
    "modelerr": [
      0.11697572009522691,
      0.08119281810701118,
      0.07990226974987406,
      0.08285544379611029,
      0.08070094117628543,
      0.0739290707862896,
      0.06499828629802241,
      0.05653529403333414,
      0.050856314712076314,
      0.04916388466071046,
      0.05074837427401077,
      0.05372425261093462,
      0.056678496229297166,
      0.059542289771558454,
      0.06373145937113177,
      0.0712689933223396,
      0.08297621181576634,
      0.09762450655960243,
      0.11335488918480582,
      0.13152089092983124,
      0.1631034795954775,
      0.23202557797675932
    ],
    "modelmag": [
      22.15833282470703,
      22.020357131958008,
      21.893978118896484,
      21.779455184936523,
      21.67728614807129,
      21.588132858276367,
      21.512815475463867,
      21.45210838317871,
      21.406700134277344,
      21.37710952758789,
      21.363544464111328,
      21.365875244140625,
      21.38344383239746,
      21.415058135986328,
      21.458871841430664,
      21.51230239868164,
      21.571895599365234,
      21.63335418701172,
      21.691335678100586,
      21.73943519592285,
      21.77016258239746,
      21.774757385253906
    ]
  }
}