{
  "gprime_SDSS_SDSS": {
    "dmag": [
      0.16699999570846558, 
      0.0820000022649765, 
      0.23600000143051147, 
      0.23600000143051147, 
      0.21299999952316284
    ], 
    "goodstatus": true, 
    "kernel": [
      1.0000010000005, 
      499999.99999999971, 
      1.0000000001
    ], 
    "mag": [
      22.524999618530273, 
      21.698999404907227, 
      21.621999740600586, 
      22.312999725341797, 
      22.78700065612793
    ], 
    "mjd": [
      53644.2578125, 
      53654.2890625, 
      53656.23828125, 
      53663.25, 
      53670.24609375
    ], 
    "modeldate": [
      53644.2578125, 
      53645.2578125, 
      53646.2578125, 
      53647.2578125, 
      53648.2578125, 
      53649.2578125, 
      53650.2578125, 
      53651.2578125, 
      53652.2578125, 
      53653.2578125, 
      53654.2578125, 
      53655.2578125, 
      53656.2578125, 
      53657.2578125, 
      53658.2578125, 
      53659.2578125, 
      53660.2578125, 
      53661.2578125, 
      53662.2578125, 
      53663.2578125, 
      53664.2578125, 
      53665.2578125, 
      53666.2578125, 
      53667.2578125, 
      53668.2578125, 
      53669.2578125
    ], 
    "modelerr": [
      0.16510325694062883, 
      1.0826701910433496, 
      1.0826521345816358, 
      1.0826356047918306, 
      1.0826206019419922, 
      1.0826071262754324, 
      1.0825951780107108, 
      1.0825847573416247, 
      1.0825758644372034, 
      1.082568499441702, 
      1.082562662474595, 
      1.0825583536305738, 
      1.0825555729795424, 
      1.0825543205666142, 
      1.0825545964121117, 
      1.0825564005115655, 
      1.0825597328357135, 
      1.0825645933305028, 
      1.0825709819170917, 
      1.0825788984918514, 
      1.0825883429263718, 
      1.0825993150674644, 
      1.082611814737168, 
      1.0826258417327554, 
      1.0826413958267413, 
      1.0826584767668894
    ], 
    "modelmag": [
      22.524240307350805, 
      22.414842920303478, 
      22.33306996116047, 
      22.251874105806923, 
      22.17150594910455, 
      22.09230956107832, 
      22.014889999052468, 
      21.940043959929323, 
      21.86925127187328, 
      21.80499213554452, 
      21.75193175040816, 
      21.71943225393873, 
      21.722515642938323, 
      21.76971583019004, 
      21.840963826976346, 
      21.920045129598552, 
      22.00195291416252, 
      22.084272329777523, 
      22.16581533914181, 
      22.24598461100712, 
      22.32452480581403, 
      22.40131925913781, 
      22.47635970347128, 
      22.549671204906495, 
      22.621325409426237, 
      22.69132807048794
    ]
  }
}