{
  "gprime_SDSS_SDSS": {
    "dmag": [
      0.09399999678134918, 
      0.08399999886751175, 
      0.052000001072883606, 
      0.05400000140070915, 
      0.07699999958276749, 
      0.08799999952316284
    ], 
    "goodstatus": true, 
    "kernel": [
      1.0000010000005, 
      499999.99999999971, 
      1.0000000001
    ], 
    "mag": [
      21.770000457763672, 
      21.593000411987305, 
      21.05500030517578, 
      21.236000061035156, 
      21.48900032043457, 
      21.809999465942383
    ], 
    "mjd": [
      54392.4453125, 
      54393.44921875, 
      54406.35546875, 
      54409.359375, 
      54412.37890625, 
      54416.3515625
    ], 
    "modeldate": [
      54392.4453125, 
      54393.4453125, 
      54394.4453125, 
      54395.4453125, 
      54396.4453125, 
      54397.4453125, 
      54398.4453125, 
      54399.4453125, 
      54400.4453125, 
      54401.4453125, 
      54402.4453125, 
      54403.4453125, 
      54404.4453125, 
      54405.4453125, 
      54406.4453125, 
      54407.4453125, 
      54408.4453125, 
      54409.4453125, 
      54410.4453125, 
      54411.4453125, 
      54412.4453125, 
      54413.4453125, 
      54414.4453125, 
      54415.4453125
    ], 
    "modelerr": [
      0.09364638171174541, 
      1.0694976193778294, 
      1.0694798388648195, 
      1.0694636564379836, 
      1.0694490723638166, 
      1.0694360868825112, 
      1.0694247002079489, 
      1.0694149125276915, 
      1.0694067240029754, 
      1.0694001347687048, 
      1.0693951449334471, 
      1.069391754579428, 
      1.0693899637625308, 
      1.0693897725122907, 
      1.069391180831897, 
      1.0693941886981915, 
      1.0693987960616693, 
      1.069405002846481, 
      1.0694128089504353, 
      1.069422214245003, 
      1.069433218575322, 
      1.0694458217602014, 
      1.0694600235921308, 
      1.0694758238372857
    ], 
    "modelmag": [
      21.769749400433614, 
      21.640216344526554, 
      21.573453262053672, 
      21.516870312075646, 
      21.46604123200406, 
      21.419357632353055, 
      21.375712071861127, 
      21.33484339244133, 
      21.296368077946678, 
      21.26029356635305, 
      21.226796603218357, 
      21.196299829776635, 
      21.1698014387262, 
      21.149080464061306, 
      21.137334558204568, 
      21.140124414440358, 
      21.16769534527237, 
      21.22805584267039, 
      21.30412075480272, 
      21.383717724747036, 
      21.46459037514352, 
      21.545800558915094, 
      21.626998817373586, 
      21.708058053554854
    ]
  }
}