{
  "gprime_SDSS_SDSS": {
    "bsplinemag": [
      22.52754234561446,
      22.32613655828913,
      22.155327426122376,
      22.013406743240658,
      21.898666303770433,
      21.80939790183815,
      21.743893331570266,
      21.700444387093242,
      21.67734286253353,
      21.672880552017585,
      21.68534924967186,
      21.713040749622817,
      21.754246845996903,
      21.80725933292059,
      21.87037000452031,
      21.94187065492254,
      22.020053078253724,
      22.103209068640318,
      22.18963042020878,
      22.277608927085573,
      22.36543638339714,
      22.45140458326994,
      22.53380532083043,
      22.61093039020507,
      22.681071585520304,
      22.742520700902606
    ],
    "dmag": [
      0.16699999570846558,
      0.0820000022649765,
      0.23600000143051147,
      0.23600000143051147,
      0.21299999952316284
    ],
    "goodstatus": true,
    "kernel": [
      5000.000000000004
    ],
    "mag": [
      22.524999618530273,
      21.698999404907227,
      21.621999740600586,
      22.312999725341797,
      22.78700065612793
    ],
    "mjd": [
      53644.2578125,
      53654.2890625,
      53656.23828125,
      53663.25,
      53670.24609375
    ],
    "modeldate": [
      53644.2578125,
      53645.2578125,
      53646.2578125,
      53647.2578125,
      53648.2578125,
      53649.2578125,
      53650.2578125,
      53651.2578125,
      53652.2578125,
      53653.2578125,
      53654.2578125,
      53655.2578125,
      53656.2578125,
      53657.2578125,
      53658.2578125,
      53659.2578125,
      53660.2578125,
      53661.2578125,
      53662.2578125,
      53663.2578125,
      53664.2578125,
      53665.2578125,
      53666.2578125,
      53667.2578125,
      53668.2578125,
      53669.2578125
    ],
    "modelerr": [
      0.16699647061393175,
      0.46244281724599434,
      0.7212900805782485,
      0.8482481125131255,
      0.8681574715019776,
      0.8074370878767623,
      0.6902507890132386,
      0.5381280290649086,
      0.3702608096587991,
      0.20540454862288396,
      0.08338322735274623,
      0.13393155049235098,
      0.23150299254886972,
      0.3027391002655419,
      0.3393972686711626,
      0.34130265608658517,
      0.3133046281800869,
      0.2674453294449977,
      0.22909498538619644,
      0.23582114072448562,
      0.2961134931680447,
      0.37721109210601494,
      0.44483359836776765,
      0.47141221955249335,
      0.4326436398515572,
      0.3136103929665918
    ],
    "modelmag": [
      22.525153934955597,
      22.572341918945312,
      22.55481058359146,
      22.488330841064453,
      22.387403905391693,
      22.26521772146225,
      22.133606016635895,
      22.003011882305145,
      21.882455825805664,
      21.77950757741928,
      21.700262308120728,
      21.649321019649506,
      21.629775941371918,
      21.643199622631073,
      21.689639031887054,
      21.767613768577576,
      21.874119102954865,
      22.00463366508484,
      22.15313094854355,
      22.312096178531647,
      22.4725461602211,
      22.62405574321747,
      22.75478619337082,
      22.851519465446472,
      22.89969539642334,
      22.883454084396362
    ]
  }
}