{
  "rprime_SDSS_SDSS": {
    "dmag": [
      0.24300000071525574, 
      0.26600000262260437, 
      0.1889999955892563, 
      0.2329999953508377, 
      0.1860000044107437
    ], 
    "goodstatus": true, 
    "kernel": [
      1.0000010000005, 
      499999.99999999971, 
      1.0000000001
    ], 
    "mag": [
      22.35300064086914, 
      21.9950008392334, 
      22.073999404907227, 
      22.5049991607666, 
      22.183000564575195
    ], 
    "mjd": [
      54393.21875, 
      54402.2265625, 
      54404.14453125, 
      54408.140625, 
      54411.09765625
    ], 
    "modeldate": [
      54393.21875, 
      54394.21875, 
      54395.21875, 
      54396.21875, 
      54397.21875, 
      54398.21875, 
      54399.21875, 
      54400.21875, 
      54401.21875, 
      54402.21875, 
      54403.21875, 
      54404.21875, 
      54405.21875, 
      54406.21875, 
      54407.21875, 
      54408.21875, 
      54409.21875, 
      54410.21875
    ], 
    "modelerr": [
      0.23727005071770976, 
      1.0834259144233473, 
      1.0834120567720902, 
      1.0833997229590722, 
      1.083388913184273, 
      1.0833796276229737, 
      1.0833718664257475, 
      1.083365629718457, 
      1.0833609176022478, 
      1.083357730153546, 
      1.0833560674240548, 
      1.0833559294407533, 
      1.0833573162058947, 
      1.0833602276970067, 
      1.0833646638668926, 
      1.0833706246436319, 
      1.0833781099305846, 
      1.083387119606393
    ], 
    "modelmag": [
      22.35328071580771, 
      22.31863484459254, 
      22.28003420551943, 
      22.242464838450264, 
      22.20623346313731, 
      22.171767575338194, 
      22.13980711507412, 
      22.111499377709663, 
      22.088963508341557, 
      22.076551072093793, 
      22.083916243415935, 
      22.131142899268387, 
      22.215582576146, 
      22.293459622396846, 
      22.34280317725082, 
      22.35621218192328, 
      22.33182178939435, 
      22.27071423565991
    ]
  }
}