{
  "B_Swift_Vega": {
    "bsplinemag": [
      17.163219870783323,
      17.16816281767404,
      17.17779713552504,
      17.191913369736774,
      17.210302065709694,
      17.232753768844265,
      17.259059024540935,
      17.289008378200165,
      17.322392375222403,
      17.35900156100811,
      17.39862648095774,
      17.441057680471747,
      17.48608570495059,
      17.53350109979472,
      17.583094410404588,
      17.634656182180656,
      17.687976960523386,
      17.742847290833218,
      17.799057718510618,
      17.856398788956035,
      17.91466104756993,
      17.973635039752754,
      18.033111310904964,
      18.092880406427017,
      18.152732871719365,
      18.212459252182462,
      18.271850093216774,
      18.33069594022274,
      18.388787338600824,
      18.445914833751484,
      18.50186897107517,
      18.55644029597234,
      18.609419353843446,
      18.66059669008895,
      18.709762850109303,
      18.75670837930496,
      18.801223823076374,
      18.843099726824008
    ],
    "dmag": [
      0.08699999749660492,
      0.09799999743700027,
      0.0949999988079071,
      0.13199999928474426,
      0.11400000005960464,
      0.12200000137090683,
      0.14900000393390656,
      0.17299999296665192,
      0.3160000145435333,
      0.34700000286102295
    ],
    "goodstatus": true,
    "kernel": [
      5000.000000000004
    ],
    "mag": [
      17.134000778198242,
      17.264999389648438,
      17.19300079345703,
      17.257999420166016,
      17.549999237060547,
      17.63800048828125,
      17.954999923706055,
      18.190000534057617,
      18.667999267578125,
      18.773000717163086
    ],
    "mjd": [
      56539.0703125,
      56541.70703125,
      56543.5078125,
      56547.48046875,
      56550.51953125,
      56555.6484375,
      56559.53125,
      56563.85546875,
      56568.09765625,
      56576.4375
    ],
    "modeldate": [
      56539.0703125,
      56540.0703125,
      56541.0703125,
      56542.0703125,
      56543.0703125,
      56544.0703125,
      56545.0703125,
      56546.0703125,
      56547.0703125,
      56548.0703125,
      56549.0703125,
      56550.0703125,
      56551.0703125,
      56552.0703125,
      56553.0703125,
      56554.0703125,
      56555.0703125,
      56556.0703125,
      56557.0703125,
      56558.0703125,
      56559.0703125,
      56560.0703125,
      56561.0703125,
      56562.0703125,
      56563.0703125,
      56564.0703125,
      56565.0703125,
      56566.0703125,
      56567.0703125,
      56568.0703125,
      56569.0703125,
      56570.0703125,
      56571.0703125,
      56572.0703125,
      56573.0703125,
      56574.0703125,
      56575.0703125,
      56576.0703125
    ],
    "modelerr": [
      0.08572082948682984,
      0.06382117991208791,
      0.06554982557237174,
      0.06876622788768037,
      0.06877316171455837,
      0.06763356310769512,
      0.06792552055577813,
      0.07065077049877314,
      0.07504296661499268,
      0.07955538700069328,
      0.08295034775617938,
      0.08460379767946064,
      0.08460097957251385,
      0.08354319532205565,
      0.08240243402237886,
      0.08226053800006748,
      0.08386790161113068,
      0.08732183573898439,
      0.09206141238272604,
      0.09713483849456504,
      0.10165166608699397,
      0.10512911895774658,
      0.10780958088779109,
      0.1109913869729437,
      0.1170877668054953,
      0.12905597661044976,
      0.1491121720378773,
      0.17760152358011605,
      0.21304847394946827,
      0.25278070841710126,
      0.2933656166113637,
      0.33071386747442655,
      0.36014970951389014,
      0.37661205931169295,
      0.37537682991204246,
      0.3545432986569604,
      0.32310054015029155,
      0.32275205949263636
    ],
    "modelmag": [
      17.149322509765625,
      17.16356658935547,
      17.18136978149414,
      17.202194213867188,
      17.225608825683594,
      17.25122833251953,
      17.278789520263672,
      17.308082580566406,
      17.339000701904297,
      17.37151336669922,
      17.405658721923828,
      17.441551208496094,
      17.47939682006836,
      17.51940155029297,
      17.561843872070312,
      17.607025146484375,
      17.65524673461914,
      17.706809997558594,
      17.761974334716797,
      17.82095718383789,
      17.88391876220703,
      17.950908660888672,
      18.021846771240234,
      18.096515655517578,
      18.174518585205078,
      18.255264282226562,
      18.33791732788086,
      18.421375274658203,
      18.504268646240234,
      18.584850311279297,
      18.66107177734375,
      18.730480194091797,
      18.79018783569336,
      18.83686065673828,
      18.866703033447266,
      18.87539291381836,
      18.85810089111328,
      18.809368133544922
    ]
  },
  "V_Swift_Vega": {
    "bsplinemag": [
      16.90123477948832,
      16.926318441214626,
      16.950087817718373,
      16.972612886710444,
      16.9939636259017,
      17.014210013003037,
      17.03342202572532,
      17.051669641779434,
      17.069022838876265,
      17.085551594726667,
      17.101325887041543,
      17.116415693531764,
      17.1308909919082,
      17.144821759881733,
      17.158277975163248,
      17.171329615463613,
      17.184046658493717,
      17.196499081964426,
      17.208756863586625,
      17.22088998107119,
      17.232968412129008,
      17.245062134470945,
      17.257241125807884,
      17.269575363850702,
      17.282134826310283,
      17.294989490897493,
      17.30820933532322,
      17.32186433729834,
      17.33602447453373,
      17.350759724740264,
      17.366140065628834,
      17.382235474910303,
      17.399115930295558,
      17.416851409495475,
      17.435511890220926,
      17.455167350182794,
      17.47588776709196,
      17.4977431186593,
      17.520803382595695,
      17.545138536612015,
      17.570818558419145,
      17.597913425727963,
      17.626493116249343,
      17.656627607694162,
      17.688386877773308,
      17.72184090419765
    ],
    "dmag": [
      0.1469999998807907,
      0.13300000131130219,
      0.13099999725818634,
      0.20900000631809235,
      0.164000004529953,
      0.1860000044107437,
      0.19200000166893005,
      0.2070000022649765,
      0.23800000548362732,
      0.3109999895095825,
      0.28299999237060547,
      0.35199999809265137
    ],
    "goodstatus": true,
    "kernel": [
      5000.000000000004
    ],
    "mag": [
      17.035999298095703,
      16.905000686645508,
      16.8799991607666,
      17.275999069213867,
      17.190000534057617,
      17.35099983215332,
      17.413999557495117,
      17.104000091552734,
      17.347000122070312,
      17.67300033569336,
      17.57900047302246,
      17.85300064086914
    ],
    "mjd": [
      56538.984375,
      56541.71484375,
      56543.515625,
      56550.5234375,
      56555.65234375,
      56559.53515625,
      56563.86328125,
      56568.1015625,
      56572.234375,
      56576.44140625,
      56581.72265625,
      56584.44921875
    ],
    "modeldate": [
      56538.984375,
      56539.984375,
      56540.984375,
      56541.984375,
      56542.984375,
      56543.984375,
      56544.984375,
      56545.984375,
      56546.984375,
      56547.984375,
      56548.984375,
      56549.984375,
      56550.984375,
      56551.984375,
      56552.984375,
      56553.984375,
      56554.984375,
      56555.984375,
      56556.984375,
      56557.984375,
      56558.984375,
      56559.984375,
      56560.984375,
      56561.984375,
      56562.984375,
      56563.984375,
      56564.984375,
      56565.984375,
      56566.984375,
      56567.984375,
      56568.984375,
      56569.984375,
      56570.984375,
      56571.984375,
      56572.984375,
      56573.984375,
      56574.984375,
      56575.984375,
      56576.984375,
      56577.984375,
      56578.984375,
      56579.984375,
      56580.984375,
      56581.984375,
      56582.984375,
      56583.984375
    ],