{
  "w_Pan-STARRS1": {
    "dmag": [
      0.022899499163031578, 
      0.019394200295209885, 
      0.02208459936082363, 
      0.036619000136852264, 
      0.010375900194048882, 
      0.011483600363135338, 
      0.008887870237231255, 
      0.010160500183701515, 
      0.022724799811840057, 
      0.02715660072863102, 
      0.01731950044631958, 
      0.025335900485515594, 
      0.038993000984191895, 
      0.019985299557447433, 
      0.0299942996352911, 
      0.02406330034136772, 
      0.019749699160456657, 
      0.0684593990445137, 
      0.07118680328130722, 
      0.08486539870500565, 
      0.08263149857521057, 
      0.04405369982123375, 
      0.05200690031051636, 
      0.04793519899249077, 
      0.04480680078268051
    ], 
    "goodstatus": true, 
    "kernel": [
      1.0000010000005, 
      500000.00000000058, 
      1.0000000001
    ], 
    "mag": [
      17.850000381469727, 
      17.82069969177246, 
      17.765100479125977, 
      17.788400650024414, 
      17.812700271606445, 
      17.809200286865234, 
      17.809099197387695, 
      17.814699172973633, 
      18.33009910583496, 
      18.460899353027344, 
      18.29360008239746, 
      18.438499450683594, 
      18.539499282836914, 
      18.682300567626953, 
      18.374300003051758, 
      18.732500076293945, 
      18.146799087524414, 
      20.058900833129883, 
      20.054100036621094, 
      20.037599563598633, 
      20.0762996673584, 
      20.01099967956543, 
      20.097299575805664, 
      20.051700592041016, 
      20.027700424194336
    ], 
    "mjd": [
      57075.453125, 
      57075.46484375, 
      57075.4765625, 
      57075.48828125, 
      57076.46484375, 
      57076.4765625, 
      57076.48828125, 
      57076.5, 
      57077.44921875, 
      57077.46484375, 
      57077.4765625, 
      57078.46875, 
      57078.49609375, 
      57104.4296875, 
      57104.4453125, 
      57104.45703125, 
      57104.47265625, 
      57159.26171875, 
      57159.2734375, 
      57159.28515625, 
      57159.296875, 
      57160.28515625, 
      57160.296875, 
      57160.30859375, 
      57160.3203125
    ], 
    "modeldate": [
      57075.453125, 
      57076.453125, 
      57077.453125, 
      57078.453125, 
      57079.453125, 
      57080.453125, 
      57081.453125, 
      57082.453125, 
      57083.453125, 
      57084.453125, 
      57085.453125, 
      57086.453125, 
      57087.453125, 
      57088.453125, 
      57089.453125, 
      57090.453125, 
      57091.453125, 
      57092.453125, 
      57093.453125, 
      57094.453125, 
      57095.453125, 
      57096.453125, 
      57097.453125, 
      57098.453125, 
      57099.453125, 
      57100.453125, 
      57101.453125, 
      57102.453125, 
      57103.453125, 
      57104.453125, 
      57105.453125, 
      57106.453125, 
      57107.453125, 
      57108.453125, 
      57109.453125, 
      57110.453125, 
      57111.453125, 
      57112.453125, 
      57113.453125, 
      57114.453125, 
      57115.453125, 
      57116.453125, 
      57117.453125, 
      57118.453125, 
      57119.453125, 
      57120.453125, 
      57121.453125, 
      57122.453125, 
      57123.453125, 
      57124.453125, 
      57125.453125, 
      57126.453125, 
      57127.453125, 
      57128.453125, 
      57129.453125, 
      57130.453125, 
      57131.453125, 
      57132.453125, 
      57133.453125, 
      57134.453125, 
      57135.453125, 
      57136.453125, 
      57137.453125, 
      57138.453125, 
      57139.453125, 
      57140.453125, 
      57141.453125, 
      57142.453125, 
      57143.453125, 
      57144.453125, 
      57145.453125, 
      57146.453125, 
      57147.453125, 
      57148.453125, 
      57149.453125, 
      57150.453125, 
      57151.453125, 
      57152.453125, 
      57153.453125, 
      57154.453125, 
      57155.453125, 
      57156.453125, 
      57157.453125, 
      57158.453125, 
      57159.453125
    ], 
    "modelerr": [
      0.02289374026371535, 
      1.0199827075177406, 
      1.0199289861224503, 
      1.0198770087317657, 
      1.0198267761730746, 
      1.0197782892455995, 
      1.0197315487203666, 
      1.0196865553401773, 
      1.0196433098195792, 
      1.0196018128448399, 
      1.0195620650739212, 
      1.0195240671364532, 
      1.0194878196337118, 
      1.0194533231385947, 
      1.0194205781956007, 
      1.019389585320809, 
      1.0193603450018593, 
      1.019332857697934, 
      1.01930712383974, 
      1.0192831438294936, 
      1.019260918040905, 
      1.0192404468191634, 
      1.0192217304809252, 
      1.019204769314302, 
      1.0191895635788493, 
      1.0191761135055573, 
      1.0191644192968417, 
      1.019154481126537, 
      1.0191462991398905, 
      1.0191398734535555, 
      1.0191352041555886, 
      1.019132291305445, 
      1.019131134933979, 
      1.019131735043441, 
      1.0191340916074785, 
      1.0191382045711368, 
      1.019144073850863, 
      1.0191516993345076, 
      1.0191610808813303, 
      1.0191722183220058, 
      1.0191851114586297, 
      1.0191997600647273, 
      1.0192161638852617, 
      1.0192343226366454, 
      1.0192542360067498, 
      1.0192759036549184, 
      1.0192993252119797, 
      1.0193245002802633, 
      1.0193514284336127, 
      1.0193801092174037, 
      1.0194105421485626, 
      1.019442726715584, 
      1.01947666237855, 
      1.0195123485691544, 
      1.01954978469072, 
      1.0195889701182261, 
      1.0196299041983303, 
      1.0196725862493952, 
      1.019717015561513, 
      1.0197631913965346, 
      1.0198111129880976, 
      1.0198607795416557, 
      1.0199121902345096, 
      1.0199653442158387, 
      1.0200202406067338, 
      1.0200768785002303, 
      1.0201352569613447, 
      1.020195375027109, 
      1.0202572317066088, 
      1.0203208259810197, 
      1.0203861568036485, 
      1.0204532230999719, 
      1.020522023767678, 
      1.0205925576767088, 
      1.0206648236693026, 
      1.0207388205600394, 
      1.020814547135885, 
      1.0208920021562378, 
      1.020971184352977, 
      1.0210520924305089, 
      1.0211347250658176, 
      1.0212190809085153, 
      1.0213051585808934, 
      1.0213929566779743, 
      1.0214824737675658
    ],