{
  "G_GAIA": {
    "dmag": [
      0.0, 
      0.0, 
      0.0, 
      0.0, 
      0.0, 
      0.0, 
      0.0, 
      0.0, 
      0.0, 
      0.0, 
      0.0, 
      0.0, 
      0.0, 
      0.0, 
      0.0, 
      0.0, 
      0.0, 
      0.0, 
      0.0, 
      0.0, 
      0.0, 
      0.0, 
      0.0
    ], 
    "goodstatus": true, 
    "kernel": [
      1.0000010000005, 
      499999.99999999971, 
      1.0000000001
    ], 
    "mag": [
      17.719999313354492, 
      17.709999084472656, 
      17.700000762939453, 
      17.649999618530273, 
      17.700000762939453, 
      17.760000228881836, 
      17.719999313354492, 
      17.8799991607666, 
      17.920000076293945, 
      17.860000610351562, 
      17.889999389648438, 
      17.8700008392334, 
      17.899999618530273, 
      18.459999084472656, 
      18.43000030517578, 
      18.770000457763672, 
      18.729999542236328, 
      19.149999618530273, 
      19.309999465942383, 
      19.290000915527344, 
      19.209999084472656, 
      19.389999389648438, 
      19.360000610351562
    ], 
    "mjd": [
      57323.32421875, 
      57323.57421875, 
      57323.6484375, 
      57323.82421875, 
      57323.8984375, 
      57324.07421875, 
      57324.1484375, 
      57336.15625, 
      57336.33203125, 
      57336.40625, 
      57336.58203125, 
      57336.65625, 
      57336.83203125, 
      57384.06640625, 
      57384.140625, 
      57413.625, 
      57413.80078125, 
      57438.29296875, 
      57479.8125, 
      57479.98828125, 
      57480.0625, 
      57488.9921875, 
      57489.06640625
    ], 
    "modeldate": [
      57323.32421875, 
      57324.32421875, 
      57325.32421875, 
      57326.32421875, 
      57327.32421875, 
      57328.32421875, 
      57329.32421875, 
      57330.32421875, 
      57331.32421875, 
      57332.32421875, 
      57333.32421875, 
      57334.32421875, 
      57335.32421875, 
      57336.32421875, 
      57337.32421875, 
      57338.32421875, 
      57339.32421875, 
      57340.32421875, 
      57341.32421875, 
      57342.32421875, 
      57343.32421875, 
      57344.32421875, 
      57345.32421875, 
      57346.32421875, 
      57347.32421875, 
      57348.32421875, 
      57349.32421875, 
      57350.32421875, 
      57351.32421875, 
      57352.32421875, 
      57353.32421875, 
      57354.32421875, 
      57355.32421875, 
      57356.32421875, 
      57357.32421875, 
      57358.32421875, 
      57359.32421875, 
      57360.32421875, 
      57361.32421875, 
      57362.32421875, 
      57363.32421875, 
      57364.32421875, 
      57365.32421875, 
      57366.32421875, 
      57367.32421875, 
      57368.32421875, 
      57369.32421875, 
      57370.32421875, 
      57371.32421875, 
      57372.32421875, 
      57373.32421875, 
      57374.32421875, 
      57375.32421875, 
      57376.32421875, 
      57377.32421875, 
      57378.32421875, 
      57379.32421875, 
      57380.32421875, 
      57381.32421875, 
      57382.32421875, 
      57383.32421875, 
      57384.32421875, 
      57385.32421875, 
      57386.32421875, 
      57387.32421875, 
      57388.32421875, 
      57389.32421875, 
      57390.32421875, 
      57391.32421875, 
      57392.32421875, 
      57393.32421875, 
      57394.32421875, 
      57395.32421875, 
      57396.32421875, 
      57397.32421875, 
      57398.32421875, 
      57399.32421875, 
      57400.32421875, 
      57401.32421875, 
      57402.32421875, 
      57403.32421875, 
      57404.32421875, 
      57405.32421875, 
      57406.32421875, 
      57407.32421875, 
      57408.32421875, 
      57409.32421875, 
      57410.32421875, 
      57411.32421875, 
      57412.32421875, 
      57413.32421875, 
      57414.32421875, 
      57415.32421875, 
      57416.32421875, 
      57417.32421875, 
      57418.32421875, 
      57419.32421875, 
      57420.32421875, 
      57421.32421875, 
      57422.32421875, 
      57423.32421875, 
      57424.32421875, 
      57425.32421875, 
      57426.32421875, 
      57427.32421875, 
      57428.32421875, 
      57429.32421875, 
      57430.32421875, 
      57431.32421875, 
      57432.32421875, 
      57433.32421875, 
      57434.32421875, 
      57435.32421875, 
      57436.32421875, 
      57437.32421875, 
      57438.32421875, 
      57439.32421875, 
      57440.32421875, 
      57441.32421875, 
      57442.32421875, 
      57443.32421875, 
      57444.32421875, 
      57445.32421875, 
      57446.32421875, 
      57447.32421875, 
      57448.32421875, 
      57449.32421875, 
      57450.32421875, 
      57451.32421875, 
      57452.32421875, 
      57453.32421875, 
      57454.32421875, 
      57455.32421875, 
      57456.32421875, 
      57457.32421875, 
      57458.32421875, 
      57459.32421875, 
      57460.32421875, 
      57461.32421875, 
      57462.32421875, 
      57463.32421875, 
      57464.32421875, 
      57465.32421875, 
      57466.32421875, 
      57467.32421875, 
      57468.32421875, 
      57469.32421875, 
      57470.32421875, 
      57471.32421875, 
      57472.32421875, 
      57473.32421875, 
      57474.32421875, 
      57475.32421875, 
      57476.32421875, 
      57477.32421875, 
      57478.32421875, 
      57479.32421875, 
      57480.32421875, 
      57481.32421875, 
      57482.32421875, 
      57483.32421875, 
      57484.32421875, 
      57485.32421875, 
      57486.32421875, 
      57487.32421875, 
      57488.32421875
    ],