{
  "w_Pan-STARRS1": {
    "bsplinemag": [
      16.756898822616158,
      16.815768196602995,
      16.87329232953934,
      16.92950296355942,
      16.984431840797438,
      17.038110703387627,
      17.090571293464194,
      17.141845353161358,
      17.191964624613348,
      17.24096084995437,
      17.288865771318644,
      17.335711130840387,
      17.38152867065382,
      17.426350132893166,
      17.470207259692625,
      17.51313179318643,
      17.555155475508798,
      17.596310048793942,
      17.636627255176077,
      17.676138836789427,
      17.71487653576821,
      17.752872094246634,
      17.790157254358924,
      17.826763758239302,
      17.86272334802198,
      17.89806776584118,
      17.932828753831107,
      17.967038054125997,
      18.000727408860058,
      18.033928560167507,
      18.06667325018256,
      18.098993221039443,
      18.130920214872365,
      18.16248597381555,
      18.193722240003215,
      18.22466075556957,
      18.25533326264884,
      18.285771503375248,
      18.316007219882998,
      18.34607215430632,
      18.375998048779422,
      18.405816645436524,
      18.435559686411853,
      18.465258913839612,
      18.494946069854034,
      18.524652896589323,
      18.55441113617971,
      18.5842525307594,
      18.614208822462615,
      18.644311753423572,
      18.6745930657765,
      18.705084501655598,
      18.735817803195097,
      18.76682471252921,
      18.798136971792154,
      18.829786323118153,
      18.86180450864142,
      18.894223270496166,
      18.927074350816614
    ],
    "dmag": [
      0.004053070209920406,
      0.0038027800619602203,
      0.004076189827173948,
      0.0036631899420171976,
      0.01914520002901554,
      0.018597399815917015,
      0.018181299790740013,
      0.017524799332022667,
      0.03191769868135452,
      0.019145799800753593,
      0.018836399540305138,
      0.020020300522446632
    ],
    "goodstatus": false,
    "kernel": [
      5000.000000000004
    ],
    "mag": [
      16.759300231933594,
      16.754499435424805,
      16.75819969177246,
      16.760400772094727,
      18.644100189208984,
      18.667999267578125,
      18.66670036315918,
      18.685199737548828,
      18.95159912109375,
      18.950700759887695,
      18.957599639892578,
      18.9468994140625
    ],
    "mjd": [
      57401.51171875,
      57401.5234375,
      57401.5390625,
      57401.55078125,
      57451.23828125,
      57451.25,
      57451.26171875,
      57451.27734375,
      57460.23828125,
      57460.25,
      57460.26171875,
      57460.2734375
    ],
    "modeldate": [
      57401.51171875,
      57402.51171875,
      57403.51171875,
      57404.51171875,
      57405.51171875,
      57406.51171875,
      57407.51171875,
      57408.51171875,
      57409.51171875,
      57410.51171875,
      57411.51171875,
      57412.51171875,
      57413.51171875,
      57414.51171875,
      57415.51171875,
      57416.51171875,
      57417.51171875,
      57418.51171875,
      57419.51171875,
      57420.51171875,
      57421.51171875,
      57422.51171875,
      57423.51171875,
      57424.51171875,
      57425.51171875,
      57426.51171875,
      57427.51171875,
      57428.51171875,
      57429.51171875,
      57430.51171875,
      57431.51171875,
      57432.51171875,
      57433.51171875,
      57434.51171875,
      57435.51171875,
      57436.51171875,
      57437.51171875,
      57438.51171875,
      57439.51171875,
      57440.51171875,
      57441.51171875,
      57442.51171875,
      57443.51171875,
      57444.51171875,
      57445.51171875,
      57446.51171875,
      57447.51171875,
      57448.51171875,
      57449.51171875,
      57450.51171875,
      57451.51171875,
      57452.51171875,
      57453.51171875,
      57454.51171875,
      57455.51171875,
      57456.51171875,
      57457.51171875,
      57458.51171875,
      57459.51171875
    ],
    "modelerr": [
      0.003238891396831445,
      0.36070602062204105,
      1.3394037975752437,
      2.8525236835215355,
      4.802870938910274,
      7.099313377706008,
      9.657023525427828,
      12.397625055838175,
      15.248960662820076,
      18.145236550410893,
      21.026811922176783,
      23.8402117182464,
      26.53793226546756,
      29.078388981591992,
      31.42568762215844,
      33.54954857870747,
      35.425079483449174,
      37.03261929326385,
      38.35741878579242,
      39.38960735696731,
      40.123741926393684,
      40.5587246200271,
      40.69745265220026,
      40.54653964041791,
      40.11609953210137,
      39.4193463083372,
      38.47234779472071,
      37.29368962531863,
      35.90422376421781,
      34.3266246330605,
      32.58514049198289,
      30.705228148201197,
      28.71319369423489,
      26.63588243260512,
      24.500305572861837,
      22.333298849202574,
      20.161200443301286,
      18.009473506427074,
      15.90238797831259,
      13.8626081271551,
      11.91102596421751,
      10.066207913394013,
      8.344218694545704,
      6.7583457074912445,
      5.3186266408526555,
      4.031809095306182,
      2.900994584108417,
      1.9255570286953478,
      1.1013222290322866,
      0.4206100148313352,
      0.1274273744071148,
      0.5535752872033712,
      0.8705092038320438,
      1.0871682636678701,
      1.207156474213208,
      1.2258872341923668,
      1.1281659824186858,
      0.8871657803340108,
      0.4642689460828443
    ],
    "modelmag": [
      16.756736755371094,
      16.621299743652344,
      16.111412048339844,
      15.278709411621094,
      14.173362731933594,
      12.842308044433594,
      11.331077575683594,
      9.681785583496094,
      7.934471130371094,
      6.126609802246094,
      4.293174743652344,
      2.4657821655273438,
      0.6740951538085938,
      -1.0548477172851562,
      -2.6971206665039062,
      -4.231910705566406,
      -5.640235900878906,
      -6.905677795410156,
      -8.015235900878906,
      -8.957618713378906,
      -9.724647521972656,
      -10.310401916503906,
      -10.710670471191406,
      -10.924354553222656,
      -10.952247619628906,
      -10.796791076660156,
      -10.462745666503906,
      -9.956642150878906,
      -9.286476135253906,
      -8.462074279785156,
      -7.494361877441406,
      -6.395790100097656,
      -5.180030822753906,
      -3.8614273071289062,
      -2.4553604125976562,
      -0.9773941040039062,
      0.5556259155273438,
      2.1270370483398438,
      3.7199935913085938,
      5.317283630371094,
      6.902610778808594,
      8.459129333496094,
      9.970970153808594,
      11.422935485839844,
      12.800254821777344,
      14.089683532714844,
      15.278648376464844,
      16.35619354248047,
      17.312034606933594,
      18.13854217529297,
      18.82884979248047,
      19.378501892089844,
      19.784385681152344,
      20.045799255371094,
      20.164146423339844,
      20.143028259277344,
      19.98821258544922,
      19.70818328857422,
      19.313499450683594
    ]
  }
}