{
  "i_Pan-STARRS1": {
    "dmag": [
      0.06852500140666962, 
      0.07575029879808426, 
      0.13881899416446686, 
      0.13088500499725342, 
      0.09196530282497406, 
      0.08146979659795761, 
      0.08376260101795197, 
      0.1058029979467392
    ], 
    "goodstatus": true, 
    "kernel": [
      1.0000010000005, 
      499999.99999999971, 
      1.0000000001
    ], 
    "mag": [
      19.586200714111328, 
      19.55340003967285, 
      19.800800323486328, 
      19.73349952697754, 
      19.709999084472656, 
      19.714099884033203, 
      19.60810089111328, 
      19.696199417114258
    ], 
    "mjd": [
      57505.3828125, 
      57505.390625, 
      57523.3203125, 
      57523.32421875, 
      57523.328125, 
      57523.33203125, 
      57523.33984375, 
      57523.3515625
    ], 
    "modeldate": [
      57505.3828125, 
      57506.3828125, 
      57507.3828125, 
      57508.3828125, 
      57509.3828125, 
      57510.3828125, 
      57511.3828125, 
      57512.3828125, 
      57513.3828125, 
      57514.3828125, 
      57515.3828125, 
      57516.3828125, 
      57517.3828125, 
      57518.3828125, 
      57519.3828125, 
      57520.3828125, 
      57521.3828125, 
      57522.3828125
    ], 
    "modelerr": [
      0.06838263945955159, 
      1.054695947002372, 
      1.0546758680668582, 
      1.0546574691609534, 
      1.0546407505931779, 
      1.0546257126439047, 
      1.054612355565351, 
      1.0546006795815657, 
      1.0545906848884234, 
      1.054582371653616, 
      1.0545757400166453, 
      1.05457079008882, 
      1.0545675219532487, 
      1.0545659356648387, 
      1.0545660312502931, 
      1.05456780870811, 
      1.0545712680085826, 
      1.0545764090938001
    ], 
    "modelmag": [
      19.586194047593406, 
      19.582238236849797, 
      19.59075423733089, 
      19.6009902423863, 
      19.612086278716223, 
      19.6236880528145, 
      19.6356303866106, 
      19.647812822840084, 
      19.660123252289075, 
      19.67249399021888, 
      19.684859832410897, 
      19.69714974564387, 
      19.709277073453634, 
      19.721083592472873, 
      19.732310075366243, 
      19.742624452052052, 
      19.75144053271785, 
      19.757210102612365
    ]
  }
}