{
  "w_Pan-STARRS1": {
    "dmag": [
      0.011269699782133102, 
      0.01270109973847866, 
      0.011184300296008587, 
      0.009682039730250835, 
      0.014982400462031364, 
      0.013457399792969227, 
      0.009588629938662052, 
      0.01173620019108057, 
      0.033154599368572235, 
      0.03153270110487938, 
      0.027492700144648552, 
      0.029400799423456192, 
      0.03396480157971382, 
      0.0310542993247509, 
      0.04678250104188919, 
      0.043011900037527084, 
      0.02902819961309433, 
      0.02683440037071705, 
      0.027354199439287186, 
      0.02516530081629753, 
      0.02970159985125065, 
      0.02737089991569519, 
      0.026843400672078133, 
      0.02478180080652237
    ], 
    "goodstatus": true, 
    "kernel": [
      1.0000010000005, 
      499999.99999999971, 
      1.0000000001
    ], 
    "mag": [
      17.128299713134766, 
      17.140399932861328, 
      17.072200775146484, 
      17.082599639892578, 
      17.097900390625, 
      17.108600616455078, 
      17.069000244140625, 
      17.07069969177246, 
      19.477100372314453, 
      19.524099349975586, 
      19.527000427246094, 
      19.47330093383789, 
      19.45479965209961, 
      19.505399703979492, 
      19.493999481201172, 
      19.52589988708496, 
      19.707399368286133, 
      19.767799377441406, 
      19.657699584960938, 
      19.72800064086914, 
      19.72260093688965, 
      19.755399703979492, 
      19.695600509643555, 
      19.755300521850586
    ], 
    "mjd": [
      57005.23046875, 
      57005.23046875, 
      57005.23828125, 
      57005.23828125, 
      57005.25, 
      57005.25, 
      57005.26171875, 
      57005.26171875, 
      57197.5625, 
      57197.5625, 
      57197.57421875, 
      57197.57421875, 
      57197.5859375, 
      57197.5859375, 
      57197.59765625, 
      57197.59765625, 
      57228.46875, 
      57228.46875, 
      57228.48046875, 
      57228.48046875, 
      57228.4921875, 
      57228.4921875, 
      57228.50390625, 
      57228.50390625
    ], 
    "modeldate": [
      57005.23046875, 
      57006.23046875, 
      57007.23046875, 
      57008.23046875, 
      57009.23046875, 
      57010.23046875, 
      57011.23046875, 
      57012.23046875, 
      57013.23046875, 
      57014.23046875, 
      57015.23046875, 
      57016.23046875, 
      57017.23046875, 
      57018.23046875, 
      57019.23046875, 
      57020.23046875, 
      57021.23046875, 
      57022.23046875, 
      57023.23046875, 
      57024.23046875, 
      57025.23046875, 
      57026.23046875, 
      57027.23046875, 
      57028.23046875, 
      57029.23046875, 
      57030.23046875, 
      57031.23046875, 
      57032.23046875, 
      57033.23046875, 
      57034.23046875, 
      57035.23046875, 
      57036.23046875, 
      57037.23046875, 
      57038.23046875, 
      57039.23046875, 
      57040.23046875, 
      57041.23046875, 
      57042.23046875, 
      57043.23046875, 
      57044.23046875, 
      57045.23046875, 
      57046.23046875, 
      57047.23046875, 
      57048.23046875, 
      57049.23046875, 
      57050.23046875, 
      57051.23046875, 
      57052.23046875, 
      57053.23046875, 
      57054.23046875, 
      57055.23046875, 
      57056.23046875, 
      57057.23046875, 
      57058.23046875, 
      57059.23046875, 
      57060.23046875, 
      57061.23046875, 
      57062.23046875, 
      57063.23046875, 
      57064.23046875, 
      57065.23046875, 
      57066.23046875, 
      57067.23046875, 
      57068.23046875, 
      57069.23046875, 
      57070.23046875, 
      57071.23046875, 
      57072.23046875, 
      57073.23046875, 
      57074.23046875, 
      57075.23046875, 
      57076.23046875, 
      57077.23046875, 
      57078.23046875, 
      57079.23046875, 
      57080.23046875, 
      57081.23046875, 
      57082.23046875, 
      57083.23046875, 
      57084.23046875, 
      57085.23046875, 
      57086.23046875, 
      57087.23046875, 
      57088.23046875, 
      57089.23046875, 
      57090.23046875, 
      57091.23046875, 
      57092.23046875, 
      57093.23046875, 
      57094.23046875, 
      57095.23046875, 
      57096.23046875, 
      57097.23046875, 
      57098.23046875, 
      57099.23046875, 
      57100.23046875, 
      57101.23046875, 
      57102.23046875, 
      57103.23046875, 
      57104.23046875, 
      57105.23046875, 
      57106.23046875, 
      57107.23046875, 
      57108.23046875, 
      57109.23046875, 
      57110.23046875, 
      57111.23046875, 
      57112.23046875, 
      57113.23046875, 
      57114.23046875, 
      57115.23046875, 
      57116.23046875, 
      57117.23046875, 
      57118.23046875, 
      57119.23046875, 
      57120.23046875, 
      57121.23046875, 
      57122.23046875, 
      57123.23046875, 
      57124.23046875, 
      57125.23046875, 
      57126.23046875, 
      57127.23046875, 
      57128.23046875, 
      57129.23046875, 
      57130.23046875, 
      57131.23046875, 
      57132.23046875, 
      57133.23046875, 
      57134.23046875, 
      57135.23046875, 
      57136.23046875, 
      57137.23046875, 
      57138.23046875, 
      57139.23046875, 
      57140.23046875, 
      57141.23046875, 
      57142.23046875, 
      57143.23046875, 
      57144.23046875, 
      57145.23046875, 
      57146.23046875, 
      57147.23046875, 
      57148.23046875, 
      57149.23046875, 
      57150.23046875, 
      57151.23046875, 
      57152.23046875, 
      57153.23046875, 
      57154.23046875, 
      57155.23046875, 
      57156.23046875, 
      57157.23046875, 
      57158.23046875, 
      57159.23046875, 
      57160.23046875, 
      57161.23046875, 
      57162.23046875, 
      57163.23046875, 
      57164.23046875, 
      57165.23046875, 
      57166.23046875, 
      57167.23046875, 
      57168.23046875, 
      57169.23046875, 
      57170.23046875, 
      57171.23046875, 
      57172.23046875, 
      57173.23046875, 
      57174.23046875, 
      57175.23046875, 
      57176.23046875, 
      57177.23046875, 
      57178.23046875, 
      57179.23046875, 
      57180.23046875, 
      57181.23046875, 
      57182.23046875, 
      57183.23046875, 
      57184.23046875, 
      57185.23046875, 
      57186.23046875, 
      57187.23046875, 
      57188.23046875, 
      57189.23046875, 
      57190.23046875, 
      57191.23046875, 
      57192.23046875, 
      57193.23046875, 
      57194.23046875, 
      57195.23046875, 
      57196.23046875, 
      57197.23046875, 
      57198.23046875, 
      57199.23046875, 
      57200.23046875, 
      57201.23046875, 
      57202.23046875, 
      57203.23046875, 
      57204.23046875, 
      57205.23046875, 
      57206.23046875, 
      57207.23046875, 
      57208.23046875, 
      57209.23046875, 
      57210.23046875, 
      57211.23046875, 
      57212.23046875, 
      57213.23046875, 
      57214.23046875, 
      57215.23046875, 
      57216.23046875, 
      57217.23046875, 
      57218.23046875, 
      57219.23046875, 
      57220.23046875, 
      57221.23046875, 
      57222.23046875, 
      57223.23046875, 
      57224.23046875, 
      57225.23046875, 
      57226.23046875, 
      57227.23046875, 
      57228.23046875
    ],