{
  "g_Pan-STARRS1": {
    "dmag": [
      0.015593400225043297, 
      0.02367190085351467, 
      0.039320699870586395, 
      0.02821199968457222, 
      0.16599899530410767, 
      0.19819800555706024
    ], 
    "goodstatus": true, 
    "kernel": [
      1.0000010000005, 
      499999.99999999884, 
      1.0000000001
    ], 
    "mag": [
      17.349599838256836, 
      17.34749984741211, 
      17.68899917602539, 
      17.68899917602539, 
      20.502500534057617, 
      20.308300018310547
    ], 
    "mjd": [
      56539.44921875, 
      56539.4609375, 
      56543.51171875, 
      56543.5234375, 
      56631.2890625, 
      56631.30078125
    ], 
    "modeldate": [
      56539.44921875, 
      56540.44921875, 
      56541.44921875, 
      56542.44921875, 
      56543.44921875, 
      56544.44921875, 
      56545.44921875, 
      56546.44921875, 
      56547.44921875, 
      56548.44921875, 
      56549.44921875, 
      56550.44921875, 
      56551.44921875, 
      56552.44921875, 
      56553.44921875, 
      56554.44921875, 
      56555.44921875, 
      56556.44921875, 
      56557.44921875, 
      56558.44921875, 
      56559.44921875, 
      56560.44921875, 
      56561.44921875, 
      56562.44921875, 
      56563.44921875, 
      56564.44921875, 
      56565.44921875, 
      56566.44921875, 
      56567.44921875, 
      56568.44921875, 
      56569.44921875, 
      56570.44921875, 
      56571.44921875, 
      56572.44921875, 
      56573.44921875, 
      56574.44921875, 
      56575.44921875, 
      56576.44921875, 
      56577.44921875, 
      56578.44921875, 
      56579.44921875, 
      56580.44921875, 
      56581.44921875, 
      56582.44921875, 
      56583.44921875, 
      56584.44921875, 
      56585.44921875, 
      56586.44921875, 
      56587.44921875, 
      56588.44921875, 
      56589.44921875, 
      56590.44921875, 
      56591.44921875, 
      56592.44921875, 
      56593.44921875, 
      56594.44921875, 
      56595.44921875, 
      56596.44921875, 
      56597.44921875, 
      56598.44921875, 
      56599.44921875, 
      56600.44921875, 
      56601.44921875, 
      56602.44921875, 
      56603.44921875, 
      56604.44921875, 
      56605.44921875, 
      56606.44921875, 
      56607.44921875, 
      56608.44921875, 
      56609.44921875, 
      56610.44921875, 
      56611.44921875, 
      56612.44921875, 
      56613.44921875, 
      56614.44921875, 
      56615.44921875, 
      56616.44921875, 
      56617.44921875, 
      56618.44921875, 
      56619.44921875, 
      56620.44921875, 
      56621.44921875, 
      56622.44921875, 
      56623.44921875, 
      56624.44921875, 
      56625.44921875, 
      56626.44921875, 
      56627.44921875, 
      56628.44921875, 
      56629.44921875, 
      56630.44921875
    ], 
    "modelerr": [
      0.015591782054987659, 
      1.0706142890321844, 
      1.070568178596493, 
      1.0705236125807098, 
      1.0704805916894626, 
      1.070439116602812, 
      1.0703991879762285, 
      1.0703608064405674, 
      1.0703239726020477, 
      1.0702886870422306, 
      1.070254950317997, 
      1.0702227629615308, 
      1.070192125480297, 
      1.070163038357025, 
      1.0701355020496914, 
      1.0701095169915038, 
      1.0700850835908848, 
      1.0700622022314585, 
      1.0700408732720357, 
      1.0700210970466015, 
      1.070002873864305, 
      1.069986204009445, 
      1.069971087741464, 
      1.0699575252949354, 
      1.0699455168795575, 
      1.0699350626801456, 
      1.0699261628566248, 
      1.0699188175440248, 
      1.0699130268524764, 
      1.0699087908672047, 
      1.0699061096485296, 
      1.0699049832318615, 
      1.0699054116277014, 
      1.0699073948216393, 
      1.0699109327743563, 
      1.0699160254216256, 
      1.0699226726743145, 
      1.0699308744183884, 
      1.069940630514915, 
      1.0699519408000686, 
      1.0699648050851371, 
      1.069979223156529, 
      1.0699951947757795, 
      1.0700127196795621, 
      1.070031797579695, 
      1.0700524281631543, 
      1.0700746110920836, 
      1.0700983460038072, 
      1.0701236325108425, 
      1.0701504702009155, 
      1.0701788586369736, 
      1.0702087973572028, 
      1.0702402858750444, 
      1.0702733236792121, 
      1.0703079102337116, 
      1.0703440449778572, 
      1.070381727326295, 
      1.070420956669023, 
      1.0704617323714125, 
      1.070504053774231, 
      1.0705479201936672, 
      1.0705933309213538, 
      1.0706402852243944, 
      1.070688782345389, 
      1.0707388215024614, 
      1.0707904018892878, 
      1.0708435226751245, 
      1.0708981830048387, 
      1.070954381998939, 
      1.071012118753607, 
      1.0710713923407282, 
      1.071132201807928, 
      1.0711945461786023, 
      1.0712584244519558, 
      1.0713238356030352, 
      1.0713907785827665, 
      1.0714592523179938, 
      1.0715292557115144, 
      1.0716007876421214, 
      1.0716738469646412, 
      1.071748432509975, 
      1.0718245430851407, 
      1.0719021774733148, 
      1.0719813344338753, 
      1.0720620127024465, 
      1.072144210990943, 
      1.072227927987616, 
      1.0723131623570996, 
      1.0723999127404573, 
      1.072488177755231, 
      1.0725779559954893, 
      1.0726692460318767
    ], 
    "modelmag": [
      17.34962934396399, 
      17.502345927946614, 
      17.53389853484525, 
      17.56566536057212, 
      17.597603631391234, 
      17.629709886506877, 
      17.66198755741692, 
      17.694436457384413, 
      17.727038313870576, 
      17.759789201468354, 
      17.792685139959485, 
      17.82572210578217, 
      17.85889604170797, 
      17.892202865044442, 
      17.92563847460546, 
      17.959198756653812, 
      17.992879589987165, 
      18.02669039346207, 
      18.060625157781644, 
      18.09467193959682, 
      18.12882660612442, 
      18.163085032548363, 
      18.197444272384974, 
      18.231938632197444, 
      18.2665281227842, 
      18.301207697434286, 
      18.33597268138161, 
      18.370865043140142, 
      18.40583440345216, 
      18.440876567536936, 
      18.47601346850624, 
      18.51124306859598, 
      18.54653723785622, 
      18.58190816782676, 
      18.617379287712154, 
      18.652909897179594, 
      18.68850936758265, 
      18.72421150647566, 
      18.759970468384658, 
      18.795797396497413, 
      18.831726763092995, 
      18.86771232038101, 
      18.90376973143095, 
      18.939928548140585, 
      18.976144849823786, 
      19.01243984221466, 
      19.048836294576546, 
      19.085293584346026, 
      19.121837541012855, 
      19.158486332427334, 
      19.195201758329684, 
      19.232010819414555, 
      19.268934402459166, 
      19.305933569284345, 
      19.343029415413216, 
      19.380260097543953, 
      19.417579628298803, 
      19.454992212561137, 
      19.492573969325914, 
      19.53026556383783, 
      19.568072403801814, 
      19.60602861907567, 
      19.644165476706632, 
      19.682450637254558, 
      19.720897510163002, 
      19.75952326803349, 
      19.798408833211113, 
      19.837515264591584, 
      19.876869796546437, 
      19.916505797436376, 
      19.956464635831193, 
      19.99679826787568, 
      20.037572893879354, 
      20.0788742383486, 
      20.1208153621485, 
      20.16354854719518, 
      20.207283966875337, 
      20.252686644574297, 
      20.300393585562823, 
      20.35323753872038, 
      20.41950718800633, 
      20.419518707842265, 
      20.419530411231513, 
      20.419542298104254, 
      20.419554368389576, 
      20.41956662201548, 
      20.419579058908884, 
      20.419591678995612, 
      20.419604482200416, 
      20.41961746844696, 
      20.419630637657814, 
      20.41964398975448
    ]
  }, 
  "i_Pan-STARRS1": {
    "dmag": [
      0.0248539000749588, 
      0.02313850075006485, 
      0.06430059671401978, 
      0.12013900279998779, 
      0.2105800062417984
    ], 
    "goodstatus": true,