{
  "W1_Swift_Vega": {
    "dmag": [
      0.12300000339746475, 
      0.10199999809265137, 
      0.13500000536441803, 
      0.12200000137090683, 
      0.11599999666213989
    ], 
    "goodstatus": true, 
    "kernel": [
      1.0000010000005, 
      499999.99999999971, 
      1.0000000001
    ], 
    "mag": [
      17.250999450683594, 
      17.264999389648438, 
      17.354000091552734, 
      17.246999740600586, 
      17.402999877929688
    ], 
    "mjd": [
      56532.69921875, 
      56534.0703125, 
      56536.60546875, 
      56538.2421875, 
      56540.3125
    ], 
    "modeldate": [
      56532.69921875, 
      56533.69921875, 
      56534.69921875, 
      56535.69921875, 
      56536.69921875, 
      56537.69921875, 
      56538.69921875, 
      56539.69921875
    ], 
    "modelerr": [
      0.12223335728734662, 
      1.0810540478259623, 
      1.0810506864219658, 
      1.0810488628351926, 
      1.0810485770953053, 
      1.0810498292069517, 
      1.0810526191497645, 
      1.0810569468783617
    ], 
    "modelmag": [
      17.25097865866032, 
      17.264454251242007, 
      17.28425751591178, 
      17.30073222620634, 
      17.300910951864573, 
      17.291175797502373, 
      17.30908015231555, 
      17.35906405806376
    ]
  }
}