{
  "i_Pan-STARRS1": {
    "dmag": [
      0.016443200409412384, 
      0.017787199467420578, 
      0.017948100343346596, 
      0.01733960025012493, 
      0.04293319955468178, 
      0.05084649845957756, 
      0.04714120179414749
    ], 
    "goodstatus": true, 
    "kernel": [
      1.0000010000005, 
      100.00000000000004, 
      1.0000000001
    ], 
    "mag": [
      17.916799545288086, 
      17.901399612426758, 
      17.903499603271484, 
      17.901399612426758, 
      19.14620018005371, 
      19.162599563598633, 
      19.169700622558594
    ], 
    "mjd": [
      57203.49609375, 
      57203.5078125, 
      57203.51953125, 
      57203.53125, 
      57240.5625, 
      57240.57421875, 
      57240.58984375
    ], 
    "modeldate": [
      57203.49609375, 
      57204.49609375, 
      57205.49609375, 
      57206.49609375, 
      57207.49609375, 
      57208.49609375, 
      57209.49609375, 
      57210.49609375, 
      57211.49609375, 
      57212.49609375, 
      57213.49609375, 
      57214.49609375, 
      57215.49609375, 
      57216.49609375, 
      57217.49609375, 
      57218.49609375, 
      57219.49609375, 
      57220.49609375, 
      57221.49609375, 
      57222.49609375, 
      57223.49609375, 
      57224.49609375, 
      57225.49609375, 
      57226.49609375, 
      57227.49609375, 
      57228.49609375, 
      57229.49609375, 
      57230.49609375, 
      57231.49609375, 
      57232.49609375, 
      57233.49609375, 
      57234.49609375, 
      57235.49609375, 
      57236.49609375, 
      57237.49609375, 
      57238.49609375, 
      57239.49609375, 
      57240.49609375
    ], 
    "modelerr": [
      0.016441422430055277, 
      1.0989685672154659, 
      1.1094482645723593, 
      1.1261110453995458, 
      1.1477628148111358, 
      1.1729801138960783, 
      1.2002810155442374, 
      1.2282681846236612, 
      1.255729404450981, 
      1.281694131716686, 
      1.3054522887603048, 
      1.3265442870852495, 
      1.344731212084852, 
      1.3599528688340534, 
      1.3722799350280646, 
      1.3818651617452944, 
      1.3888974790327098, 
      1.3935619664879002, 
      1.3960078889088612, 
      1.396326337728946, 
      1.3945384377009435, 
      1.3905945560704094, 
      1.3843844652539803, 
      1.3757579313794048, 
      1.3645546996980926, 
      1.3506422965037392, 
      1.3339594430504182, 
      1.314562158868584, 
      1.2926687952815652, 
      1.2686992597755562, 
      1.2433025708953918, 
      1.2173657304995007, 
      1.191996078810718, 
      1.1684696156959826, 
      1.1481405582446436, 
      1.1323141229209326, 
      1.122095534047146, 
      1.1182410073675648
    ], 
    "modelmag": [
      17.916799307834268, 
      17.934087084040204, 
      17.96747599710086, 
      18.000941777287505, 
      18.0344531080351, 
      18.067995661934717, 
      18.101559986429212, 
      18.135140622930866, 
      18.16873233773075, 
      18.20233213023096, 
      18.23593709433716, 
      18.269544377794038, 
      18.30315118789249, 
      18.336754823951786, 
      18.3703527312242, 
      18.403942574447967, 
      18.437522330891763, 
      18.471090403150672, 
      18.504645751598748, 
      18.53818804559674, 
      18.571717831594558, 
      18.60523671553539, 
      18.638748425075708, 
      18.672258260145977, 
      18.70577037057128, 
      18.73929242281784, 
      18.772834135947143, 
      18.80640756324724, 
      18.840027480098804, 
      18.873711975648163, 
      18.9074902170928, 
      18.941398906951907, 
      18.975472032364976, 
      19.009786484272453, 
      19.04442085244096, 
      19.079549949923948, 
      19.115626229173817, 
      19.15573779189535
    ]
  }
}