{
  "i_Pan-STARRS1": {
    "dmag": [
      0.0031566100660711527, 
      0.003018229966983199, 
      0.003134140046313405, 
      0.005245179869234562, 
      0.005516679957509041, 
      0.005891249980777502, 
      0.005484070163220167, 
      0.005532689858227968, 
      0.006335509940981865, 
      0.006613669916987419, 
      0.006686470005661249, 
      0.00861172005534172
    ], 
    "goodstatus": true, 
    "kernel": [
      1.0000010000005, 
      499999.99999999971, 
      1.0000000001
    ], 
    "mag": [
      15.505999565124512, 
      15.515299797058105, 
      15.492600440979004, 
      15.586700439453125, 
      16.17099952697754, 
      16.17259979248047, 
      16.18869972229004, 
      16.18939971923828, 
      16.209400177001953, 
      16.234600067138672, 
      16.210500717163086, 
      16.225200653076172
    ], 
    "mjd": [
      57172.53515625, 
      57172.546875, 
      57172.5625, 
      57172.57421875, 
      57200.46875, 
      57200.48046875, 
      57200.4921875, 
      57200.50390625, 
      57201.44921875, 
      57201.4609375, 
      57201.4765625, 
      57201.48828125
    ], 
    "modeldate": [
      57172.53515625, 
      57173.53515625, 
      57174.53515625, 
      57175.53515625, 
      57176.53515625, 
      57177.53515625, 
      57178.53515625, 
      57179.53515625, 
      57180.53515625, 
      57181.53515625, 
      57182.53515625, 
      57183.53515625, 
      57184.53515625, 
      57185.53515625, 
      57186.53515625, 
      57187.53515625, 
      57188.53515625, 
      57189.53515625, 
      57190.53515625, 
      57191.53515625, 
      57192.53515625, 
      57193.53515625, 
      57194.53515625, 
      57195.53515625, 
      57196.53515625, 
      57197.53515625, 
      57198.53515625, 
      57199.53515625, 
      57200.53515625
    ], 
    "modelerr": [
      0.0031565955601989787, 
      1.0380481638144223, 
      1.0380172662396538, 
      1.0379881343242654, 
      1.0379607685651153, 
      1.0379351694290246, 
      1.0379113373527589, 
      1.0378892727430094, 
      1.0378689759763788, 
      1.0378504473993653, 
      1.0378336873283491, 
      1.0378186960495805, 
      1.0378054738191675, 
      1.0377940208630667, 
      1.0377843373770734, 
      1.0377764235268152, 
      1.0377702794477441, 
      1.0377659052451313, 
      1.0377633009940646, 
      1.037762466739443, 
      1.037763402495977, 
      1.0377661082481866, 
      1.0377705839504032, 
      1.0377768295267698, 
      1.0377848448712454, 
      1.0377946298476088, 
      1.0378061842894633, 
      1.0378195080002437, 
      1.0378346007532249
    ], 
    "modelmag": [
      15.505999594583848, 
      15.569486735678348, 
      15.600869108550144, 
      15.628478339593784, 
      15.654230733292424, 
      15.678806402572171, 
      15.702576798868954, 
      15.725606670854, 
      15.74838457914526, 
      15.770820839281917, 
      15.792996498882118, 
      15.815037894409807, 
      15.836828694106947, 
      15.85857294285349, 
      15.8800966841656, 
      15.901600862355762, 
      15.922938351256699, 
      15.944250489741734, 
      15.965450217155848, 
      15.986612024918399, 
      16.00770853577163, 
      16.028759148770156, 
      16.049782693031677, 
      16.07077656819148, 
      16.091777698119884, 
      16.112801450526266, 
      16.13388012802807, 
      16.15513417728364, 
      16.192607039577712
    ]
  }
}