{
  "i_Pan-STARRS1": {
    "dmag": [
      0.1414629966020584, 
      0.1071769967675209, 
      0.18440699577331543, 
      0.16335900127887726, 
      0.03796520084142685, 
      0.039639100432395935, 
      0.05000599846243858, 
      0.04625239968299866
    ], 
    "goodstatus": true, 
    "kernel": [
      1.0000010000005, 
      134420.14444544545, 
      1.0000000001
    ], 
    "mag": [
      19.548799514770508, 
      19.443700790405273, 
      19.517000198364258, 
      19.513500213623047, 
      19.027099609375, 
      18.986099243164062, 
      19.015399932861328, 
      18.994600296020508
    ], 
    "mjd": [
      57316.3515625, 
      57316.36328125, 
      57316.37109375, 
      57316.3828125, 
      57317.3125, 
      57317.32421875, 
      57317.3359375, 
      57317.34765625
    ], 
    "modeldate": [
      57316.3515625
    ], 
    "modelerr": [
      0.140222687307984
    ], 
    "modelmag": [
      19.5364258134163
    ]
  }, 
  "w_Pan-STARRS1": {
    "dmag": [
      0.0058960700407624245, 
      0.007466449867933989, 
      0.004663949832320213, 
      0.0066736298613250256, 
      0.014101600274443626, 
      0.014721499755978584, 
      0.01381510030478239, 
      0.006266570184379816, 
      0.006915159989148378, 
      0.0056666601449251175, 
      0.005912300199270248
    ], 
    "goodstatus": true, 
    "kernel": [
      1.0000010000005, 
      499999.99999999971, 
      1.0000000001
    ], 
    "mag": [
      16.27090072631836, 
      16.280000686645508, 
      16.256000518798828, 
      16.306499481201172, 
      16.476200103759766, 
      16.55590057373047, 
      16.51959991455078, 
      17.21190071105957, 
      17.280000686645508, 
      17.235700607299805, 
      17.241300582885742
    ], 
    "mjd": [
      57332.30859375, 
      57332.3203125, 
      57332.359375, 
      57332.37109375, 
      57341.31640625, 
      57341.328125, 
      57341.33984375, 
      57357.26171875, 
      57357.26953125, 
      57357.28125, 
      57357.29296875
    ], 
    "modeldate": [
      57332.30859375, 
      57333.30859375, 
      57334.30859375, 
      57335.30859375, 
      57336.30859375, 
      57337.30859375, 
      57338.30859375, 
      57339.30859375, 
      57340.30859375, 
      57341.30859375, 
      57342.30859375, 
      57343.30859375, 
      57344.30859375, 
      57345.30859375, 
      57346.30859375, 
      57347.30859375, 
      57348.30859375, 
      57349.30859375, 
      57350.30859375, 
      57351.30859375, 
      57352.30859375, 
      57353.30859375, 
      57354.30859375, 
      57355.30859375, 
      57356.30859375
    ], 
    "modelerr": [
      0.0058959761264104045, 
      1.0409422598859712, 
      1.040924616592592, 
      1.0409087280068197, 
      1.0408945943989987, 
      1.0408822160096187, 
      1.040871593049305, 
      1.04086272569881, 
      1.0408556141090073, 
      1.040850258400884, 
      1.0408466586655372, 
      1.04084481496417, 
      1.0408447273280896, 
      1.040846395758705, 
      1.0408498202275285, 
      1.0408550006761745, 
      1.0408619370163645, 
      1.0408706291299286, 
      1.0408810768688113, 
      1.0408932800550763, 
      1.0409072384809144, 
      1.0409229519086516, 
      1.040940420070757, 
      1.040959642669856, 
      1.0409806193787392
    ], 
    "modelmag": [
      16.270900545351854, 
      16.306671495377095, 
      16.33176516340562, 
      16.353943251752533, 
      16.375333573651897, 
      16.39674592938963, 
      16.418796766304872, 
      16.442414940661685, 
      16.470596379379817, 
      16.523769362219184, 
      16.56881771494011, 
      16.608045665055652, 
      16.64897035351692, 
      16.690840790697678, 
      16.733278227254285, 
      16.776156206801268, 
      16.819425431161957, 
      16.863058411613544, 
      16.90706122399448, 
      16.95147764199592, 
      16.99639123935368, 
      17.04195105922485, 
      17.08842911730307, 
      17.1367184063539, 
      17.188365983220184
    ]
  }
}