{
  "w_Pan-STARRS1": {
    "bsplinemag": [
      17.145734093151123,
      17.196955919652993,
      17.24826348144827,
      17.299635636880833,
      17.351051244294506,
      17.402489162033167,
      17.45392824844066,
      17.50534736186085,
      17.556725360637575,
      17.608041103114697,
      17.65927344763607,
      17.710401252545548,
      17.761403376186983,
      17.812258676904232,
      17.86294601304115,
      17.913444242941583,
      17.963732224949403,
      18.01378881740845,
      18.063592878662575,
      18.11312326705564,
      18.1623588409315,
      18.21127845863401,
      18.259860978507014,
      18.308085258894383,
      18.35593015813995,
      18.403374534587588,
      18.45039724658114,
      18.49697715246447,
      18.543093110581413,
      18.588723979275848,
      18.633848616891612,
      18.678445881772568,
      18.722494632262563,
      18.76597372670546,
      18.808862023445105,
      18.851138380825354,
      18.892781657190064,
      18.93377071088309,
      18.97408440024828,
      19.013701583629494,
      19.052601119370586,
      19.09076186581541,
      19.128162681307813,
      19.164782424191657,
      19.200599952810794,
      19.235594125509078,
      19.269743800630366,
      19.30302783651851,
      19.33542509151736,
      19.366914423970773,
      19.39747469222261
    ],
    "dmag": [
      0.009852910414338112,
      0.009908399544656277,
      0.009258029982447624,
      0.009165319614112377,
      0.008491690270602703,
      0.009710189886391163,
      0.0087150102481246,
      0.012661700136959553,
      0.007440140005201101,
      0.0064972201362252235,
      0.006937810219824314,
      0.020222699269652367,
      0.015142399817705154,
      0.017098600044846535,
      0.03893110156059265,
      0.06577440351247787,
      0.0653505027294159,
      0.06530260294675827,
      0.06734459847211838,
      0.04592689871788025,
      0.17177100479602814,
      0.17708200216293335
    ],
    "goodstatus": true,
    "kernel": [
      5000.000000000004
    ],
    "mag": [
      17.145700454711914,
      17.146799087524414,
      17.154399871826172,
      17.147499084472656,
      17.20599937438965,
      17.177900314331055,
      17.210500717163086,
      17.193700790405273,
      17.26020050048828,
      17.25119972229004,
      17.250200271606445,
      18.591699600219727,
      18.589099884033203,
      18.596200942993164,
      18.554899215698242,
      19.276599884033203,
      19.329999923706055,
      19.30940055847168,
      19.273700714111328,
      19.459800720214844,
      19.552400588989258,
      19.55470085144043
    ],
    "mjd": [
      57135.3984375,
      57135.41015625,
      57135.421875,
      57135.43359375,
      57136.484375,
      57136.49609375,
      57136.5078125,
      57136.51953125,
      57137.4609375,
      57137.48828125,
      57137.5,
      57164.3828125,
      57164.39453125,
      57164.41015625,
      57164.421875,
      57183.31640625,
      57183.328125,
      57183.34375,
      57183.35546875,
      57186.31640625,
      57186.328125,
      57186.36328125
    ],
    "modeldate": [
      57135.3984375,
      57136.3984375,
      57137.3984375,
      57138.3984375,
      57139.3984375,
      57140.3984375,
      57141.3984375,
      57142.3984375,
      57143.3984375,
      57144.3984375,
      57145.3984375,
      57146.3984375,
      57147.3984375,
      57148.3984375,
      57149.3984375,
      57150.3984375,
      57151.3984375,
      57152.3984375,
      57153.3984375,
      57154.3984375,
      57155.3984375,
      57156.3984375,
      57157.3984375,
      57158.3984375,
      57159.3984375,
      57160.3984375,
      57161.3984375,
      57162.3984375,
      57163.3984375,
      57164.3984375,
      57165.3984375,
      57166.3984375,
      57167.3984375,
      57168.3984375,
      57169.3984375,
      57170.3984375,
      57171.3984375,
      57172.3984375,
      57173.3984375,
      57174.3984375,
      57175.3984375,
      57176.3984375,
      57177.3984375,
      57178.3984375,
      57179.3984375,
      57180.3984375,
      57181.3984375,
      57182.3984375,
      57183.3984375,
      57184.3984375,
      57185.3984375
    ],
    "modelerr": [
      0.0048828125,
      0.004931398895684608,
      0.003452669830012439,
      0.015791954715621316,
      0.039123487546894785,
      0.07309555634692178,
      0.11803485963213964,
      0.1738994323545715,
      0.2396431447434075,
      0.31379431666132085,
      0.3940904628866733,
      0.4779482845278404,
      0.5624177660701238,
      0.6444087981453988,
      0.7207881391466038,
      0.7885335527923936,
      0.8447821626391223,
      0.8869421589258396,
      0.9128232200591205,
      0.9206374315301723,
      0.9090844912735944,
      0.8774518674164232,
      0.8255367498137007,
      0.753747794937274,
      0.6630862970589968,
      0.5551171586381141,
      0.43198681235494213,
      0.2963243698578145,
      0.15134670980435458,
      0.009593204445502197,
      0.1533918274693114,
      0.30427719268021314,
      0.4489915356082468,
      0.5831754561629788,
      0.7026382456876216,
      0.8034160160974356,
      0.8818946050009797,
      0.9350265935696016,
      0.9603964670391948,
      0.9564473765006063,
      0.9226570045409965,
      0.8596984254675967,
      0.7696173760100165,
      0.6560973943657715,
      0.5245577084456448,
      0.38248974954670456,
      0.2397187444621993,
      0.10962756831815418,
      0.03300867926006947,
      0.07594304068488959,
      0.07930324885867548
    ],
    "modelmag": [
      17.14806365966797,
      17.19408416748047,
      17.24864959716797,
      17.30974578857422,
      17.376976013183594,
      17.448020935058594,
      17.521995544433594,
      17.597557067871094,
      17.67369842529297,
      17.74974822998047,
      17.824424743652344,
      17.897117614746094,
      17.967185974121094,
      18.034263610839844,
      18.09734344482422,
      18.15673065185547,
      18.212181091308594,
      18.26274871826172,
      18.309288024902344,
      18.35137176513672,
      18.38915252685547,
      18.42308807373047,
      18.45293426513672,
      18.479393005371094,
      18.50255584716797,
      18.523704528808594,
      18.541954040527344,
      18.55889129638672,
      18.57463836669922,
      18.589927673339844,
      18.605186462402344,
      18.620750427246094,
      18.63738250732422,
      18.65569305419922,
      18.676353454589844,
      18.699180603027344,
      18.725242614746094,
      18.75432586669922,
      18.78704071044922,
      18.82378387451172,
      18.863731384277344,
      18.908409118652344,
      18.956077575683594,
      19.00780487060547,
      19.06279754638672,
      19.11980438232422,
      19.179283142089844,
      19.24028778076172,
      19.30150604248047,
      19.36199188232422,
      19.42076873779297
    ],
    "type": "Ia"
  }
}