{
  "M2_Swift_Vega": {
    "bsplinemag": [
      19.449925971762845,
      19.419444549020543,
      19.39718979987479,
      19.38273755040399,
      19.375663626686524,
      19.37554385480079,
      19.381954060825173,
      19.394470070838054,
      19.412667710917848,
      19.436122807142922,
      19.464411185591683,
      19.49710867234251,
      19.533791093473795,
      19.574034275063934,
      19.61741404319131,
      19.663506223934323,
      19.711886643371347,
      19.762131127580794,
      19.813815502641035,
      19.86651559463047,
      19.91980722962749,
      19.973266233710483,
      20.026468432957834
    ],
    "dmag": [
      0.1509999930858612,
      0.1459999978542328,
      0.15000000596046448,
      0.1550000011920929,
      0.15600000321865082,
      0.15600000321865082,
      0.19099999964237213,
      0.17499999701976776,
      0.164000004529953,
      0.19099999964237213,
      0.32100000977516174,
      0.3009999990463257
    ],
    "goodstatus": true,
    "kernel": [
      5000.000000000004
    ],
    "mag": [
      19.485000610351562,
      19.361000061035156,
      19.357999801635742,
      19.395000457763672,
      19.368999481201172,
      19.405000686645508,
      19.798999786376953,
      19.634000778198242,
      19.525999069213867,
      19.798999786376953,
      20.198999404907227,
      19.993000030517578
    ],
    "mjd": [
      57008.53515625,
      57010.56640625,
      57012.125,
      57014.25390625,
      57016.15234375,
      57018.21875,
      57020.08203125,
      57022.21484375,
      57024.34765625,
      57026.4765625,
      57028.83984375,
      57030.76953125
    ],
    "modeldate": [
      57008.53515625,
      57009.53515625,
      57010.53515625,
      57011.53515625,
      57012.53515625,
      57013.53515625,
      57014.53515625,
      57015.53515625,
      57016.53515625,
      57017.53515625,
      57018.53515625,
      57019.53515625,
      57020.53515625,
      57021.53515625,
      57022.53515625,
      57023.53515625,
      57024.53515625,
      57025.53515625,
      57026.53515625,
      57027.53515625,
      57028.53515625,
      57029.53515625,
      57030.53515625
    ],
    "modelerr": [
      0.14451145345841646,
      0.09789765085396385,
      0.09348003937328261,
      0.09523862884008696,
      0.09266029284761336,
      0.08764070369603348,
      0.08386790161113068,
      0.08337178932424896,
      0.08579311379139609,
      0.0894154831759679,
      0.09254700986873932,
      0.09419399663824413,
      0.0942319561510775,
      0.09345708227206026,
      0.09361766375942863,
      0.0969948304362024,
      0.10508375188233417,
      0.11722818304236428,
      0.13070441793200166,
      0.1426784214869502,
      0.1545439082593621,
      0.1804937436189845,
      0.2520988102304906
    ],
    "modelmag": [
      19.48470115661621,
      19.41200828552246,
      19.368497848510742,
      19.348180770874023,
      19.345762252807617,
      19.356657028198242,
      19.376989364624023,
      19.40350914001465,
      19.43366050720215,
      19.4654598236084,
      19.4975643157959,
      19.529150009155273,
      19.559965133666992,
      19.590261459350586,
      19.62068748474121,
      19.65242576599121,
      19.686979293823242,
      19.72621726989746,
      19.7723445892334,
      19.82783317565918,
      19.895376205444336,
      19.97786521911621,
      20.078359603881836
    ]
  },
  "W1_Swift_Vega": {
    "bsplinemag": [
      16.877087312765916,
      16.876682356548983,
      16.886042357495402,
      16.904755403289165,
      16.93240958161426,
      16.96859298015467,
      17.012893686594396,
      17.064899788617414,
      17.124199373907715,
      17.19038053014929,
      17.263031345026125,
      17.341739906222216,
      17.42609430142154,
      17.51568261830809,
      17.610092944565856,
      17.70891336787883,
      17.81173197593099,
      17.91813685640633,
      18.027716096988847,
      18.14005778536251,
      18.254750009211325,
      18.37138085621927,
      18.489538414070346
    ],
    "dmag": [
      0.06400000303983688,
      0.06400000303983688,
      0.06400000303983688,
      0.06499999761581421,
      0.06599999964237213,
      0.06800000369548798,
      0.0689999982714653,
      0.07199999690055847,
      0.07800000160932541,
      0.08500000089406967,
      0.10499999672174454,
      0.13300000131130219
    ],
    "goodstatus": true,
    "kernel": [
      5000.000000000004
    ],
    "mag": [
      16.874000549316406,
      16.89900016784668,
      16.900999069213867,
      17.025999069213867,
      17.062999725341797,
      17.266000747680664,
      17.408000946044922,
      17.533000946044922,
      17.780000686645508,
      18.097999572753906,
      18.209999084472656,
      18.548999786376953
    ],
    "mjd": [
      57008.54296875,
      57010.5703125,
      57012.12890625,
      57014.2578125,
      57016.16015625,
      57018.22265625,
      57020.08984375,
      57022.21875,
      57024.3515625,
      57026.48046875,
      57028.84375,
      57030.7734375
    ],
    "modeldate": [
      57008.54296875,
      57009.54296875,
      57010.54296875,
      57011.54296875,
      57012.54296875,
      57013.54296875,
      57014.54296875,
      57015.54296875,
      57016.54296875,
      57017.54296875,
      57018.54296875,
      57019.54296875,
      57020.54296875,
      57021.54296875,
      57022.54296875,
      57023.54296875,
      57024.54296875,
      57025.54296875,
      57026.54296875,
      57027.54296875,
      57028.54296875,
      57029.54296875,
      57030.54296875
    ],
    "modelerr": [
      0.06203670448901539,
      0.04340488004891324,
      0.043261828971360716,
      0.04247204927340358,
      0.039740214744874616,
      0.03762618134630563,
      0.037288834164134345,
      0.03785360828772325,
      0.03826081645343698,
      0.03817972227016526,
      0.03807341540941001,
      0.03857112823853808,
      0.03980016381311491,
      0.041282151148141114,
      0.04261215669779576,
      0.04407532850154983,
      0.04667621424055381,
      0.051411169680526836,
      0.0577659625826963,
      0.06364910444062627,
      0.06746060952800993,
      0.0749094098076762,
      0.10826418699547424
    ],
    "modelmag": [
      16.875764846801758,
      16.877038955688477,
      16.88722038269043,
      16.90610694885254,
      16.93353843688965,
      16.969255447387695,
      17.01301383972168,
      17.064485549926758,
      17.123369216918945,
      17.189287185668945,
      17.2618465423584,
      17.340662002563477,
      17.42531394958496,
      17.51531410217285,
      17.6102352142334,
      17.709566116333008,
      17.81282615661621,
      17.9195613861084,
      18.029226303100586,
      18.141340255737305,
      18.25541114807129,
      18.37095069885254,
      18.487451553344727
    ]
  },
  "W2_Swift_Vega": {
    "bsplinemag": [
      18.47808343123139,
      18.471136291227655,
      18.471258639459673,
      18.478322297778934,
      18.49219908803694,
      18.512760832085185,
      18.53987935177516,
      18.573426468958377,
      18.613274005486325,
      18.659293783210497,
      18.711357623982394,
      18.769337349653522,
      18.83310478207536,
      18.90253174309942,
      18.97749005457719,
      19.05785153836017,
      19.14348801629985,
      19.23427131024775,
      19.330073242055335,
      19.430765633574126,
      19.53622030665561,
      19.646309083151287,
      19.76090378491266
    ],
    "dmag": [
      0.0949999988079071,
      0.09200000017881393,
      0.09700000286102295,
      0.09700000286102295,
      0.0989999994635582,
      0.10400000214576721,
      0.10999999940395355,
      0.11299999803304672,
      0.12099999934434891,
      0.12999999523162842,
      0.20800000429153442,
      0.19499999284744263
    ],
    "goodstatus": true,
    "kernel": [
      5000.000000000004
    ],