{
  "i_Pan-STARRS1": {
    "dmag": [
      0.012969099916517735, 
      0.011892200447618961, 
      0.013192200101912022, 
      0.011124400421977043, 
      0.025305800139904022, 
      0.019263099879026413, 
      0.024246299639344215, 
      0.03379949927330017
    ], 
    "goodstatus": true, 
    "kernel": [
      1.0000010000005, 
      134770.710835187, 
      1.0000000001
    ], 
    "mag": [
      17.466699600219727, 
      17.480600357055664, 
      17.517200469970703, 
      17.466299057006836, 
      17.52720069885254, 
      17.534500122070312, 
      17.524599075317383, 
      17.51740074157715
    ], 
    "mjd": [
      57172.375, 
      57172.38671875, 
      57172.40234375, 
      57172.4140625, 
      57173.359375, 
      57173.375, 
      57173.38671875, 
      57173.40234375
    ], 
    "modeldate": [
      57172.375, 
      57173.375
    ], 
    "modelerr": [
      0.01296813057193237, 
      0.019259923957372044
    ], 
    "modelmag": [
      17.46669934928048, 
      17.534498223007216
    ]
  }
}