{
  "C_Catalina Schmidt": {
    "dmag": [
      0.037408001720905304, 
      0.03810599818825722, 
      0.035544998943805695, 
      0.0373539999127388, 
      0.0636179968714714, 
      0.054308000952005386, 
      0.06278199702501297, 
      0.07415799796581268, 
      0.08686599880456924
    ], 
    "goodstatus": true, 
    "kernel": [
      1.0000010000005, 
      499999.99999999971, 
      1.0000000001
    ], 
    "mag": [
      16.770599365234375, 
      16.810800552368164, 
      16.659000396728516, 
      16.76740074157715, 
      17.932300567626953, 
      17.5856990814209, 
      17.903400421142578, 
      18.268699645996094, 
      18.616500854492188
    ], 
    "mjd": [
      57040.44140625, 
      57040.48046875, 
      57040.51953125, 
      57040.55859375, 
      57060.44140625, 
      57060.48046875, 
      57060.51953125, 
      57060.55859375, 
      57066.55859375
    ], 
    "modeldate": [
      57040.44140625, 
      57041.44140625, 
      57042.44140625, 
      57043.44140625, 
      57044.44140625, 
      57045.44140625, 
      57046.44140625, 
      57047.44140625, 
      57048.44140625, 
      57049.44140625, 
      57050.44140625, 
      57051.44140625, 
      57052.44140625, 
      57053.44140625, 
      57054.44140625, 
      57055.44140625, 
      57056.44140625, 
      57057.44140625, 
      57058.44140625, 
      57059.44140625, 
      57060.44140625, 
      57061.44140625, 
      57062.44140625, 
      57063.44140625, 
      57064.44140625, 
      57065.44140625, 
      57066.44140625
    ], 
    "modelerr": [
      0.037384482121377786, 
      1.0490592758636077, 
      1.0490416166992356, 
      1.049025667233141, 
      1.049011427734235, 
      1.0489988984426177, 
      1.0489880795695685, 
      1.0489789712975375, 
      1.0489715737801388, 
      1.0489658871421443, 
      1.0489619114794801, 
      1.0489596468592204, 
      1.0489590933195874, 
      1.048960250869948, 
      1.0489631194908147, 
      1.0489676991338457, 
      1.0489739897218462, 
      1.0489819911487732, 
      1.0489917032797378, 
      1.0490031259510109, 
      0.06350249789338161, 
      1.0490311021154073, 
      1.0490476551369348, 
      1.0490659177555988, 
      1.0490858896635868, 
      1.049107570524302, 
      1.0491309599723746
    ], 
    "modelmag": [
      16.770654237780796, 
      16.81859787652223, 
      16.88904780628846, 
      16.955362589501437, 
      17.019206681154945, 
      17.08130541815091, 
      17.142228366761813, 
      17.20216917922622, 
      17.261187234788743, 
      17.319236401560158, 
      17.376313593886767, 
      17.432374086308545, 
      17.487295208077317, 
      17.540894746892416, 
      17.59290583215019, 
      17.64288709128884, 
      17.68957515496624, 
      17.731982035062902, 
      17.7660125208534, 
      17.785239277850508, 
      17.93156506107846, 
      18.26117069279205, 
      18.368142394363996, 
      18.45129266923267, 
      18.52337679815482, 
      18.588607874625456, 
      18.648876571017357
    ]
  }
}