{
  "B_Swift_Vega": {
    "dmag": [
      0.08699999749660492, 
      0.09799999743700027, 
      0.0949999988079071, 
      0.13199999928474426, 
      0.11400000005960464, 
      0.12200000137090683, 
      0.14900000393390656, 
      0.17299999296665192, 
      0.3160000145435333, 
      0.34700000286102295
    ], 
    "goodstatus": true, 
    "kernel": [
      1.0000010000005, 
      499999.99999999971, 
      1.0000000001
    ], 
    "mag": [
      17.134000778198242, 
      17.264999389648438, 
      17.19300079345703, 
      17.257999420166016, 
      17.549999237060547, 
      17.63800048828125, 
      17.954999923706055, 
      18.190000534057617, 
      18.667999267578125, 
      18.773000717163086
    ], 
    "mjd": [
      56539.0703125, 
      56541.70703125, 
      56543.5078125, 
      56547.48046875, 
      56550.51953125, 
      56555.6484375, 
      56559.53125, 
      56563.85546875, 
      56568.09765625, 
      56576.4375
    ], 
    "modeldate": [
      56539.0703125, 
      56540.0703125, 
      56541.0703125, 
      56542.0703125, 
      56543.0703125, 
      56544.0703125, 
      56545.0703125, 
      56546.0703125, 
      56547.0703125, 
      56548.0703125, 
      56549.0703125, 
      56550.0703125, 
      56551.0703125, 
      56552.0703125, 
      56553.0703125, 
      56554.0703125, 
      56555.0703125, 
      56556.0703125, 
      56557.0703125, 
      56558.0703125, 
      56559.0703125, 
      56560.0703125, 
      56561.0703125, 
      56562.0703125, 
      56563.0703125, 
      56564.0703125, 
      56565.0703125, 
      56566.0703125, 
      56567.0703125, 
      56568.0703125, 
      56569.0703125, 
      56570.0703125, 
      56571.0703125, 
      56572.0703125, 
      56573.0703125, 
      56574.0703125, 
      56575.0703125, 
      56576.0703125
    ], 
    "modelerr": [
      0.08670322147052621, 
      1.045951454076716, 
      1.045927867692744, 
      1.0459060067453576, 
      1.0458858716040718, 
      1.0458674626092472, 
      1.0458507800720795, 
      1.0458358242745864, 
      1.0458225954695972, 
      1.0458110938807417, 
      1.0458013197024432, 
      1.0457932730999098, 
      1.0457869542091283, 
      1.0457823631368592, 
      1.045779499960632, 
      1.0457783647287429, 
      1.0457789574602514, 
      1.0457812781449822, 
      1.0457853267435233, 
      1.0457911031872278, 
      1.0457986073782182, 
      1.0458078391893881, 
      1.0458187984644087, 
      1.045831485017734, 
      1.0458458986346082, 
      1.0458620390710747, 
      1.0458799060539847, 
      1.045899499281008, 
      1.0459208184206454, 
      1.0459438631122406, 
      1.045968632965995, 
      1.0459951275629824, 
      1.0460233464551656, 
      1.046053289165413, 
      1.0460849551875189, 
      1.0461183439862207, 
      1.0461534549972218, 
      1.046190287627212
    ], 
    "modelmag": [
      17.12778565121796, 
      16.42551576234955, 
      16.56440082786387, 
      16.73165541881517, 
      16.929449963993157, 
      17.137065976332128, 
      17.33222269912926, 
      17.520143573042333, 
      17.706530626702357, 
      17.894089627536047, 
      18.084107800723604, 
      18.27717408350325, 
      18.364939577083813, 
      18.364921368001163, 
      18.3649039288126, 
      18.364887259622773, 
      18.364871360531716, 
      18.364856231634818, 
      18.364841873022847, 
      18.364828284781925, 
      18.364815466993548, 
      18.36480341973457, 
      18.36479214307722, 
      18.36478163708908, 
      18.364771901833098, 
      18.36476293736758, 
      18.364754743746204, 
      18.36474732101799, 
      18.36474066922734, 
      18.364734788414, 
      18.364729678613088, 
      18.364725339855063, 
      18.364721772165762, 
      18.364718975566365, 
      18.364716950073426, 
      18.364715695698845, 
      18.36471521244988, 
      18.364715500329154
    ]
  }, 
  "U_Swift_Vega": {
    "dmag": [
      0.07599999755620956, 
      0.0860000029206276, 
      0.09099999815225601, 
      0.12600000202655792, 
      0.1469999998807907, 
      0.2409999966621399, 
      0.31299999356269836
    ], 
    "goodstatus": true, 
    "kernel": [
      1.0000010000005, 
      499999.99999999971, 
      1.0000000001
    ], 
    "mag": [
      16.12299919128418, 
      16.31599998474121, 
      16.465999603271484, 
      16.85300064086914, 
      17.437999725341797, 
      18.135000228881836, 
      18.45800018310547
    ], 
    "mjd": [
      56539.0703125, 
      56541.70703125, 
      56543.5078125, 
      56547.4765625, 
      56550.51953125, 
      56555.6484375, 
      56559.52734375
    ], 
    "modeldate": [
      56539.0703125, 
      56540.0703125, 
      56541.0703125, 
      56542.0703125, 
      56543.0703125, 
      56544.0703125, 
      56545.0703125, 
      56546.0703125, 
      56547.0703125, 
      56548.0703125, 
      56549.0703125, 
      56550.0703125, 
      56551.0703125, 
      56552.0703125, 
      56553.0703125, 
      56554.0703125, 
      56555.0703125, 
      56556.0703125, 
      56557.0703125, 
      56558.0703125, 
      56559.0703125
    ], 
    "modelerr": [
      0.07580938861720571, 
      1.0622437456700318, 
      1.0622315392417856, 
      1.0622209722051188, 
      1.0622120447356338, 
      1.0622047569816888, 
      1.0621991090643952, 
      1.0621951010776105, 
      1.0621927330879355, 
      1.0621920051347131, 
      1.062192917230025, 
      1.0621954693586917, 
      1.0621996614782743, 
      1.0622054935190741, 
      1.0622129653841372, 
      1.062222076949257, 
      1.0622328280629785, 
      1.0622452185466054, 
      1.062259248194205, 
      1.0622749167726184, 
      1.0622922240214665
    ], 
    "modelmag": [
      16.12209912280534, 
      16.08515233551607, 
      16.224060967306038, 
      16.391339804770166, 
      16.589159276552586, 
      16.79680089543794, 
      16.99198390456969, 
      17.17993174444781, 
      17.366346443541435, 
      17.553933769111346, 
      17.743980946167724, 
      17.93707691177471, 
      18.02487276696299, 
      18.02488559808622, 
      18.024899877515427, 
      18.02491560516493, 
      18.02493278094037, 
      18.024951404738687, 
      18.02497147644814, 
      18.024992995948303, 
      18.02501596311006
    ]
  }, 
  "V_Swift_Vega": {
    "dmag": [
      0.1469999998807907, 
      0.13300000131130219, 
      0.13099999725818634, 
      0.20900000631809235, 
      0.164000004529953, 
      0.1860000044107437, 
      0.19200000166893005, 
      0.2070000022649765, 
      0.23800000548362732, 
      0.3109999895095825, 
      0.28299999237060547, 
      0.35199999809265137
    ], 
    "goodstatus": true, 
    "kernel": [
      1.0000010000005, 
      499999.99999999971, 
      1.0000000001
    ], 
    "mag": [
      17.035999298095703, 
      16.905000686645508, 
      16.8799991607666, 
      17.275999069213867, 
      17.190000534057617, 
      17.35099983215332, 
      17.413999557495117, 
      17.104000091552734, 
      17.347000122070312, 
      17.67300033569336, 
      17.57900047302246, 
      17.85300064086914
    ], 
    "mjd": [
      56538.984375, 
      56541.71484375, 
      56543.515625, 
      56550.5234375, 
      56555.65234375, 
      56559.53515625, 
      56563.86328125, 
      56568.1015625, 
      56572.234375, 
      56576.44140625, 
      56581.72265625, 
      56584.44921875
    ],