{
  "G_GAIA": {
    "dmag": [
      0.0, 
      0.0, 
      0.0, 
      0.0, 
      0.0, 
      0.0, 
      0.0
    ], 
    "goodstatus": true, 
    "kernel": [
      1.0000010000005, 
      499999.99999999971, 
      1.0000000001
    ], 
    "mag": [
      17.729999542236328, 
      17.709999084472656, 
      18.350000381469727, 
      18.3799991607666, 
      19.75, 
      19.700000762939453, 
      19.709999084472656
    ], 
    "mjd": [
      57034.14453125, 
      57034.21875, 
      57066.953125, 
      57067.1328125, 
      57105.84765625, 
      57106.09765625, 
      57106.171875
    ], 
    "modeldate": [
      57034.14453125, 
      57035.14453125, 
      57036.14453125, 
      57037.14453125, 
      57038.14453125, 
      57039.14453125, 
      57040.14453125, 
      57041.14453125, 
      57042.14453125, 
      57043.14453125, 
      57044.14453125, 
      57045.14453125, 
      57046.14453125, 
      57047.14453125, 
      57048.14453125, 
      57049.14453125, 
      57050.14453125, 
      57051.14453125, 
      57052.14453125, 
      57053.14453125, 
      57054.14453125, 
      57055.14453125, 
      57056.14453125, 
      57057.14453125, 
      57058.14453125, 
      57059.14453125, 
      57060.14453125, 
      57061.14453125, 
      57062.14453125, 
      57063.14453125, 
      57064.14453125, 
      57065.14453125, 
      57066.14453125, 
      57067.14453125, 
      57068.14453125, 
      57069.14453125, 
      57070.14453125, 
      57071.14453125, 
      57072.14453125, 
      57073.14453125, 
      57074.14453125, 
      57075.14453125, 
      57076.14453125, 
      57077.14453125, 
      57078.14453125, 
      57079.14453125, 
      57080.14453125, 
      57081.14453125, 
      57082.14453125, 
      57083.14453125, 
      57084.14453125, 
      57085.14453125, 
      57086.14453125, 
      57087.14453125, 
      57088.14453125, 
      57089.14453125, 
      57090.14453125, 
      57091.14453125, 
      57092.14453125, 
      57093.14453125, 
      57094.14453125, 
      57095.14453125, 
      57096.14453125, 
      57097.14453125, 
      57098.14453125, 
      57099.14453125, 
      57100.14453125, 
      57101.14453125, 
      57102.14453125, 
      57103.14453125, 
      57104.14453125, 
      57105.14453125, 
      57106.14453125
    ], 
    "modelerr": [
      0.0, 
      1.0620005661494263, 
      1.061937967667296, 
      1.0618769726309465, 
      1.0618175820362068, 
      1.061759796852982, 
      1.0617036180252182, 
      1.061649046470865, 
      1.0615960830818458, 
      1.0615447287240212, 
      1.0614949842371595, 
      1.061446850434904, 
      1.061400328104745, 
      1.061355418007989, 
      1.0613121208797305, 
      1.0612704374288267, 
      1.0612303683378692, 
      1.0611919142631607, 
      1.0611550758346882, 
      1.0611198536561026, 
      1.0610862483046943, 
      1.0610542603313726, 
      1.0610238902606453, 
      1.060995138590599, 
      1.060968005792881, 
      1.0609424923126813, 
      1.060918598568717, 
      1.0608963249532155, 
      1.0608756718319015, 
      1.0608566395439816, 
      1.060839228402133, 
      1.0608234386924924, 
      1.0608092706746435, 
      1.060796724581609, 
      1.060785800619841, 
      1.0607764989692139, 
      1.0607688197830174, 
      1.060762763187951, 
      1.0607583292841194, 
      1.0607555181450279, 
      1.0607543298175808, 
      1.060754764322079, 
      1.0607568216522194, 
      1.0607605017750954, 
      1.0607658046311972, 
      1.0607727301344148, 
      1.0607812781720414, 
      1.0607914486047767, 
      1.0608032412667328, 
      1.0608166559654397, 
      1.0608316924818533, 
      1.060848350570362, 
      1.060866629958798, 
      1.0608865303484456, 
      1.060908051414052, 
      1.0609311928038418, 
      1.060955954139527, 
      1.060982335016323, 
      1.061010335002963, 
      1.0610399536417134, 
      1.061071190448392, 
      1.0611040449123847, 
      1.061138516496665, 
      1.0611746046378137, 
      1.06121230874604, 
      1.0612516282052022, 
      1.0612925623728326, 
      1.0613351105801594, 
      1.0613792721321313, 
      1.0614250463074446, 
      1.0614724323585694, 
      1.0615214295117756, 
      1.0615720369671635
    ], 
    "modelmag": [
      17.729999542236328, 
      17.740497215317724, 
      17.75720545403952, 
      17.774862379812014, 
      17.792976454811818, 
      17.811398975655997, 
      17.830043508737436, 
      17.848856391027493, 
      17.86780255067131, 
      17.88685810519158, 
      17.90601255944612, 
      17.925266854755616, 
      17.944589487034666, 
      17.963974166840575, 
      17.9834162454621, 
      18.002933320965656, 
      18.02250156546166, 
      18.04211742237733, 
      18.061780565458708, 
      18.081504151691554, 
      18.101279808598218, 
      18.12110457495094, 
      18.14098214147015, 
      18.160917914904328, 
      18.180919994162892, 
      18.201002117848446, 
      18.221201042867776, 
      18.241596353857748, 
      18.26230030845974, 
      18.28350162211173, 
      18.305548817559295, 
      18.328876678533994, 
      18.354085299913486, 
      18.381798874079315, 
      18.41233743236307, 
      18.445368073667407, 
      18.480040207535062, 
      18.515615365640254, 
      18.55160047457052, 
      18.587659459656596, 
      18.623641899420548, 
      18.659521694561416, 
      18.695314875242456, 
      18.73103202632955, 
      18.766680448326746, 
      18.80226519478502, 
      18.837789713744126, 
      18.87325625247628, 
      18.908666113744363, 
      18.944019813886353, 
      18.979306575537525, 
      19.0145336047795, 
      19.04969991998222, 
      19.084803092680794, 
      19.119839862019433, 
      19.154805990351772, 
      19.18969605156406, 
      19.224487693236966, 
      19.259186615724463, 
      19.29378196528551, 
      19.328259819681737, 
      19.362602151651927, 
      19.396785262687533, 
      19.430777425733023, 
      19.4645352316883, 
      19.497997727856127, 
      19.531037460933494, 
      19.56353845146994, 
      19.595400938602076, 
      19.626387431270665, 
      19.656122112091598, 
      19.683808602090593, 
      19.707197162041968
    ]
  }
}