{
  "i_Pan-STARRS1": {
    "dmag": [
      0.02991189993917942, 
      0.03203609958291054, 
      0.023746799677610397, 
      0.024178599938750267, 
      0.02432440035045147
    ], 
    "goodstatus": true, 
    "kernel": [
      1.0000010000005, 
      66196.950122795752, 
      1.0000000001
    ], 
    "mag": [
      18.465200424194336, 
      18.54490089416504, 
      18.513999938964844, 
      18.55780029296875, 
      18.510700225830078
    ], 
    "mjd": [
      57165.359375, 
      57166.36328125, 
      57166.375, 
      57166.38671875, 
      57166.40234375
    ], 
    "modeldate": [
      57165.359375, 
      57166.359375
    ], 
    "modelerr": [
      0.029900756137351166, 
      1.0801708874730434
    ], 
    "modelmag": [
      18.46524100499595, 
      18.5437113862117
    ]
  }, 
  "w_Pan-STARRS1": {
    "dmag": [
      0.009852910414338112, 
      0.009908399544656277, 
      0.009258029982447624, 
      0.009165319614112377, 
      0.008491690270602703, 
      0.009710189886391163, 
      0.0087150102481246, 
      0.012661700136959553, 
      0.007440140005201101, 
      0.0064972201362252235, 
      0.006937810219824314, 
      0.020222699269652367, 
      0.015142399817705154, 
      0.017098600044846535, 
      0.03893110156059265, 
      0.06577440351247787, 
      0.0653505027294159, 
      0.06530260294675827, 
      0.06734459847211838, 
      0.04592689871788025, 
      0.17177100479602814, 
      0.17708200216293335
    ], 
    "goodstatus": true, 
    "kernel": [
      1.0000010000005, 
      499999.99999999971, 
      1.0000000001
    ], 
    "mag": [
      17.145700454711914, 
      17.146799087524414, 
      17.154399871826172, 
      17.147499084472656, 
      17.20599937438965, 
      17.177900314331055, 
      17.210500717163086, 
      17.193700790405273, 
      17.26020050048828, 
      17.25119972229004, 
      17.250200271606445, 
      18.591699600219727, 
      18.589099884033203, 
      18.596200942993164, 
      18.554899215698242, 
      19.276599884033203, 
      19.329999923706055, 
      19.30940055847168, 
      19.273700714111328, 
      19.459800720214844, 
      19.552400588989258, 
      19.55470085144043
    ], 
    "mjd": [
      57135.3984375, 
      57135.41015625, 
      57135.421875, 
      57135.43359375, 
      57136.484375, 
      57136.49609375, 
      57136.5078125, 
      57136.51953125, 
      57137.4609375, 
      57137.48828125, 
      57137.5, 
      57164.3828125, 
      57164.39453125, 
      57164.41015625, 
      57164.421875, 
      57183.31640625, 
      57183.328125, 
      57183.34375, 
      57183.35546875, 
      57186.31640625, 
      57186.328125, 
      57186.36328125
    ], 
    "modeldate": [
      57135.3984375, 
      57136.3984375, 
      57137.3984375, 
      57138.3984375, 
      57139.3984375, 
      57140.3984375, 
      57141.3984375, 
      57142.3984375, 
      57143.3984375, 
      57144.3984375, 
      57145.3984375, 
      57146.3984375, 
      57147.3984375, 
      57148.3984375, 
      57149.3984375, 
      57150.3984375, 
      57151.3984375, 
      57152.3984375, 
      57153.3984375, 
      57154.3984375, 
      57155.3984375, 
      57156.3984375, 
      57157.3984375, 
      57158.3984375, 
      57159.3984375, 
      57160.3984375, 
      57161.3984375, 
      57162.3984375, 
      57163.3984375, 
      57164.3984375, 
      57165.3984375, 
      57166.3984375, 
      57167.3984375, 
      57168.3984375, 
      57169.3984375, 
      57170.3984375, 
      57171.3984375, 
      57172.3984375, 
      57173.3984375, 
      57174.3984375, 
      57175.3984375, 
      57176.3984375, 
      57177.3984375, 
      57178.3984375, 
      57179.3984375, 
      57180.3984375, 
      57181.3984375, 
      57182.3984375, 
      57183.3984375, 
      57184.3984375, 
      57185.3984375
    ], 
    "modelerr": [
      0.009852453479785316, 
      1.0219807081923737, 
      1.0219444602115257, 
      1.0219100378126693, 
      1.021877441582596, 
      1.0218466720769703, 
      1.0218177298203082, 
      1.021790615305955, 
      1.0217653289960669, 
      1.0217418713215907, 
      1.021720242682248, 
      1.021700443446519, 
      1.0216824739516261, 
      1.0216663345035228, 
      1.0216520253768793, 
      1.021639546815072, 
      1.0216288990301752, 
      1.0216200822029504, 
      1.0216130964828405, 
      1.0216079419879631, 
      1.0216046188051058, 
      1.0216031269897237, 
      1.0216034665659357, 
      1.0216056375265246, 
      1.021609639832937, 
      1.021615473415285, 
      1.021623138172349, 
      1.021632633971582, 
      1.0216439606491143, 
      1.0216571180097611, 
      1.0216721058270297, 
      1.021688923843129, 
      1.0217075717689796, 
      1.0217280492842256, 
      1.021750356037247, 
      1.0217744916451756, 
      1.0218004556939084, 
      1.0218282477381253, 
      1.021857867301307, 
      1.0218893138757539, 
      1.021922586922607, 
      1.0219576858718689, 
      1.021994610122427, 
      1.0220333590420785, 
      1.0220739319675543, 
      1.0221163282045473, 
      1.022160547027739, 
      1.0222065876808288, 
      1.0222544493765653, 
      1.0223041312967769, 
      1.0223556325924048
    ], 
    "modelmag": [
      17.145699888238074, 
      17.18701425194346, 
      17.246496465063313, 
      17.290035308743175, 
      17.33963180389852, 
      17.389365271287026, 
      17.439177834657954, 
      17.48899636576742, 
      17.538850649396217, 
      17.588704944294104, 
      17.63855983172011, 
      17.68842615194644, 
      17.73829248357274, 
      17.78815882664251, 
      17.838024456900882, 
      17.887888937509477, 
      17.937753429691625, 
      17.987617933490554, 
      18.037474924003817, 
      18.087325250927453, 
      18.137175589597142, 
      18.187025940055843, 
      18.23684685948352, 
      18.286663220768332, 
      18.336479593970594, 
      18.386237419302674, 
      18.435977884263746, 
      18.485652854896546, 
      18.535250412822823, 
      18.585314358130184, 
      18.601584487711936, 
      18.634692122392273, 
      18.670236714553486, 
      18.706264476871084, 
      18.743209896753235, 
      18.780213159245417, 
      18.817955503626678, 
      18.855697860474432, 
      18.893737846480867, 
      18.932129875795816, 
      18.970521917702154, 
      19.009458652797438, 
      19.04857470008567, 
      19.087934024000077, 
      19.128144906455145, 
      19.168637100530862, 
      19.21093726533208, 
      19.25571352229574, 
      19.290426850555374, 
      19.335930244922103, 
      19.40674821793319
    ]
  }
}