{
  "w_Pan-STARRS1": {
    "bsplinemag": [
      17.857647477508156,
      17.819453662822525,
      18.38400903778607,
      18.378431876908326,
      22.830162961185273,
      28.821490917884347,
      36.119721670924044,
      44.48715062096892,
      53.686073168683535,
      63.47878471473248,
      73.62758065978032,
      83.8947564044916,
      94.04260734953095,
      103.83342889556288,
      113.029516443252,
      121.39316539326289,
      128.68667114626007,
      134.67232910290812,
      139.11243466387165,
      141.76928322981524,
      142.40517020140342,
      140.7823909793008,
      136.6632409641719,
      129.8100155566813,
      119.9850101574936,
      106.95052016727335,
      90.46884098668517,
      70.30226801639355,
      46.21309665706312,
      18.631561541471488,
      -32.8466411093931,
      -81.07333554631614,
      -125.57960169390894,
      -166.4729539499238,
      -203.86090671211315,
      -237.85097437822913,
      -268.55067134602416,
      -296.0675120132505,
      -320.50901077766065,
      -341.9826820370067,
      -360.59604018904116,
      -376.4565996315162,
      -389.6718747621842,
      -400.3493799787976,
      -408.59662967910833,
      -414.5211382608692,
      -418.2304201218322,
      -419.8319896597498,
      -419.4333612723743,
      -417.142049357458,
      -413.0655683127532,
      -407.3114325360122,
      -399.98715642498746,
      -391.2002543774312,
      -381.0582407910956,
      -369.66863006373336,
      -357.1389365930963,
      -343.5766747769371,
      -329.08935901300805,
      -313.78450369906125,
      -297.76962323284937,
      -281.1522320121244,
      -264.0398444346387,
      -246.53997489814492,
      -228.760137800395,
      -210.80784753914142,
      -192.7906185121365,
      -174.8159651171325,
      -156.99140175188174,
      -139.42444281413665,
      -122.22260270164952,
      -105.49339581217258,
      -89.3443365434582,
      -73.88293929325869,
      -59.21671845932641,
      -45.45318843941362,
      -32.69986363127269,
      -21.06425843265592,
      -10.653887241315628,
      -1.5762644550041411,
      6.061095528526224,
      12.150678311523148,
      16.584969496234315,
      19.256454684907396,
      20.074818711120948
    ],
    "dmag": [
      0.022899499163031578,
      0.019394200295209885,
      0.02208459936082363,
      0.036619000136852264,
      0.010375900194048882,
      0.011483600363135338,
      0.008887870237231255,
      0.010160500183701515,
      0.022724799811840057,
      0.02715660072863102,
      0.01731950044631958,
      0.025335900485515594,
      0.038993000984191895,
      0.019985299557447433,
      0.0299942996352911,
      0.02406330034136772,
      0.019749699160456657,
      0.0684593990445137,
      0.07118680328130722,
      0.08486539870500565,
      0.08263149857521057,
      0.04405369982123375,
      0.05200690031051636,
      0.04793519899249077,
      0.04480680078268051
    ],
    "goodstatus": false,
    "kernel": [
      113.92224393759734
    ],
    "mag": [
      17.850000381469727,
      17.82069969177246,
      17.765100479125977,
      17.788400650024414,
      17.812700271606445,
      17.809200286865234,
      17.809099197387695,
      17.814699172973633,
      18.33009910583496,
      18.460899353027344,
      18.29360008239746,
      18.438499450683594,
      18.539499282836914,
      18.682300567626953,
      18.374300003051758,
      18.732500076293945,
      18.146799087524414,
      20.058900833129883,
      20.054100036621094,
      20.037599563598633,
      20.0762996673584,
      20.01099967956543,
      20.097299575805664,
      20.051700592041016,
      20.027700424194336
    ],
    "mjd": [
      57075.453125,
      57075.46484375,
      57075.4765625,
      57075.48828125,
      57076.46484375,
      57076.4765625,
      57076.48828125,
      57076.5,
      57077.44921875,
      57077.46484375,
      57077.4765625,
      57078.46875,
      57078.49609375,
      57104.4296875,
      57104.4453125,
      57104.45703125,
      57104.47265625,
      57159.26171875,
      57159.2734375,
      57159.28515625,
      57159.296875,
      57160.28515625,
      57160.296875,
      57160.30859375,
      57160.3203125
    ],
    "modeldate": [
      57075.453125,
      57076.453125,
      57077.453125,
      57078.453125,
      57079.453125,
      57080.453125,
      57081.453125,
      57082.453125,
      57083.453125,
      57084.453125,
      57085.453125,
      57086.453125,
      57087.453125,
      57088.453125,
      57089.453125,
      57090.453125,
      57091.453125,
      57092.453125,
      57093.453125,
      57094.453125,
      57095.453125,
      57096.453125,
      57097.453125,
      57098.453125,
      57099.453125,
      57100.453125,
      57101.453125,
      57102.453125,
      57103.453125,
      57104.453125,
      57105.453125,
      57106.453125,
      57107.453125,
      57108.453125,
      57109.453125,
      57110.453125,
      57111.453125,
      57112.453125,
      57113.453125,
      57114.453125,
      57115.453125,
      57116.453125,
      57117.453125,
      57118.453125,
      57119.453125,
      57120.453125,
      57121.453125,
      57122.453125,
      57123.453125,
      57124.453125,
      57125.453125,
      57126.453125,
      57127.453125,
      57128.453125,
      57129.453125,
      57130.453125,
      57131.453125,
      57132.453125,
      57133.453125,
      57134.453125,
      57135.453125,
      57136.453125,
      57137.453125,
      57138.453125,
      57139.453125,
      57140.453125,
      57141.453125,
      57142.453125,
      57143.453125,
      57144.453125,
      57145.453125,
      57146.453125,
      57147.453125,
      57148.453125,
      57149.453125,
      57150.453125,
      57151.453125,
      57152.453125,
      57153.453125,
      57154.453125,
      57155.453125,
      57156.453125,
      57157.453125,
      57158.453125,
      57159.453125
    ],