{
  "w_Pan-STARRS1": {
    "bsplinemag": [
      16.270957362090147,
      19.458976969710633,
      20.043572481755294,
      18.612456331268696,
      16.035891724374228,
      13.184141867195262,
      10.927469965855185,
      10.136139226477383,
      11.680412855185226,
      16.430554058102107,
      13.50705356725924,
      10.257798822544691,
      6.991904437362718,
      3.82932879732477,
      0.8900302880422734,
      -1.7060327048733244,
      -3.8389017958105875,
      -5.3886185991580735,
      -6.235224729304345,
      -6.2587618006379655,
      -5.339271427547497,
      -3.3567952244214974,
      -0.19137480564852716,
      4.276948214382852,
      10.168132221284079
    ],
    "dmag": [
      0.0058960700407624245,
      0.007466449867933989,
      0.004663949832320213,
      0.0066736298613250256,
      0.014101600274443626,
      0.014721499755978584,
      0.01381510030478239,
      0.006266570184379816,
      0.006915159989148378,
      0.0056666601449251175,
      0.005912300199270248
    ],
    "goodstatus": true,
    "kernel": [
      5000.000000000004
    ],
    "mag": [
      16.27090072631836,
      16.280000686645508,
      16.256000518798828,
      16.306499481201172,
      16.476200103759766,
      16.55590057373047,
      16.51959991455078,
      17.21190071105957,
      17.280000686645508,
      17.235700607299805,
      17.241300582885742
    ],
    "mjd": [
      57332.30859375,
      57332.3203125,
      57332.359375,
      57332.37109375,
      57341.31640625,
      57341.328125,
      57341.33984375,
      57357.26171875,
      57357.26953125,
      57357.28125,
      57357.29296875
    ],
    "modeldate": [
      57332.30859375,
      57333.30859375,
      57334.30859375,
      57335.30859375,
      57336.30859375,
      57337.30859375,
      57338.30859375,
      57339.30859375,
      57340.30859375,
      57341.30859375,
      57342.30859375,
      57343.30859375,
      57344.30859375,
      57345.30859375,
      57346.30859375,
      57347.30859375,
      57348.30859375,
      57349.30859375,
      57350.30859375,
      57351.30859375,
      57352.30859375,
      57353.30859375,
      57354.30859375,
      57355.30859375,
      57356.30859375
    ],
    "modelerr": [
      0.005027163154778809,
      0.09471397709565041,
      0.15996558773002556,
      0.1990451430294722,
      0.21566007024866288,
      0.21112956027791213,
      0.18622665361358262,
      0.14187910569757944,
      0.07971406381696296,
      0.008286407592029853,
      0.08855273607659106,
      0.18605245674969642,
      0.28693078124153387,
      0.38607518755490705,
      0.47839852282063217,
      0.5592054738858748,
      0.6241628762687352,
      0.6695331301935386,
      0.6923122181703704,
      0.6901986303394914,
      0.6611930335156142,
      0.6032536502858908,
      0.5136361345396505,
      0.3877918497961381,
      0.21782598160954114
    ],
    "modelmag": [
      16.270172119140625,
      16.355133056640625,
      16.422515869140625,
      16.471832275390625,
      16.507476806640625,
      16.528961181640625,
      16.539215087890625,
      16.539703369140625,
      16.531402587890625,
      16.516754150390625,
      16.495758056640625,
      16.471832275390625,
      16.445953369140625,
      16.418121337890625,
      16.393707275390625,
      16.373687744140625,
      16.360992431640625,
      16.357086181640625,
      16.369293212890625,
      16.399078369140625,
      16.451324462890625,
      16.530914306640625,
      16.643707275390625,
      16.796051025390625,
      16.995758056640625
    ],
    "type": "Ia"
  }
}