{
  "C_Catalina Schmidt": {
    "dmag": [
      0.05087200179696083, 
      0.05380700156092644, 
      0.052271001040935516, 
      0.05110099911689758, 
      0.053902000188827515, 
      0.056411001831293106, 
      0.06139799952507019, 
      0.055796001106500626, 
      0.07049600034952164, 
      0.06052500009536743, 
      0.06477899849414825, 
      0.06530600041151047, 
      0.06156599894165993, 
      0.06535699963569641, 
      0.0740320011973381, 
      0.06398999691009521, 
      0.09011399745941162, 
      0.07646100223064423, 
      0.07144500315189362, 
      0.0731159970164299, 
      0.12001100182533264, 
      0.0878089964389801, 
      0.07844900339841843, 
      0.09336099773645401, 
      0.11375100165605545, 
      0.10659900307655334, 
      0.0793130025267601, 
      0.12383899837732315, 
      0.10835999995470047
    ], 
    "goodstatus": true, 
    "kernel": [
      1.0000010000005, 
      499999.99999999971, 
      1.0000000001
    ], 
    "mag": [
      17.13409996032715, 
      17.31279945373535, 
      17.210100173950195, 
      17.22279930114746, 
      17.218000411987305, 
      17.3302001953125, 
      17.648799896240234, 
      17.360300064086914, 
      17.94059944152832, 
      17.552499771118164, 
      17.744199752807617, 
      17.770299911499023, 
      17.612199783325195, 
      17.724300384521484, 
      17.985200881958008, 
      17.682199478149414, 
      18.427799224853516, 
      18.097000122070312, 
      17.943099975585938, 
      17.968000411987305, 
      19.05109977722168, 
      18.427799224853516, 
      18.039499282836914, 
      18.50510025024414, 
      18.941299438476562, 
      18.882400512695312, 
      18.17289924621582, 
      19.155500411987305, 
      18.76420021057129
    ], 
    "mjd": [
      57283.44140625, 
      57283.48046875, 
      57283.51953125, 
      57283.55859375, 
      57289.44140625, 
      57289.48046875, 
      57289.51953125, 
      57289.55859375, 
      57298.44140625, 
      57298.48046875, 
      57298.51953125, 
      57298.55859375, 
      57305.44140625, 
      57305.48046875, 
      57305.51953125, 
      57305.55859375, 
      57327.44140625, 
      57327.48046875, 
      57327.51953125, 
      57327.55859375, 
      57333.44140625, 
      57333.48046875, 
      57333.51953125, 
      57333.55859375, 
      57340.44140625, 
      57340.48046875, 
      57340.51953125, 
      57340.55859375, 
      57361.44140625
    ], 
    "modeldate": [
      57283.44140625, 
      57284.44140625, 
      57285.44140625, 
      57286.44140625, 
      57287.44140625, 
      57288.44140625, 
      57289.44140625, 
      57290.44140625, 
      57291.44140625, 
      57292.44140625, 
      57293.44140625, 
      57294.44140625, 
      57295.44140625, 
      57296.44140625, 
      57297.44140625, 
      57298.44140625, 
      57299.44140625, 
      57300.44140625, 
      57301.44140625, 
      57302.44140625, 
      57303.44140625, 
      57304.44140625, 
      57305.44140625, 
      57306.44140625, 
      57307.44140625, 
      57308.44140625, 
      57309.44140625, 
      57310.44140625, 
      57311.44140625, 
      57312.44140625, 
      57313.44140625, 
      57314.44140625, 
      57315.44140625, 
      57316.44140625, 
      57317.44140625, 
      57318.44140625, 
      57319.44140625, 
      57320.44140625, 
      57321.44140625, 
      57322.44140625, 
      57323.44140625, 
      57324.44140625, 
      57325.44140625, 
      57326.44140625, 
      57327.44140625, 
      57328.44140625, 
      57329.44140625, 
      57330.44140625, 
      57331.44140625, 
      57332.44140625, 
      57333.44140625, 
      57334.44140625, 
      57335.44140625, 
      57336.44140625, 
      57337.44140625, 
      57338.44140625, 
      57339.44140625, 
      57340.44140625, 
      57341.44140625, 
      57342.44140625, 
      57343.44140625, 
      57344.44140625, 
      57345.44140625, 
      57346.44140625, 
      57347.44140625, 
      57348.44140625, 
      57349.44140625, 
      57350.44140625, 
      57351.44140625, 
      57352.44140625, 
      57353.44140625, 
      57354.44140625, 
      57355.44140625, 
      57356.44140625, 
      57357.44140625, 
      57358.44140625, 
      57359.44140625, 
      57360.44140625
    ], 
    "modelerr": [
      0.05080860910322438, 
      1.0173876313647097, 
      1.0173362425138452, 
      1.0172866856964091, 
      1.0172389617540534, 
      1.0171930714974011, 
      0.05382656315657531, 
      1.0171067951283546, 
      1.017066410481769, 
      1.0170278624524465, 
      1.0169911516953962, 
      1.0169562788344213, 
      1.016923244462093, 
      1.0168920491397269, 
      1.0168626933973606, 
      0.07032738249513472, 
      1.0168095026162598, 
      1.0167856684810241, 
      1.016763675732749, 
      1.0167435247447867, 
      1.0167252158591014, 
      1.0167087493862574, 
      0.06145355643733713, 
      1.0166813447642695, 
      1.0166704070791412, 
      1.0166613127348678, 
      1.0166540618848456, 
      1.0166486546510143, 
      1.0166450911238512, 
      1.016643371362368, 
      1.016643495394109, 
      1.0166454632151494, 
      1.016649274790096, 
      1.0166549300520864, 
      1.0166624289027963, 
      1.0166717712124391, 
      1.0166829568197735, 
      1.016695985532109, 
      1.0167108571253145, 
      1.0167275713438273, 
      1.0167461279006622, 
      1.0167665264774255, 
      1.016788766724325, 
      1.0168128482601866, 
      0.08976259929730242, 
      1.016866533517278, 
      1.0168961363193898, 
      1.0169275785722645, 
      1.0169608597380695, 
      1.0169959792477017, 
      0.11918504708896038, 
      1.0170717308658117, 
      1.0171123616799376, 
      1.0171548282492378, 
      1.0171991298486198, 
      1.017245265721877, 
      1.0172932350817177, 
      0.11304739191617771, 
      1.0173946709567523, 
      1.0174481357422314, 
      1.0175034305549344, 
      1.0175605544526467, 
      1.0176195064622773, 
      1.0176802855798992, 
      1.0177428907707875, 
      1.0178073209694631, 
      1.0178735750797339, 
      1.017941651974739, 
      1.0180115504969942, 
      1.0180832694584376, 
      1.0181568076404783, 
      1.0182321637940428, 
      1.0183093366396283, 
      1.0183883248673502, 
      1.0184691271369966, 
      1.018551742078081, 
      1.0186361682898966, 
      1.0187224043415726
    ],