{
  "i_Pan-STARRS1": {
    "bsplinemag": [
      15.506900968022984,
      23.662116886764235,
      30.834094785241476,
      36.81674901581471,
      41.68404819771636,
      45.50996095017887,
      48.36845589243465,
      50.33350164371617,
      51.47906682325579,
      51.879120050286,
      51.6076299440392,
      50.73856512374783,
      49.34589420864431,
      47.50358581796109,
      45.28560857093057,
      42.76593108678521,
      40.0185219847574,
      37.11734988407961,
      34.13638340398426,
      31.14959116370375,
      28.230941782470545,
      25.454403879517052,
      22.89394607407571,
      20.623536985378948,
      18.717145232659195,
      17.248739435148877,
      16.29228821208043,
      15.921760182686272,
      16.20632737683559
    ],
    "dmag": [
      0.0031566100660711527,
      0.003018229966983199,
      0.003134140046313405,
      0.005245179869234562,
      0.005516679957509041,
      0.005891249980777502,
      0.005484070163220167,
      0.005532689858227968,
      0.006335509940981865,
      0.006613669916987419,
      0.006686470005661249,
      0.00861172005534172
    ],
    "goodstatus": false,
    "kernel": [
      158.67148104930385
    ],
    "mag": [
      15.505999565124512,
      15.515299797058105,
      15.492600440979004,
      15.586700439453125,
      16.17099952697754,
      16.17259979248047,
      16.18869972229004,
      16.18939971923828,
      16.209400177001953,
      16.234600067138672,
      16.210500717163086,
      16.225200653076172
    ],
    "mjd": [
      57172.53515625,
      57172.546875,
      57172.5625,
      57172.57421875,
      57200.46875,
      57200.48046875,
      57200.4921875,
      57200.50390625,
      57201.44921875,
      57201.4609375,
      57201.4765625,
      57201.48828125
    ],
    "modeldate": [
      57172.53515625,
      57173.53515625,
      57174.53515625,
      57175.53515625,
      57176.53515625,
      57177.53515625,
      57178.53515625,
      57179.53515625,
      57180.53515625,
      57181.53515625,
      57182.53515625,
      57183.53515625,
      57184.53515625,
      57185.53515625,
      57186.53515625,
      57187.53515625,
      57188.53515625,
      57189.53515625,
      57190.53515625,
      57191.53515625,
      57192.53515625,
      57193.53515625,
      57194.53515625,
      57195.53515625,
      57196.53515625,
      57197.53515625,
      57198.53515625,
      57199.53515625,
      57200.53515625
    ],
    "modelerr": [
      0.0030099677748871953,
      11.279646783330659,
      51.99165288247628,
      134.09618486777686,
      264.6258058576247,
      442.39501964523305,
      658.4918412283873,
      897.94391874328,
      1141.8992363469108,
      1370.031665067992,
      1562.9289759674516,
      1704.235539973613,
      1782.3519841132786,
      1791.5414351448758,
      1732.3552570309384,
      1611.3621502456338,
      1440.2366835982234,
      1234.3300897419967,
      1010.8984294717271,
      787.197196165658,
      578.6631264852512,
      397.3919375722706,
      251.08589708241334,
      142.5926747127923,
      70.09127883534737,
      27.908782878211728,
      7.883351575038631,
      1.1265790242373424,
      0.009814331661250869
    ],
    "modelmag": [
      15.514717102050781,
      111.41168975830078,
      376.1270217895508,
      762.5137405395508,
      1220.6831741333008,
      1701.3701858520508,
      2159.122138977051,
      2555.093330383301,
      2859.209541320801,
      3051.586494445801,
      3123.092353820801,
      3075.035713195801,
      2918.075752258301,
      2670.452217102051,
      2355.710517883301,
      2000.1934280395508,
      1630.4715042114258,
      1270.9863967895508,
      942.1109085083008,
      658.7473831176758,
      429.6038284301758,
      257.1441116333008,
      138.20514678955078,
      65.14655303955078,
      27.42377471923828,
      13.364692687988281,
      11.980171203613281,
      14.606391906738281,
      16.20771026611328
    ],
    "type": "Ia Pec"
  }
}