{
  "i_Pan-STARRS1": {
    "dmag": [
      0.0376117005944252, 
      0.03509980067610741, 
      0.050632499158382416, 
      0.05966699868440628, 
      0.08098269999027252, 
      0.22108300030231476
    ], 
    "goodstatus": false, 
    "kernel": [
      1.0000010000005, 
      499999.99999999971, 
      1.0000000001
    ], 
    "mag": [
      17.784400939941406, 
      17.7677001953125, 
      17.80069923400879, 
      17.792699813842773, 
      20.279300689697266, 
      20.116500854492188
    ], 
    "mjd": [
      57095.5859375, 
      57095.6015625, 
      57095.6171875, 
      57095.6328125, 
      57122.55078125, 
      57122.58203125
    ], 
    "modeldate": [
      57095.5859375, 
      57096.5859375, 
      57097.5859375, 
      57098.5859375, 
      57099.5859375, 
      57100.5859375, 
      57101.5859375, 
      57102.5859375, 
      57103.5859375, 
      57104.5859375, 
      57105.5859375, 
      57106.5859375, 
      57107.5859375, 
      57108.5859375, 
      57109.5859375, 
      57110.5859375, 
      57111.5859375, 
      57112.5859375, 
      57113.5859375, 
      57114.5859375, 
      57115.5859375, 
      57116.5859375, 
      57117.5859375, 
      57118.5859375, 
      57119.5859375, 
      57120.5859375, 
      57121.5859375
    ], 
    "modelerr": [
      0.03758895595610713, 
      1.0697083303950876, 
      1.0696965869790187, 
      1.0696864390781817, 
      1.0696778868592387, 
      1.0696709304626189, 
      1.0696655700025124, 
      1.069661805566867, 
      1.069659637217384, 
      1.069659064989517, 
      1.0696600888924692, 
      1.069662708909195, 
      1.0696669249963981, 
      1.0696727370845358, 
      1.0696801450778195, 
      1.0696891488542195, 
      1.0696997482654684, 
      1.069711943137068, 
      1.0697257332682946, 
      1.0697411184322059, 
      1.0697580983756516, 
      1.069776672819281, 
      1.069796841457553, 
      1.0698186039587483, 
      1.0698419599649818, 
      1.0698669090922148, 
      1.0698934509302707
    ], 
    "modelmag": [
      17.7844313942089, 
      17.906012524351702, 
      17.99797344748519, 
      18.08990157738795, 
      18.181877479770595, 
      18.273908954939852, 
      18.3659955853327, 
      18.45812995807776, 
      18.55027456914136, 
      18.64233652566778, 
      18.73425873138807, 
      18.825996936509185, 
      18.917462423601727, 
      19.00864845495721, 
      19.09951056076814, 
      19.190000564917383, 
      19.279989583653702, 
      19.369470401979633, 
      19.458365771036906, 
      19.54658195346165, 
      19.633835605897836, 
      19.720074339105796, 
      19.80502678716805, 
      19.888082687344816, 
      19.968697352661778, 
      20.04539307395135, 
      20.114378154530986
    ]
  }
}