{
  "i_Pan-STARRS1": {
    "dmag": [
      0.08071529865264893, 
      0.0820728987455368, 
      0.06863719969987869, 
      0.052687399089336395, 
      0.13546399772167206, 
      0.146806001663208, 
      0.15315599739551544, 
      0.10996200144290924
    ], 
    "goodstatus": true, 
    "kernel": [
      1.0000010000005, 
      100.00000000000004, 
      1.0000000001
    ], 
    "mag": [
      18.471799850463867, 
      18.46649932861328, 
      18.45490074157715, 
      18.428499221801758, 
      20.69770050048828, 
      20.537700653076172, 
      20.561599731445312, 
      20.207700729370117
    ], 
    "mjd": [
      57412.5078125, 
      57412.51953125, 
      57412.53515625, 
      57412.546875, 
      57467.32421875, 
      57467.3359375, 
      57467.34765625, 
      57467.359375
    ], 
    "modeldate": [
      57412.5078125, 
      57413.5078125, 
      57414.5078125, 
      57415.5078125, 
      57416.5078125, 
      57417.5078125, 
      57418.5078125, 
      57419.5078125, 
      57420.5078125, 
      57421.5078125, 
      57422.5078125, 
      57423.5078125, 
      57424.5078125, 
      57425.5078125, 
      57426.5078125, 
      57427.5078125, 
      57428.5078125, 
      57429.5078125, 
      57430.5078125, 
      57431.5078125, 
      57432.5078125, 
      57433.5078125, 
      57434.5078125, 
      57435.5078125, 
      57436.5078125, 
      57437.5078125, 
      57438.5078125, 
      57439.5078125, 
      57440.5078125, 
      57441.5078125, 
      57442.5078125, 
      57443.5078125, 
      57444.5078125, 
      57445.5078125, 
      57446.5078125, 
      57447.5078125, 
      57448.5078125, 
      57449.5078125, 
      57450.5078125, 
      57451.5078125, 
      57452.5078125, 
      57453.5078125, 
      57454.5078125, 
      57455.5078125, 
      57456.5078125, 
      57457.5078125, 
      57458.5078125, 
      57459.5078125, 
      57460.5078125, 
      57461.5078125, 
      57462.5078125, 
      57463.5078125, 
      57464.5078125, 
      57465.5078125, 
      57466.5078125
    ], 
    "modelerr": [
      0.08050592352335499, 
      1.0993061408492468, 
      1.1097596126549563, 
      1.126391142580605, 
      1.1480097152030677, 
      1.1731952523297806, 
      1.2004695149163653, 
      1.2284394774189795, 
      1.2558985246448588, 
      1.2818840822435464, 
      1.305697963949255, 
      1.3268985309554555, 
      1.3452737038574583, 
      1.3608026117713752, 
      1.373612135447547, 
      1.383933163340979, 
      1.3920601020702243, 
      1.3983160399216712, 
      1.4030249295740251, 
      1.4064912406961454, 
      1.408986766923416, 
      1.4107436937570221, 
      1.4119526694201747, 
      1.4127644686400396, 
      1.4132938701824975, 
      1.4136245320056269, 
      1.413813884045973, 
      1.4138973140297817, 
      1.4138911577318385, 
      1.4137942032329458, 
      1.4135875797994053, 
      1.4132330415881709, 
      1.4126697976201523, 
      1.4118102049128611, 
      1.4105348451707262, 
      1.4086877452797744, 
      1.4060727565719808, 
      1.402452336278766, 
      1.397550121511811, 
      1.3910586928404751, 
      1.3826537427334196, 
      1.372015468127907, 
      1.3588573992954547, 
      1.3429620871226942, 
      1.3242221370972076, 
      1.3026840305818608, 
      1.2785910149217707, 
      1.2524200471991476, 
      1.224906324557698, 
      1.1970474278549352, 
      1.170077973211112, 
      1.1454059368342686, 
      1.1245052384879137, 
      1.108767648358922, 
      1.0993309284568982
    ], 
    "modelmag": [
      18.471774373113654, 
      18.478833672290655, 
      18.51753325773727, 
      18.557221045046983, 
      18.597398822077835, 
      18.637887135840096, 
      18.678606607785255, 
      18.719499243809604, 
      18.76052153279984, 
      18.80163988681063, 
      18.84282542704626, 
      18.884072536221808, 
      18.925356211932467, 
      18.96664891068141, 
      19.007955707834917, 
      19.04925387812835, 
      19.090543697903037, 
      19.13181526071164, 
      19.173070180416627, 
      19.214297970165397, 
      19.255508876617153, 
      19.296687242289252, 
      19.33785287492358, 
      19.378985542076617, 
      19.42011193753536, 
      19.4612108167047, 
      19.502311187869307, 
      19.543395731529568, 
      19.58449044640054, 
      19.625586846568723, 
      19.66670276176856, 
      19.707841933066153, 
      19.749010027669925, 
      19.790223112359367, 
      19.831473322608833, 
      19.87278354359109, 
      19.91413606136169, 
      19.955546224742832, 
      19.99699934590673, 
      20.038475079908846, 
      20.079990849858408, 
      20.121440407922968, 
      20.162929942470598, 
      20.2041818675774, 
      20.245339944452855, 
      20.286270623642164, 
      20.326729196444834, 
      20.36674985151502, 
      20.40616542249451, 
      20.444777172516055, 
      20.482340257169337, 
      20.518545708017275, 
      20.552992964433717, 
      20.584537503783928, 
      20.610603045388643
    ]
  }
}