{
  "g_Pan-STARRS1": {
    "dmag": [
      0.1263359934091568, 
      0.08091829717159271, 
      0.13232800364494324, 
      0.1840759962797165, 
      0.13753700256347656, 
      0.06952819973230362
    ], 
    "goodstatus": true, 
    "kernel": [
      1.0000010000005, 
      66617.552416514984, 
      1.0000000001
    ], 
    "mag": [
      19.941999435424805, 
      19.911100387573242, 
      19.858999252319336, 
      19.890499114990234, 
      20.077499389648438, 
      19.975200653076172
    ], 
    "mjd": [
      57216.41796875, 
      57216.4296875, 
      57217.39453125, 
      57217.40625, 
      57217.41796875, 
      57217.4296875
    ], 
    "modeldate": [
      57216.41796875, 
      57217.41796875
    ], 
    "modelerr": [
      0.1254822145362245, 
      0.13643738348019283
    ], 
    "modelmag": [
      19.94192889173081, 
      20.07632530063443
    ]
  }
}