{
  "C_Catalina Schmidt": {
    "bsplinemag": [
      17.189505617111394,
      17.15444890263142,
      16.360695580718367,
      15.388579260605098,
      14.818433551524453,
      15.230592062709288,
      17.205388403392465,
      11.839510971909768,
      10.48396086802126,
      12.849946411864185,
      17.378958970115228,
      22.51248990945108,
      26.692030596548413,
      28.359072398083924,
      25.955106680734296,
      17.921624811176205,
      18.091647203490947,
      17.04200406013805,
      15.291560689305555,
      13.65564028757025,
      12.949566051508928,
      13.988661177698376,
      17.588248862715382,
      11.678167985294886,
      6.757605533277116,
      3.6547483856958927,
      2.1653522174681195,
      2.085172703510711,
      3.209965518740557,
      5.335486338074574,
      8.257490836429666,
      11.771734688722745,
      15.673973569870714,
      19.75996315479048,
      23.825459118398943,
      27.666217135613035,
      31.07799288134963,
      33.85654203052565,
      35.797620258058004,
      36.6969832388636,
      36.35038664785933,
      34.55358615996212,
      31.102337450088868,
      25.792396193156485,
      18.41951806408186,
      21.519433728569425,
      27.88913526764352,
      33.85019526602108,
      36.38188451937952,
      32.46347382339629,
      19.07423397374884,
      29.197956577605186,
      37.32130924105507,
      41.320878325896395,
      41.347112627431386,
      37.55046094096228,
      30.081372061791345,
      19.09029478522081,
      625.7059959004431,
      2551.09080125128,
      5581.818514352168,
      9499.3542313652,
      14085.163048452469,
      19120.71006177606,
      24387.460367498068,
      29666.879061780583,
      34740.43124078569,
      39389.5820006755,
      43395.79643761208,
      46540.539647757534,
      48605.276727273944,
      49371.47277232341,
      48620.59287906802,
      46134.102143669865,
      41693.46566229103,
      35080.148531093626,
      26075.615846239714,
      14461.332703891403
    ],
    "dmag": [
      0.05087200179696083,
      0.05380700156092644,
      0.052271001040935516,
      0.05110099911689758,
      0.053902000188827515,
      0.056411001831293106,
      0.06139799952507019,
      0.055796001106500626,
      0.07049600034952164,
      0.06052500009536743,
      0.06477899849414825,
      0.06530600041151047,
      0.06156599894165993,
      0.06535699963569641,
      0.0740320011973381,
      0.06398999691009521,
      0.09011399745941162,
      0.07646100223064423,
      0.07144500315189362,
      0.0731159970164299,
      0.12001100182533264,
      0.0878089964389801,
      0.07844900339841843,
      0.09336099773645401,
      0.11375100165605545,
      0.10659900307655334,
      0.0793130025267601,
      0.12383899837732315,
      0.10835999995470047
    ],
    "goodstatus": true,
    "kernel": [
      5000.000000000004
    ],
    "mag": [
      17.13409996032715,
      17.31279945373535,
      17.210100173950195,
      17.22279930114746,
      17.218000411987305,
      17.3302001953125,
      17.648799896240234,
      17.360300064086914,
      17.94059944152832,
      17.552499771118164,
      17.744199752807617,
      17.770299911499023,
      17.612199783325195,
      17.724300384521484,
      17.985200881958008,
      17.682199478149414,
      18.427799224853516,
      18.097000122070312,
      17.943099975585938,
      17.968000411987305,
      19.05109977722168,
      18.427799224853516,
      18.039499282836914,
      18.50510025024414,
      18.941299438476562,
      18.882400512695312,
      18.17289924621582,
      19.155500411987305,
      18.76420021057129
    ],
    "mjd": [
      57283.44140625,
      57283.48046875,
      57283.51953125,
      57283.55859375,
      57289.44140625,
      57289.48046875,
      57289.51953125,
      57289.55859375,
      57298.44140625,
      57298.48046875,
      57298.51953125,
      57298.55859375,
      57305.44140625,
      57305.48046875,
      57305.51953125,
      57305.55859375,
      57327.44140625,
      57327.48046875,
      57327.51953125,
      57327.55859375,
      57333.44140625,
      57333.48046875,
      57333.51953125,
      57333.55859375,
      57340.44140625,
      57340.48046875,
      57340.51953125,
      57340.55859375,
      57361.44140625
    ],
    "modeldate": [
      57283.44140625,
      57284.44140625,
      57285.44140625,
      57286.44140625,
      57287.44140625,
      57288.44140625,
      57289.44140625,
      57290.44140625,
      57291.44140625,
      57292.44140625,
      57293.44140625,
      57294.44140625,
      57295.44140625,
      57296.44140625,
      57297.44140625,
      57298.44140625,
      57299.44140625,
      57300.44140625,
      57301.44140625,
      57302.44140625,
      57303.44140625,
      57304.44140625,
      57305.44140625,
      57306.44140625,
      57307.44140625,
      57308.44140625,
      57309.44140625,
      57310.44140625,
      57311.44140625,
      57312.44140625,
      57313.44140625,
      57314.44140625,
      57315.44140625,
      57316.44140625,
      57317.44140625,
      57318.44140625,
      57319.44140625,
      57320.44140625,
      57321.44140625,
      57322.44140625,
      57323.44140625,
      57324.44140625,
      57325.44140625,
      57326.44140625,
      57327.44140625,
      57328.44140625,
      57329.44140625,
      57330.44140625,
      57331.44140625,
      57332.44140625,
      57333.44140625,
      57334.44140625,
      57335.44140625,
      57336.44140625,
      57337.44140625,
      57338.44140625,
      57339.44140625,
      57340.44140625,
      57341.44140625,
      57342.44140625,
      57343.44140625,
      57344.44140625,
      57345.44140625,
      57346.44140625,
      57347.44140625,
      57348.44140625,
      57349.44140625,
      57350.44140625,
      57351.44140625,
      57352.44140625,
      57353.44140625,
      57354.44140625,
      57355.44140625,
      57356.44140625,
      57357.44140625,
      57358.44140625,
      57359.44140625,
      57360.44140625
    ],