{
  "w_Pan-STARRS1": {
    "bsplinemag": [
      18.009482140651038,
      18.016541723422232,
      17.975400643681073,
      17.86976718941974,
      17.698823857543267,
      17.46680811139902,
      17.177960252668342,
      16.836520583032584,
      16.446729404173087,
      16.012827017771194,
      15.539053725508248,
      15.029649829065605,
      14.488855630124602,
      13.920911430366589,
      13.3300575314729,
      12.720534235124891,
      12.096581843003907,
      11.46244065679129,
      10.822350978168386,
      10.180553108816543,
      9.5412873504171,
      8.908794004651407,
      8.287313373200806,
      7.681085757746647,
      7.094351459970268,
      6.531350781553022,
      5.9963240241762525,
      5.4935114895213,
      5.027153479269515,
      4.601490295102239,
      4.22076223870082,
      3.8892096117465966,
      3.611072715920926,
      3.3905918529051418,
      3.2320073243805965,
      3.1395594320286317,
      3.1174884775305944,
      3.170034762567828,
      3.3014385888216795,
      3.5159402579734973,
      3.81778007170462,
      4.211198331696394,
      4.70043533963017,
      5.289731397187282,
      5.983326806049092,
      6.785461867896931,
      7.700376884412144,
      8.732312157276093,
      9.885507988170101,
      11.16420467877553,
      12.57264253077372,
      14.115061845846007,
      15.795702925673751,
      17.618806071938288,
      19.588608289232326,
      21.70179297413523,
      23.93138278380392,
      26.245780009959248,
      28.61338694432206,
      31.00260587861324,
      33.38183910455362,
      35.719488913864076,
      37.983957598265505,
      40.14364744947868,
      42.166960759224544,
      44.02229981922392,
      45.678066921197676,
      47.102664356866654,
      48.264494417951745,
      49.13195939617378,
      49.67346158325363,
      49.85740327091217,
      49.652186750870264,
      49.026214314848744,
      47.94788825456846,
      46.38561086175032,
      44.30778442811515,
      41.682811245383824,
      38.47909360527719,
      34.665033799516124,
      30.20903411982148,
      25.07949685791411
    ],
    "dmag": [
      0.026470400393009186,
      0.019339699298143387,
      0.02861109934747219,
      0.02345619909465313,
      0.013378500007092953,
      0.012678300030529499,
      0.01226819958537817,
      0.01550230011343956,
      0.03949639946222305,
      0.0360042005777359,
      0.054771799594163895,
      0.06209399923682213,
      0.06352230161428452,
      0.057243701070547104
    ],
    "goodstatus": false,
    "kernel": [
      5000.000000000004
    ],
    "mag": [
      18.02750015258789,
      17.996400833129883,
      18.024799346923828,
      18.007400512695312,
      17.95829963684082,
      17.96540069580078,
      17.965999603271484,
      18.00040054321289,
      19.39150047302246,
      19.36829948425293,
      19.41790008544922,
      19.512699127197266,
      20.120100021362305,
      20.095699310302734
    ],
    "mjd": [
      57308.41015625,
      57308.42578125,
      57308.44140625,
      57308.453125,
      57310.45703125,
      57310.47265625,
      57310.48828125,
      57310.5,
      57362.30859375,
      57362.31640625,
      57362.328125,
      57362.33984375,
      57390.265625,
      57390.2734375
    ],
    "modeldate": [
      57308.41015625,
      57309.41015625,
      57310.41015625,
      57311.41015625,
      57312.41015625,
      57313.41015625,
      57314.41015625,
      57315.41015625,
      57316.41015625,
      57317.41015625,
      57318.41015625,
      57319.41015625,
      57320.41015625,
      57321.41015625,
      57322.41015625,
      57323.41015625,
      57324.41015625,
      57325.41015625,
      57326.41015625,
      57327.41015625,
      57328.41015625,
      57329.41015625,
      57330.41015625,
      57331.41015625,
      57332.41015625,
      57333.41015625,
      57334.41015625,
      57335.41015625,
      57336.41015625,
      57337.41015625,
      57338.41015625,
      57339.41015625,
      57340.41015625,
      57341.41015625,
      57342.41015625,
      57343.41015625,
      57344.41015625,
      57345.41015625,
      57346.41015625,
      57347.41015625,
      57348.41015625,
      57349.41015625,
      57350.41015625,
      57351.41015625,
      57352.41015625,
      57353.41015625,
      57354.41015625,
      57355.41015625,
      57356.41015625,
      57357.41015625,
      57358.41015625,
      57359.41015625,
      57360.41015625,
      57361.41015625,
      57362.41015625,
      57363.41015625,
      57364.41015625,
      57365.41015625,
      57366.41015625,
      57367.41015625,
      57368.41015625,
      57369.41015625,
      57370.41015625,
      57371.41015625,
      57372.41015625,
      57373.41015625,
      57374.41015625,
      57375.41015625,
      57376.41015625,
      57377.41015625,
      57378.41015625,
      57379.41015625,
      57380.41015625,
      57381.41015625,
      57382.41015625,
      57383.41015625,
      57384.41015625,
      57385.41015625,
      57386.41015625,
      57387.41015625,
      57388.41015625,
      57389.41015625
    ],
    "modelerr": [
      0.014632152406027048,
      0.1834430481885616,
      0.023619895746968406,
      0.4452086210391243,
      1.1780701723166154,
      2.1368485155051475,
      3.2851528389966314,
      4.589174236408892,
      6.0176940926604585,
      7.541761857866924,
      9.134816598413545,
      10.772266548373322,
      12.431657271812304,
      14.092371871119441,
      15.73568139813361,
      17.344410569266984,
      18.90317756341559,
      20.397894826892994,
      21.816177539087644,
      23.146880803983652,
      24.3801621864,
      25.507492086784485,
      26.521503352121844,
      27.41595902925919,
      28.185845810760995,
      28.827078476185154,
      29.33662401963067,
      29.71245509887692,
      29.953480184615202,
      30.05943532537722,
      30.03096867964467,
      29.869554007310047,
      29.57734754117949,
      29.15726550951478,
      28.612858833606026,
      27.94826300244473,
      27.168108195886965,
      26.277528478915308,
      25.281972669686404,
      24.187267883921876,
      22.999360531749243,
      21.72438944319696,
      20.368556940522183,
      18.938029832635785,
      17.43878903290342,
      15.876794052875738,
      14.257625530532438,
      12.586639915107192,
      10.868886303389745,
      9.109078247052514,
      7.311616501866145,
      5.480621444521766,
      3.6200028538560947,
      1.7336112050316188,
      0.17641217068922754,
      2.101554785505125,
      4.041575375079769,
      5.99029248448543,
      7.941852427575337,
      9.88935846352064,
      11.82449857685023,
      13.737295298140275,
      15.615817446436042,
      17.445811188092087,
      19.210482908054093,
      20.890178918177305,
      22.462106871309157,
      23.900114700808277,
      25.174409517335434,
      26.25137294630239,
      27.093339822341612,
      27.658414878813122,
      27.900351025823973,
      27.76834066545633,
      27.206974613872877,
      26.156082599427798,
      24.55064355391291,
      22.320783728304153,
      19.39169869228331,
      15.683517269646376,
      11.11145789770851,
      5.5857458548582315
    ],