{
  "w_Pan-STARRS1": {
    "dmag": [
      0.09049809724092484, 
      0.0762794017791748, 
      0.14828699827194214, 
      0.13330499827861786, 
      0.07470110058784485, 
      0.07598569989204407, 
      0.2199530005455017, 
      0.20593999326229095
    ], 
    "goodstatus": true, 
    "kernel": [
      1.0000010000005, 
      499999.99999999971, 
      1.0000000001
    ], 
    "mag": [
      20.6210994720459, 
      20.58880043029785, 
      20.638099670410156, 
      20.800899505615234, 
      20.913799285888672, 
      20.853099822998047, 
      21.155099868774414, 
      21.056499481201172
    ], 
    "mjd": [
      57574.53125, 
      57574.54296875, 
      57574.55078125, 
      57574.5625, 
      57607.5, 
      57607.5234375, 
      57627.41015625, 
      57627.4375
    ], 
    "modeldate": [
      57574.53125, 
      57575.53125, 
      57576.53125, 
      57577.53125, 
      57578.53125, 
      57579.53125, 
      57580.53125, 
      57581.53125, 
      57582.53125, 
      57583.53125, 
      57584.53125, 
      57585.53125, 
      57586.53125, 
      57587.53125, 
      57588.53125, 
      57589.53125, 
      57590.53125, 
      57591.53125, 
      57592.53125, 
      57593.53125, 
      57594.53125, 
      57595.53125, 
      57596.53125, 
      57597.53125, 
      57598.53125, 
      57599.53125, 
      57600.53125, 
      57601.53125, 
      57602.53125, 
      57603.53125, 
      57604.53125, 
      57605.53125, 
      57606.53125, 
      57607.53125, 
      57608.53125, 
      57609.53125, 
      57610.53125, 
      57611.53125, 
      57612.53125, 
      57613.53125, 
      57614.53125, 
      57615.53125, 
      57616.53125, 
      57617.53125, 
      57618.53125, 
      57619.53125, 
      57620.53125, 
      57621.53125, 
      57622.53125, 
      57623.53125, 
      57624.53125, 
      57625.53125, 
      57626.53125
    ], 
    "modelerr": [
      0.09017146006007988, 
      1.0553809224215536, 
      1.055348081337604, 
      1.0553168997849824, 
      1.0552873782804844, 
      1.0552595173134225, 
      1.055233317345608, 
      1.055208778811334, 
      1.0551859021173582, 
      1.0551646876428888, 
      1.055145135739569, 
      1.055127246731464, 
      1.0551110209150494, 
      1.0550964585591993, 
      1.0550835599051764, 
      1.0550723251666227, 
      1.0550627545295523, 
      1.0550548481523427, 
      1.0550486061657305, 
      1.055044028672806, 
      1.0550411157490083, 
      1.0550398674421235, 
      1.055040283772283, 
      1.0550423647319624, 
      1.0550461102859814, 
      1.0550515203715058, 
      1.0550585948980495, 
      1.0550673337474785, 
      1.055077736774014, 
      1.0550898038042398, 
      1.0551035346371076, 
      1.0551189290439449, 
      1.0551359867684635, 
      1.05515470752677, 
      1.0551750910073754, 
      1.0551971368712074, 
      1.0552208447516236, 
      1.0552462142544248, 
      1.0552732449578706, 
      1.0553019364126937, 
      1.055332288142119, 
      1.0553642996418806, 
      1.0553979703802403, 
      1.055433299798009, 
      1.0554702873085662, 
      1.0555089322978835, 
      1.0555492341245474, 
      1.0555911921197825, 
      1.0556348055874787, 
      1.0556800738042151, 
      1.055726996019289, 
      1.0557755714547439, 
      1.0558257993053974
    ], 
    "modelmag": [
      20.621257255160515, 
      20.748734994615553, 
      20.770581593555075, 
      20.785776043975638, 
      20.797565836416993, 
      20.807485646554042, 
      20.815864253094848, 
      20.823264695902886, 
      20.82997050072259, 
      20.83614188344927, 
      20.841886125674797, 
      20.847272736758796, 
      20.852309064737433, 
      20.857087873973967, 
      20.861638470703035, 
      20.86598231012256, 
      20.870135122878953, 
      20.874080720446543, 
      20.8778315676962, 
      20.881420280007596, 
      20.884847553531703, 
      20.888111261060846, 
      20.89120603193481, 
      20.894094465325566, 
      20.89679338386788, 
      20.89928398102248, 
      20.901534321691322, 
      20.903495911522736, 
      20.9050837038516, 
      20.90618450114683, 
      20.90689788403534, 
      20.907336430215977, 
      20.90807969416845, 
      20.91034164533413, 
      20.915313650587965, 
      20.923496505429934, 
      20.933953637670335, 
      20.945896357148687, 
      20.95874142754004, 
      20.972098050103938, 
      20.98566752516338, 
      20.999274742602825, 
      21.01279234526369, 
      21.02611555249972, 
      21.039146521891944, 
      21.05178239349944, 
      21.063903550812284, 
      21.075359138557072, 
      21.085946014283056, 
      21.09537243674443, 
      21.102853802187205, 
      21.107585035064208, 
      21.106561227870646
    ]
  }
}