{
  "B_Swift_Vega": {
    "dmag": [
      0.061000000685453415, 
      0.05900000035762787, 
      0.05900000035762787, 
      0.05700000002980232, 
      0.05700000002980232
    ], 
    "goodstatus": true, 
    "kernel": [
      1.0000010000005, 
      499999.99999999971, 
      1.0000000001
    ], 
    "mag": [
      16.190000534057617, 
      16.0939998626709, 
      16.104000091552734, 
      16.121000289916992, 
      16.18199920654297
    ], 
    "mjd": [
      56874.91015625, 
      56876.375, 
      56878.33203125, 
      56879.9609375, 
      56882.765625
    ], 
    "modeldate": [
      56874.91015625, 
      56875.91015625, 
      56876.91015625, 
      56877.91015625, 
      56878.91015625, 
      56879.91015625, 
      56880.91015625, 
      56881.91015625
    ], 
    "modelerr": [
      0.06090568945511569, 
      1.0803502564060457, 
      1.0803470821167678, 
      1.080345449463988, 
      1.0803453584742846, 
      1.0803468091491384, 
      1.0803498014649322, 
      1.080354335372952
    ], 
    "modelmag": [
      16.191802569778318, 
      16.593312595237762, 
      16.601421988430403, 
      16.667544831493426, 
      16.696675211607317, 
      16.686966920232493, 
      16.688040340867552, 
      16.70440847920405
    ]
  }, 
  "M2_Swift_Vega": {
    "dmag": [
      0.20100000500679016, 
      0.19499999284744263, 
      0.19599999487400055, 
      0.1809999942779541, 
      0.1850000023841858
    ], 
    "goodstatus": true, 
    "kernel": [
      1.0000010000005, 
      499999.99999999971, 
      1.0000000001
    ], 
    "mag": [
      19.84000015258789, 
      19.937000274658203, 
      19.94499969482422, 
      20.01099967956543, 
      20.118000030517578
    ], 
    "mjd": [
      56874.91796875, 
      56876.38671875, 
      56878.34375, 
      56879.96484375, 
      56882.7734375
    ], 
    "modeldate": [
      56874.91796875, 
      56875.91796875, 
      56876.91796875, 
      56877.91796875, 
      56878.91796875, 
      56879.91796875, 
      56880.91796875, 
      56881.91796875
    ], 
    "modelerr": [
      0.1977148289940266, 
      1.0824758291072705, 
      1.0824726683630554, 
      1.0824710377388311, 
      1.0824709372610775, 
      1.0824723669314251, 
      1.0824753267266567, 
      1.0824798165987066
    ], 
    "modelmag": [
      19.840928991664256, 
      19.78187435013306, 
      19.790635120398054, 
      19.856909969350767, 
      19.88548900441324, 
      19.87575996491958, 
      19.87694589760123, 
      19.89340881425817
    ]
  }, 
  "U_Swift_Vega": {
    "dmag": [
      0.0729999989271164, 
      0.0689999982714653, 
      0.0689999982714653, 
      0.06499999761581421, 
      0.06800000369548798
    ], 
    "goodstatus": true, 
    "kernel": [
      1.0000010000005, 
      499999.99999999971, 
      1.0000000001
    ], 
    "mag": [
      16.367000579833984, 
      16.30299949645996, 
      16.299999237060547, 
      16.312999725341797, 
      16.607999801635742
    ], 
    "mjd": [
      56874.90625, 
      56876.37109375, 
      56878.33203125, 
      56879.9609375, 
      56882.76171875
    ], 
    "modeldate": [
      56874.90625, 
      56875.90625, 
      56876.90625, 
      56877.90625, 
      56878.90625, 
      56879.90625, 
      56880.90625, 
      56881.90625
    ], 
    "modelerr": [
      0.07283854932313093, 
      1.0804339478019809, 
      1.0804307716677641, 
      1.0804291367160046, 
      1.0804290429733159, 
      1.0804304904412227, 
      1.080433479096163, 
      1.0804380088894865
    ], 
    "modelmag": [
      16.36970146144467, 
      16.793885546629454, 
      16.801679796472538, 
      16.867733592150813, 
      16.897143010682253, 
      16.88744486957022, 
      16.888458220698247, 
      16.904771566726556
    ]
  }, 
  "V_Swift_Vega": {
    "dmag": [
      0.07500000298023224, 
      0.06800000369548798, 
      0.06700000166893005, 
      0.06300000101327896, 
      0.06300000101327896
    ], 
    "goodstatus": true, 
    "kernel": [
      1.0000010000005, 
      499999.99999999971, 
      1.0000000001
    ], 
    "mag": [
      16.073999404907227, 
      15.930999755859375, 
      15.892999649047852, 
      15.920000076293945, 
      15.991999626159668
    ], 
    "mjd": [
      56874.9140625, 
      56876.37890625, 
      56878.33984375, 
      56879.96484375, 
      56882.76953125
    ], 
    "modeldate": [
      56874.9140625, 
      56875.9140625, 
      56876.9140625, 
      56877.9140625, 
      56878.9140625, 
      56879.9140625, 
      56880.9140625, 
      56881.9140625
    ], 
    "modelerr": [
      0.07482494121349319, 
      1.0804207889339132, 
      1.0804176126527916, 
      1.0804159776255469, 
      1.0804158838787938, 
      1.080417331414058, 
      1.080420320207775, 
      1.080424850211292
    ], 
    "modelmag": [
      16.07654661528229, 
      16.446959966558826, 
      16.455386077049976, 
      16.52157943302512, 
      16.550432131818464, 
      16.54071493883931, 
      16.541849569193857, 
      16.558273531598147
    ]
  }, 
  "W1_Swift_Vega": {
    "dmag": [
      0.1120000034570694, 
      0.0989999994635582, 
      0.10300000011920929, 
      0.09600000083446503, 
      0.0989999994635582
    ], 
    "goodstatus": true, 
    "kernel": [
      1.0000010000005, 
      499999.99999999971, 
      1.0000000001
    ], 
    "mag": [
      18.042999267578125, 
      17.969999313354492, 
      18.007999420166016, 
      18.149999618530273, 
      18.26099967956543
    ], 
    "mjd": [
      56874.90625, 
      56876.37109375, 
      56878.328125, 
      56879.9609375, 
      56882.76171875
    ], 
    "modeldate": [
      56874.90625, 
      56875.90625, 
      56876.90625, 
      56877.90625, 
      56878.90625, 
      56879.90625, 
      56880.90625, 
      56881.90625
    ], 
    "modelerr": [
      0.11141993749492622, 
      1.0807963174227115, 
      1.0807931443149827, 
      1.0807915104245676, 
      1.08079141577805, 
      1.08079286037697, 
      1.0807958441978214, 
      1.0808003671920532
    ], 
    "modelmag": [
      18.046182390965388, 
      18.217305009252026, 
      18.225105427465408, 
      18.29116254471761, 
      18.320572438006675, 
      18.310871924833116, 
      18.3118800570947, 
      18.328185337482964
    ]
  }, 
  "W2_Swift_Vega": {
    "dmag": [
      0.1599999964237213, 
      0.1340000033378601, 
      0.1599999964237213, 
      0.12600000202655792, 
      0.1289999932050705
    ], 
    "goodstatus": true, 
    "kernel": [
      1.0000010000005, 
      499999.99999999971, 
      1.0000000001
    ], 
    "mag": [
      19.343000411987305, 
      19.15399932861328, 
      19.47800064086914, 
      19.30500030517578, 
      19.395000457763672
    ], 
    "mjd": [
      56874.91015625, 
      56876.37890625, 
      56878.3359375, 
      56879.96484375, 
      56882.765625
    ], 
    "modeldate": [
      56874.91015625, 
      56875.91015625, 
      56876.91015625, 
      56877.91015625, 
      56878.91015625, 
      56879.91015625, 
      56880.91015625, 
      56881.91015625
    ], 
    "modelerr": [
      0.15832436920848006, 
      1.0814305025527644, 
      1.081427326261889, 
      1.0814256857508995, 
      1.0814255810464686, 
      1.0814270121502978, 
      1.0814299790391182, 
      1.0814344816646906
    ], 
    "modelmag": [
      19.342884542537586, 
      19.255597627359155, 
      19.26371891478742, 
      19.329848327603532, 
      19.358979952948552, 
      19.349267582275424, 
      19.350331599107225, 
      19.366685009191936
    ]
  }
}