{
  "w_Pan-STARRS1": {
    "bsplinemag": [
      15.767066141537617,
      16.838091065846594,
      17.70566930091663,
      18.34296368656262,
      18.77248444270548,
      19.01674178926612,
      19.09824594616545,
      19.039507133324385,
      18.863035570663847,
      18.591341478104738,
      18.246935075567986,
      17.85232658297449,
      17.430026220245175,
      17.002544207300947,
      16.59239076406272,
      16.222076110451418,
      15.914110466387942,
      15.691004051793215,
      15.575267086588143,
      15.58940979069365,
      15.755942384030638,
      16.097375086520028,
      16.73670649016499,
      16.637668499569756,
      14.842422045232425,
      14.562303749060892,
      15.217183198622815,
      16.2245803065185,
      17.000333606614856,
      17.07064472847758,
      17.1929322248812,
      17.40254206736576,
      17.689799145859464,
      18.045028350290515,
      18.45855457058712,
      18.92070269667748,
      19.42179761848981,
      19.9521642259523,
      20.502127408993164,
      21.06201205754061,
      21.622143061522838,
      22.172845310868052,
      22.704443695504455,
      23.207263105360255,
      23.671628430363658,
      24.087864560442867,
      24.446296385526086,
      24.737248795541518,
      24.951046680417374,
      25.078014930081853,
      25.108478434463162,
      25.03276208348951,
      24.841190767089092,
      24.524089375190115,
      24.071782797720793,
      23.474595924609318,
      22.722853645783907,
      21.806880851172764,
      20.717002430704078,
      19.443543274306066
    ],
    "dmag": [
      0.002540299901738763,
      0.0043207798153162,
      0.003045059973374009,
      0.0038108399603515863,
      0.004594959784299135,
      0.004523139912635088,
      0.0038896698970347643,
      0.004730859771370888,
      0.0045206500217318535,
      0.004327300004661083,
      0.004582980182021856,
      0.005466510076075792,
      0.008038509637117386,
      0.012493699789047241,
      0.006156229879707098,
      0.007964979857206345,
      0.015125200152397156,
      0.014267600141465664,
      0.008679909631609917,
      0.014927299693226814,
      0.007985820062458515,
      0.008121060207486153,
      0.008392680436372757,
      0.009746910072863102
    ],
    "goodstatus": false,
    "kernel": [
      168.05233843083053
    ],
    "mag": [
      15.766900062561035,
      15.805899620056152,
      15.765299797058105,
      15.767000198364258,
      16.601499557495117,
      16.616899490356445,
      16.622499465942383,
      16.672100067138672,
      16.640300750732422,
      16.63520050048828,
      16.646900177001953,
      16.616600036621094,
      16.95599937438965,
      16.984899520874023,
      16.92959976196289,
      16.94969940185547,
      17.067800521850586,
      17.05299949645996,
      17.0718994140625,
      17.060400009155273,
      18.09320068359375,
      18.09269905090332,
      18.059099197387695,
      18.09269905090332
    ],
    "mjd": [
      57305.34375,
      57305.35546875,
      57305.3671875,
      57305.3828125,
      57327.29296875,
      57327.3046875,
      57327.31640625,
      57327.328125,
      57328.31640625,
      57328.328125,
      57328.33984375,
      57328.3515625,
      57333.2578125,
      57333.2734375,
      57333.28515625,
      57333.296875,
      57334.25390625,
      57334.26953125,
      57334.28125,
      57334.29296875,
      57365.265625,
      57365.27734375,
      57365.2890625,
      57365.30078125
    ],
    "modeldate": [
      57305.34375,
      57306.34375,
      57307.34375,
      57308.34375,
      57309.34375,
      57310.34375,
      57311.34375,
      57312.34375,
      57313.34375,
      57314.34375,
      57315.34375,
      57316.34375,
      57317.34375,
      57318.34375,
      57319.34375,
      57320.34375,
      57321.34375,
      57322.34375,
      57323.34375,
      57324.34375,
      57325.34375,
      57326.34375,
      57327.34375,
      57328.34375,
      57329.34375,
      57330.34375,
      57331.34375,
      57332.34375,
      57333.34375,
      57334.34375,
      57335.34375,
      57336.34375,
      57337.34375,
      57338.34375,
      57339.34375,
      57340.34375,
      57341.34375,
      57342.34375,
      57343.34375,
      57344.34375,
      57345.34375,
      57346.34375,
      57347.34375,
      57348.34375,
      57349.34375,
      57350.34375,
      57351.34375,
      57352.34375,
      57353.34375,
      57354.34375,
      57355.34375,
      57356.34375,
      57357.34375,
      57358.34375,
      57359.34375,
      57360.34375,
      57361.34375,
      57362.34375,
      57363.34375,
      57364.34375
    ],
    "modelerr": [
      0.002489755621871477,
      7.766888153072402,
      27.095595502643096,
      52.293284534285355,
      78.93246964942519,
      103.51444208584878,
      123.3524524855455,
      136.59222191501541,
      142.26975248195004,
      140.3255672478709,
      131.5279124827346,
      117.30357756545294,
      99.49462705990393,
      80.08225880741206,
      60.9215724924839,
      43.525300538823785,
      28.925014100858505,
      17.619911771525253,
      9.612312227754078,
      4.5109902854819905,
      1.6782386386122516,
      0.3923320853300726,
      0.005027163154778809,
      0.002489755621871477,
      0.13392086915165963,
      0.265912965747786,
      0.30962113886779286,
      0.19775450906543923,
      0.012255762107432747,
      0.023700509959983587,
      1.073053122919902,
      4.449615380456673,
      12.042710609898867,
      26.275286638636405,
      49.95869456275405,
      86.0462044446789,
      137.2986348583011,
      205.88715124026018,
      292.97563290661515,
      398.33296946338703,
      520.0332966547546,
      654.2976649726312,
      795.5227097908784,
      936.5212845822471,
      1068.9776328305456,
      1184.0903621213456,
      1273.349913546872,
      1329.3724392120632,
      1346.6973993873469,
      1322.4502237236898,
      1256.7796370187689,
      1153.0007078889441,
      1017.4076114791542,
      858.7663702430323,
      687.5479416448084,
      515.0214996317635,
      352.37789468702846,
      210.09638552563797,
      97.76745668133901,
      24.528323870069066
    ],
    "modelmag": [
      15.769601821899414,
      -17.992605209350586,
      -112.55559349060059,
      -250.4052028656006,
      -410.8680934906006,
      -572.6542263031006,
      -716.2636013031006,
      -826.0126247406006,
      -891.4330348968506,
      -907.9823513031006,
      -876.9686794281006,
      -804.7904567718506,
      -701.6293239593506,
      -579.7982692718506,
      -451.9891872406006,
      -329.6671657562256,
      -221.8094997406006,
      -134.1298122406006,
      -68.86516380310059,
      -25.087331771850586,
      0.5464572906494141,
      12.779733657836914,
      16.672433853149414,
      16.627267837524414,
      15.737375259399414,
      15.513742446899414,
      16.080148696899414,
      16.758127212524414,
      16.944528579711914,
      17.111642837524414,
      19.717721939086914,
      29.836496353149414,
      55.354928970336914,
      106.63324928283691,
      195.5977268218994,
      334.3686008453369,
      533.5461521148682,
      800.3781223297119,
      1137.0687046051025,
      1539.4639987945557,
      1996.3388767242432,
      2489.433542251587,
      2994.3055515289307,
      3481.9679050445557,
      3921.16428565979,
      4281.087411880493,
      4534.245035171509,
      4659.1846714019775,
      4642.768930435181,
      4481.761789321899,
      4183.524789810181,
      3765.7547702789307,
      3255.252634048462,
      2685.8474826812744,
      2095.6617527008057,
      1523.982370376587,
      1008.0287570953369,
      579.9162693023682,
      264.0897922515869,
      75.44477272033691
    ]
  }
}