{
  "B_Swift_Vega": {
    "dmag": [
      0.054999999701976776, 
      0.05700000002980232, 
      0.057999998331069946, 
      0.061000000685453415, 
      0.07000000029802322, 
      0.0689999982714653, 
      0.0860000029206276, 
      0.10000000149011612
    ], 
    "goodstatus": true, 
    "kernel": [
      1.0000010000005, 
      499999.99999999971, 
      1.0000000001
    ], 
    "mag": [
      16.083999633789062, 
      16.05900001525879, 
      16.31999969482422, 
      16.656999588012695, 
      17.02199935913086, 
      17.312000274658203, 
      18.027999877929688, 
      18.34600067138672
    ], 
    "mjd": [
      56877.30859375, 
      56881.4765625, 
      56884.46484375, 
      56887.9296875, 
      56890.765625, 
      56892.9296875, 
      56896.86328125, 
      56899.4609375
    ], 
    "modeldate": [
      56877.30859375, 
      56878.30859375, 
      56879.30859375, 
      56880.30859375, 
      56881.30859375, 
      56882.30859375, 
      56883.30859375, 
      56884.30859375, 
      56885.30859375, 
      56886.30859375, 
      56887.30859375, 
      56888.30859375, 
      56889.30859375, 
      56890.30859375, 
      56891.30859375, 
      56892.30859375, 
      56893.30859375, 
      56894.30859375, 
      56895.30859375, 
      56896.30859375, 
      56897.30859375, 
      56898.30859375, 
      56899.30859375
    ], 
    "modelerr": [
      0.05492626273616183, 
      1.0544277474823807, 
      1.0544107874813402, 
      1.0543955096876267, 
      1.054381914357504, 
      1.054370001719029, 
      1.0543597719720443, 
      1.0543512252881697, 
      1.0543443618107964, 
      1.0543391816550798, 
      1.0543356849079375, 
      1.0543338716280437, 
      1.054333741845829, 
      1.0543352955634775, 
      1.0543385327549277, 
      1.0543434533658738, 
      1.054350057313766, 
      1.0543583444878162, 
      1.0543683147490002, 
      1.054379967930064, 
      1.0543933038355298, 
      1.0544083222417036, 
      1.0544250228966838
    ], 
    "modelmag": [
      16.08357491871418, 
      16.051257107454358, 
      16.157866455879418, 
      16.26213869158598, 
      16.36360691716364, 
      16.461965437365222, 
      16.557943709229008, 
      16.656014263921808, 
      16.764507286281997, 
      16.886236383570868, 
      17.021807201826775, 
      17.17128458567708, 
      17.327913179928135, 
      17.47403912415628, 
      17.583487865492096, 
      17.660414565574605, 
      17.73579550999191, 
      17.822104087463046, 
      17.926802219907895, 
      18.05362336932054, 
      18.20413211804877, 
      18.377711377540166, 
      18.574486034653326
    ]
  }, 
  "M2_Swift_Vega": {
    "dmag": [
      0.07599999755620956, 
      0.10300000011920929, 
      0.11100000143051147, 
      0.13099999725818634, 
      0.17800000309944153, 
      0.25
    ], 
    "goodstatus": true, 
    "kernel": [
      1.0000010000005, 
      499999.99999999971, 
      1.0000000001
    ], 
    "mag": [
      18.48900032043457, 
      18.844999313354492, 
      19.236000061035156, 
      19.42799949645996, 
      19.72800064086914, 
      20.53700065612793
    ], 
    "mjd": [
      56877.31640625, 
      56881.484375, 
      56884.46875, 
      56887.93359375, 
      56890.7734375, 
      56892.9375
    ], 
    "modeldate": [
      56877.31640625, 
      56878.31640625, 
      56879.31640625, 
      56880.31640625, 
      56881.31640625, 
      56882.31640625, 
      56883.31640625, 
      56884.31640625, 
      56885.31640625, 
      56886.31640625, 
      56887.31640625, 
      56888.31640625, 
      56889.31640625, 
      56890.31640625, 
      56891.31640625, 
      56892.31640625
    ], 
    "modelerr": [
      0.07581317326665961, 
      1.0704035149782045, 
      1.070392477687715, 
      1.07038303547885, 
      1.0703751885070776, 
      1.0703689369016058, 
      1.0703642807653768, 
      1.0703612201750645, 
      1.0703597551810702, 
      1.0703598858075218, 
      1.070361612052273, 
      1.0703649338869023, 
      1.0703698512567152, 
      1.070376364080746, 
      1.0703844722517595, 
      1.0703941756362572
    ], 
    "modelmag": [
      18.488447447279388, 
      18.501289304042178, 
      18.607935726058173, 
      18.712239334831605, 
      18.813724957438524, 
      18.912100917517954, 
      19.008107642292313, 
      19.106251724369393, 
      19.214885475431718, 
      19.33673154254823, 
      19.472430565259863, 
      19.62201402578303, 
      19.778647790075244, 
      19.924607239896947, 
      20.0336966047713, 
      20.11049393359485
    ]
  }, 
  "U_Swift_Vega": {
    "dmag": [
      0.05400000140070915, 
      0.06199999898672104, 
      0.06499999761581421, 
      0.07400000095367432, 
      0.09099999815225601, 
      0.09099999815225601, 
      0.11800000071525574, 
      0.1589999943971634
    ], 
    "goodstatus": true, 
    "kernel": [
      1.0000010000005, 
      499999.99999999971, 
      1.0000000001
    ], 
    "mag": [
      15.434000015258789, 
      15.803999900817871, 
      16.344999313354492, 
      16.850000381469727, 
      17.275999069213867, 
      17.650999069213867, 
      18.266000747680664, 
      18.777999877929688
    ], 
    "mjd": [
      56877.30859375, 
      56881.47265625, 
      56884.46484375, 
      56887.92578125, 
      56890.76171875, 
      56892.9296875, 
      56896.86328125, 
      56899.4609375
    ], 
    "modeldate": [
      56877.30859375, 
      56878.30859375, 
      56879.30859375, 
      56880.30859375, 
      56881.30859375, 
      56882.30859375, 
      56883.30859375, 
      56884.30859375, 
      56885.30859375, 
      56886.30859375, 
      56887.30859375, 
      56888.30859375, 
      56889.30859375, 
      56890.30859375, 
      56891.30859375, 
      56892.30859375, 
      56893.30859375, 
      56894.30859375, 
      56895.30859375, 
      56896.30859375, 
      56897.30859375, 
      56898.30859375, 
      56899.30859375
    ], 
    "modelerr": [
      0.053930239116133365, 
      1.0546111380597765, 
      1.0545942372109807, 
      1.0545790175572691, 
      1.054565479353874, 
      1.0545536228278447, 
      1.0545434481780391, 
      1.0545349555751147, 
      1.0545281451615236, 
      1.0545230170515063, 
      1.0545195713310875, 
      1.0545178080580728, 
      1.0545177272620465, 
      1.0545193289443704, 
      1.054522613078184, 
      1.0545275796084053, 
      1.0545342284517327, 
      1.0545425594966487, 
      1.0545525726034235, 
      1.0545642676041216, 
      1.0545776443026065, 
      1.054592702474549, 
      1.0546094418674365
    ], 
    "modelmag": [
      15.435664639054513, 
      16.114643130465836, 
      16.2212883659221, 
      16.325596362938338, 
      16.427100223889603, 
      16.525494253314946, 
      16.621507908039618, 
      16.719613719018156, 
      16.828141870877417, 
      16.94990597066792, 
      17.085511664218036, 
      17.23502379594587, 
      17.39168701044932, 
      17.537847447097008, 
      17.647330552812573, 
      17.72429148902887, 
      17.799706541128618, 
      17.886049097626227, 
      17.990781080237728, 
      18.117635950754142, 
      18.268178291320986, 
      18.44179101318433, 
      18.63859900300206
    ]
  }, 
  "V_Swift_Vega": {
    "dmag": [
      0.05999999865889549, 
      0.06400000303983688, 
      0.06300000101327896, 
      0.07199999690055847, 
      0.0820000022649765, 
      0.07599999755620956, 
      0.0820000022649765, 
      0.10300000011920929
    ], 
    "goodstatus": true, 
    "kernel": [
      1.0000010000005, 
      499999.99999999971, 
      1.0000000001
    ], 
    "mag": [
      16.131999969482422, 
      16.038000106811523, 
      16.121999740600586, 
      16.458999633789062, 
      16.562000274658203, 
      16.67099952697754, 
      16.90399932861328, 
      17.399999618530273
    ],