{
  "i_Pan-STARRS1": {
    "dmag": [
      0.00753604993224144, 
      0.007643400225788355, 
      0.008595460094511509, 
      0.009950360283255577, 
      0.009908439591526985, 
      0.012613000348210335, 
      0.011514700017869473, 
      0.008681160397827625
    ], 
    "goodstatus": true, 
    "kernel": [
      1.0000010000005, 
      134784.55607996756, 
      1.0000000001
    ], 
    "mag": [
      16.289100646972656, 
      16.26930046081543, 
      16.256399154663086, 
      16.290700912475586, 
      16.39900016784668, 
      16.40570068359375, 
      16.443899154663086, 
      16.34869956970215
    ], 
    "mjd": [
      57297.484375, 
      57297.5, 
      57297.51171875, 
      57297.52734375, 
      57298.47265625, 
      57298.48828125, 
      57298.5, 
      57298.51171875
    ], 
    "modeldate": [
      57297.484375, 
      57298.484375
    ], 
    "modelerr": [
      0.007535859724925103, 
      1.0540977909109288
    ], 
    "modelmag": [
      16.28910078983208, 
      16.41132071103085
    ]
  }
}