{
  "w_Pan-STARRS1": {
    "dmag": [
      0.011699600145220757, 
      0.009317969903349876, 
      0.008533350192010403, 
      0.0080477399751544, 
      0.006373799871653318, 
      0.006233020219951868, 
      0.006565030198544264, 
      0.007333329878747463, 
      0.009164550341665745, 
      0.007964840158820152, 
      0.013771399855613708, 
      0.014331899583339691, 
      0.013266700319945812, 
      0.020510699599981308, 
      0.037102099508047104, 
      0.09041240066289902, 
      0.016552699729800224, 
      0.021087700501084328, 
      0.01269729994237423, 
      0.020000100135803223, 
      0.027905000373721123, 
      0.017342599108815193, 
      0.014449399895966053, 
      0.020886199548840523, 
      0.016140799969434738, 
      0.014401599764823914, 
      0.018183600157499313, 
      0.02400140091776848, 
      0.02805040031671524, 
      0.040639299899339676, 
      0.04537950083613396, 
      0.05594699829816818, 
      0.03036860004067421, 
      0.03882719948887825, 
      0.048664700239896774, 
      0.04550499841570854, 
      0.0658745989203453, 
      0.04946409910917282, 
      0.04786569997668266, 
      0.05844759941101074, 
      0.09022650122642517, 
      0.08437489718198776, 
      0.07986319810152054, 
      0.062160998582839966, 
      0.1149900034070015, 
      0.20023399591445923, 
      0.1414629966020584, 
      0.04069500043988228, 
      0.035515498369932175, 
      0.04529910162091255, 
      0.06464619934558868, 
      0.08062130212783813, 
      0.11140400171279907, 
      0.10227400064468384, 
      0.09540169686079025, 
      0.10118799656629562, 
      0.09543299674987793, 
      0.09247130155563354
    ], 
    "goodstatus": true, 
    "kernel": [
      1.0000010000005, 
      499999.99999999971, 
      1.0000000001
    ], 
    "mag": [
      17.327699661254883, 
      17.3351993560791, 
      17.31719970703125, 
      17.305200576782227, 
      17.356000900268555, 
      17.372400283813477, 
      17.378000259399414, 
      17.364999771118164, 
      17.4375, 
      17.427900314331055, 
      17.409000396728516, 
      17.403099060058594, 
      18.333799362182617, 
      18.374300003051758, 
      18.294599533081055, 
      18.291200637817383, 
      18.40019989013672, 
      18.36039924621582, 
      18.359100341796875, 
      18.396799087524414, 
      18.423999786376953, 
      18.413400650024414, 
      18.39900016784668, 
      18.401100158691406, 
      18.738300323486328, 
      18.747600555419922, 
      18.750499725341797, 
      18.756200790405273, 
      18.842100143432617, 
      18.845500946044922, 
      18.856700897216797, 
      18.83880043029785, 
      19.409299850463867, 
      19.459999084472656, 
      19.471099853515625, 
      19.428300857543945, 
      19.642099380493164, 
      19.68400001525879, 
      19.620800018310547, 
      19.63559913635254, 
      19.743099212646484, 
      19.72010040283203, 
      19.69809913635254, 
      19.695999145507812, 
      20.30699920654297, 
      20.277599334716797, 
      20.270299911499023, 
      20.48579978942871, 
      20.43239974975586, 
      20.516399383544922, 
      20.481399536132812, 
      20.441099166870117, 
      20.45050048828125, 
      21.21820068359375, 
      21.201000213623047, 
      21.127199172973633, 
      21.068500518798828, 
      21.232999801635742
    ], 
    "mjd": [
      57069.55859375, 
      57069.57421875, 
      57069.5859375, 
      57069.6015625, 
      57076.6015625, 
      57076.6171875, 
      57076.62890625, 
      57076.640625, 
      57077.58984375, 
      57077.6015625, 
      57077.6171875, 
      57077.62890625, 
      57101.5546875, 
      57101.56640625, 
      57101.58203125, 
      57101.59375, 
      57102.52734375, 
      57102.5390625, 
      57102.5546875, 
      57102.56640625, 
      57103.50390625, 
      57103.51953125, 
      57103.53125, 
      57103.546875, 
      57109.53125, 
      57109.54296875, 
      57109.5546875, 
      57109.5703125, 
      57110.53515625, 
      57110.546875, 
      57110.55859375, 
      57110.57421875, 
      57125.4375, 
      57125.44921875, 
      57125.46484375, 
      57125.48046875, 
      57132.44140625, 
      57132.453125, 
      57132.46875, 
      57132.48046875, 
      57133.46875, 
      57133.515625, 
      57133.53125, 
      57133.54296875, 
      57155.37890625, 
      57155.390625, 
      57155.41796875, 
      57163.37109375, 
      57163.3828125, 
      57163.3984375, 
      57163.41015625, 
      57164.453125, 
      57164.46484375, 
      57191.34375, 
      57191.35546875, 
      57191.37109375, 
      57191.3828125, 
      57192.3671875
    ], 
    "modeldate": [
      57069.55859375, 
      57070.55859375, 
      57071.55859375, 
      57072.55859375, 
      57073.55859375, 
      57074.55859375, 
      57075.55859375, 
      57076.55859375, 
      57077.55859375, 
      57078.55859375, 
      57079.55859375, 
      57080.55859375, 
      57081.55859375, 
      57082.55859375, 
      57083.55859375, 
      57084.55859375, 
      57085.55859375, 
      57086.55859375, 
      57087.55859375, 
      57088.55859375, 
      57089.55859375, 
      57090.55859375, 
      57091.55859375, 
      57092.55859375, 
      57093.55859375, 
      57094.55859375, 
      57095.55859375, 
      57096.55859375, 
      57097.55859375, 
      57098.55859375, 
      57099.55859375, 
      57100.55859375, 
      57101.55859375, 
      57102.55859375, 
      57103.55859375, 
      57104.55859375, 
      57105.55859375, 
      57106.55859375, 
      57107.55859375, 
      57108.55859375, 
      57109.55859375, 
      57110.55859375, 
      57111.55859375, 
      57112.55859375, 
      57113.55859375, 
      57114.55859375, 
      57115.55859375, 
      57116.55859375, 
      57117.55859375, 
      57118.55859375, 
      57119.55859375, 
      57120.55859375, 
      57121.55859375, 
      57122.55859375, 
      57123.55859375, 
      57124.55859375, 
      57125.55859375, 
      57126.55859375, 
      57127.55859375, 
      57128.55859375, 
      57129.55859375, 
      57130.55859375, 
      57131.55859375, 
      57132.55859375, 
      57133.55859375, 
      57134.55859375, 
      57135.55859375, 
      57136.55859375, 
      57137.55859375, 
      57138.55859375, 
      57139.55859375, 
      57140.55859375, 
      57141.55859375, 
      57142.55859375, 
      57143.55859375, 
      57144.55859375, 
      57145.55859375, 
      57146.55859375, 
      57147.55859375, 
      57148.55859375, 
      57149.55859375, 
      57150.55859375, 
      57151.55859375, 
      57152.55859375, 
      57153.55859375, 
      57154.55859375, 
      57155.55859375, 
      57156.55859375, 
      57157.55859375, 
      57158.55859375, 
      57159.55859375, 
      57160.55859375, 
      57161.55859375, 
      57162.55859375, 
      57163.55859375, 
      57164.55859375, 
      57165.55859375, 
      57166.55859375, 
      57167.55859375, 
      57168.55859375, 
      57169.55859375, 
      57170.55859375, 
      57171.55859375, 
      57172.55859375, 
      57173.55859375, 
      57174.55859375, 
      57175.55859375, 
      57176.55859375, 
      57177.55859375, 
      57178.55859375, 
      57179.55859375, 
      57180.55859375, 
      57181.55859375, 
      57182.55859375, 
      57183.55859375, 
      57184.55859375, 
      57185.55859375, 
      57186.55859375, 
      57187.55859375, 
      57188.55859375, 
      57189.55859375, 
      57190.55859375, 
      57191.55859375
    ],