{
  "w_Pan-STARRS1": {
    "dmag": [
      0.026470400393009186, 
      0.019339699298143387, 
      0.02861109934747219, 
      0.02345619909465313, 
      0.013378500007092953, 
      0.012678300030529499, 
      0.01226819958537817, 
      0.01550230011343956, 
      0.03949639946222305, 
      0.0360042005777359, 
      0.054771799594163895, 
      0.06209399923682213, 
      0.06352230161428452, 
      0.057243701070547104
    ], 
    "goodstatus": false, 
    "kernel": [
      1.0000010000005, 
      499999.99999999884, 
      1.0000000001
    ], 
    "mag": [
      18.02750015258789, 
      17.996400833129883, 
      18.024799346923828, 
      18.007400512695312, 
      17.95829963684082, 
      17.96540069580078, 
      17.965999603271484, 
      18.00040054321289, 
      19.39150047302246, 
      19.36829948425293, 
      19.41790008544922, 
      19.512699127197266, 
      20.120100021362305, 
      20.095699310302734
    ], 
    "mjd": [
      57308.41015625, 
      57308.42578125, 
      57308.44140625, 
      57308.453125, 
      57310.45703125, 
      57310.47265625, 
      57310.48828125, 
      57310.5, 
      57362.30859375, 
      57362.31640625, 
      57362.328125, 
      57362.33984375, 
      57390.265625, 
      57390.2734375
    ], 
    "modeldate": [
      57308.41015625, 
      57309.41015625, 
      57310.41015625, 
      57311.41015625, 
      57312.41015625, 
      57313.41015625, 
      57314.41015625, 
      57315.41015625, 
      57316.41015625, 
      57317.41015625, 
      57318.41015625, 
      57319.41015625, 
      57320.41015625, 
      57321.41015625, 
      57322.41015625, 
      57323.41015625, 
      57324.41015625, 
      57325.41015625, 
      57326.41015625, 
      57327.41015625, 
      57328.41015625, 
      57329.41015625, 
      57330.41015625, 
      57331.41015625, 
      57332.41015625, 
      57333.41015625, 
      57334.41015625, 
      57335.41015625, 
      57336.41015625, 
      57337.41015625, 
      57338.41015625, 
      57339.41015625, 
      57340.41015625, 
      57341.41015625, 
      57342.41015625, 
      57343.41015625, 
      57344.41015625, 
      57345.41015625, 
      57346.41015625, 
      57347.41015625, 
      57348.41015625, 
      57349.41015625, 
      57350.41015625, 
      57351.41015625, 
      57352.41015625, 
      57353.41015625, 
      57354.41015625, 
      57355.41015625, 
      57356.41015625, 
      57357.41015625, 
      57358.41015625, 
      57359.41015625, 
      57360.41015625, 
      57361.41015625, 
      57362.41015625, 
      57363.41015625, 
      57364.41015625, 
      57365.41015625, 
      57366.41015625, 
      57367.41015625, 
      57368.41015625, 
      57369.41015625, 
      57370.41015625, 
      57371.41015625, 
      57372.41015625, 
      57373.41015625, 
      57374.41015625, 
      57375.41015625, 
      57376.41015625, 
      57377.41015625, 
      57378.41015625, 
      57379.41015625, 
      57380.41015625, 
      57381.41015625, 
      57382.41015625, 
      57383.41015625, 
      57384.41015625, 
      57385.41015625, 
      57386.41015625, 
      57387.41015625, 
      57388.41015625, 
      57389.41015625
    ], 
    "modelerr": [
      0.02646176397230281, 
      1.0335207629578007, 
      1.0334751490956215, 
      1.0334312753250512, 
      1.0333891423711896, 
      1.0333487509302721, 
      1.0333101016696449, 
      1.0332731952277363, 
      1.0332380322140338, 
      1.0332046132090613, 
      1.033172938764355, 
      1.033143009402443, 
      1.033114825616825, 
      1.033088387871954, 
      1.0330636966032165, 
      1.0330407522169178, 
      1.0330195550902657, 
      1.0330001055713547, 
      1.0329824039791546, 
      1.0329664506034963, 
      1.0329522457050626, 
      1.0329397895153762, 
      1.0329290822367925, 
      1.0329201240424908, 
      1.0329129150764675, 
      1.032907455453532, 
      1.0329037452593013, 
      1.0329017845501955, 
      1.0329015733534392, 
      1.0329031116670568, 
      1.0329063994598753, 
      1.0329114366715237, 
      1.0329182232124376, 
      1.0329267589638602, 
      1.0329370437778493, 
      1.0329490774772825, 
      1.0329628598558622, 
      1.0329783906781274, 
      1.0329956696794598, 
      1.0330146965660956, 
      1.0330354710151362, 
      1.0330579926745624, 
      1.0330822611632469, 
      1.0331082760709682, 
      1.0331360369584288, 
      1.0331655433572715, 
      1.033196794770097, 
      1.0332297906704841, 
      1.0332645305030097, 
      1.0333010136832703, 
      1.033339239597906, 
      1.0333792076046224, 
      1.0334209170322173, 
      1.0334643671806052, 
      1.033509557320846, 
      1.0335564866951723, 
      1.0336051545170195, 
      1.0336555599710553, 
      1.0337077022132117, 
      1.033761580370719, 
      1.0338171935421374, 
      1.0338745407973935, 
      1.0339336211778152, 
      1.0339944336961693, 
      1.0340569773367, 
      1.0341212510551674, 
      1.0341872537788876, 
      1.0342549844067757, 
      1.0343244418093858, 
      1.034395624828956, 
      1.0344685322794536, 
      1.0345431629466184, 
      1.0346195155880118, 
      1.0346975889330627, 
      1.034777381683118, 
      1.0348588925114908, 
      1.034942120063512, 
      1.035027062956582, 
      1.0351137197802245, 
      1.0352020890961382, 
      1.0352921694382544, 
      1.0353839593127918
    ], 
    "modelmag": [
      18.027504738881543, 
      17.991074674019824, 
      17.96952059881524, 
      18.013564591071763, 
      18.0437632571641, 
      18.07291301676316, 
      18.101530763462033, 
      18.12967682885836, 
      18.1577402747188, 
      18.185469341384024, 
      18.213138628657056, 
      18.24072985811266, 
      18.268117717827963, 
      18.295505564773844, 
      18.322874711743818, 
      18.350080020798025, 
      18.37728531697249, 
      18.4044906002306, 
      18.431640844292772, 
      18.458718155944023, 
      18.485795454569505, 
      18.512872740132902, 
      18.539909779416078, 
      18.566887083644563, 
      18.593864374702466, 
      18.62084165255378, 
      18.647805001703443, 
      18.674696254381278, 
      18.70158749374497, 
      18.72847871975882, 
      18.75536993238721, 
      18.782191944432345, 
      18.809001740927187, 
      18.835811523930214, 
      18.86262129340612, 
      18.8893791561519, 
      18.916103747187854, 
      18.942828324591304, 
      18.969552888327282, 
      18.996219560206878, 
      19.02284464217681, 
      19.04946971037488, 
      19.076094764766438, 
      19.10259979073678, 
      19.129092902570687, 
      19.155586000494697, 
      19.18193928091655, 
      19.20824214873459, 
      19.23450629470348, 
      19.26057347165532, 
      19.28659566727319, 
      19.31238511864457, 
      19.337962348037284, 
      19.363224488499117, 
      19.45107311784813, 
      19.49702388952605, 
      19.52874646695571, 
      19.556716340150704, 
      19.583086822285733, 
      19.60879292245961, 
      19.633340923512353, 
      19.657800706892942, 
      19.68137749513082, 
      19.704954268854856, 
      19.728187936016766, 
      19.751121268020857, 
      19.77405458541326, 
      19.79667694067446, 
      19.819117410050758, 
      19.84155786471837, 
      19.863747754608127, 
      19.885737776158393, 
      19.907727782903798, 
      19.929482703147578, 
      19.950984477513163, 
      19.972486236978558, 
      19.99362192981803, 
      20.014491373804233, 
      20.035339736456333, 
      20.05519971861427, 
      20.075059685715043, 
      20.0927596790111
    ]
  }
}