{
  "r_Pan-STARRS1": {
    "dmag": [
      0.00757079990580678, 
      0.008492459543049335, 
      0.008306589908897877, 
      0.010641999542713165, 
      0.0066526299342513084, 
      0.0053922999650239944, 
      0.006123779807239771, 
      0.005883390083909035
    ], 
    "goodstatus": true, 
    "kernel": [
      1.0000010000005, 
      499999.99999999971, 
      1.0000000001
    ], 
    "mag": [
      16.304100036621094, 
      16.309200286865234, 
      16.289600372314453, 
      16.312299728393555, 
      16.66900062561035, 
      16.66939926147461, 
      16.656400680541992, 
      16.65329933166504
    ], 
    "mjd": [
      57389.58984375, 
      57389.60546875, 
      57389.6171875, 
      57389.62890625, 
      57404.36328125, 
      57404.375, 
      57404.38671875, 
      57404.3984375
    ], 
    "modeldate": [
      57389.58984375, 
      57390.58984375, 
      57391.58984375, 
      57392.58984375, 
      57393.58984375, 
      57394.58984375, 
      57395.58984375, 
      57396.58984375, 
      57397.58984375, 
      57398.58984375, 
      57399.58984375, 
      57400.58984375, 
      57401.58984375, 
      57402.58984375, 
      57403.58984375
    ], 
    "modelerr": [
      0.007570607077454887, 
      1.0541349132108135, 
      1.054124964680412, 
      1.054116700402893, 
      1.0541101205169312, 
      1.0541052251329406, 
      1.0541020143330704, 
      1.0541004881712017, 
      1.054100646672946, 
      1.0541024898356428, 
      1.0541060176283619, 
      1.0541112299919024, 
      1.0541181268387962, 
      1.0541267080533114, 
      1.054136973491456
    ], 
    "modelmag": [
      16.304109294742382, 
      16.46564486603224, 
      16.46565618101268, 
      16.465668083502184, 
      16.465680573429335, 
      16.465693650719206, 
      16.46570731529333, 
      16.465721567069725, 
      16.465736405962883, 
      16.465751831883775, 
      16.46576784473985, 
      16.465784444435034, 
      16.466678487403183, 
      16.505329145153677, 
      16.543485939074557
    ]
  }, 
  "w_Pan-STARRS1": {
    "dmag": [
      0.004053070209920406, 
      0.0038027800619602203, 
      0.004076189827173948, 
      0.0036631899420171976, 
      0.01914520002901554, 
      0.018597399815917015, 
      0.018181299790740013, 
      0.017524799332022667, 
      0.03191769868135452, 
      0.019145799800753593, 
      0.018836399540305138, 
      0.020020300522446632
    ], 
    "goodstatus": true, 
    "kernel": [
      1.0000010000005, 
      499999.99999999971, 
      1.0000000001
    ], 
    "mag": [
      16.759300231933594, 
      16.754499435424805, 
      16.75819969177246, 
      16.760400772094727, 
      18.644100189208984, 
      18.667999267578125, 
      18.66670036315918, 
      18.685199737548828, 
      18.95159912109375, 
      18.950700759887695, 
      18.957599639892578, 
      18.9468994140625
    ], 
    "mjd": [
      57401.51171875, 
      57401.5234375, 
      57401.5390625, 
      57401.55078125, 
      57451.23828125, 
      57451.25, 
      57451.26171875, 
      57451.27734375, 
      57460.23828125, 
      57460.25, 
      57460.26171875, 
      57460.2734375
    ], 
    "modeldate": [
      57401.51171875, 
      57402.51171875, 
      57403.51171875, 
      57404.51171875, 
      57405.51171875, 
      57406.51171875, 
      57407.51171875, 
      57408.51171875, 
      57409.51171875, 
      57410.51171875, 
      57411.51171875, 
      57412.51171875, 
      57413.51171875, 
      57414.51171875, 
      57415.51171875, 
      57416.51171875, 
      57417.51171875, 
      57418.51171875, 
      57419.51171875, 
      57420.51171875, 
      57421.51171875, 
      57422.51171875, 
      57423.51171875, 
      57424.51171875, 
      57425.51171875, 
      57426.51171875, 
      57427.51171875, 
      57428.51171875, 
      57429.51171875, 
      57430.51171875, 
      57431.51171875, 
      57432.51171875, 
      57433.51171875, 
      57434.51171875, 
      57435.51171875, 
      57436.51171875, 
      57437.51171875, 
      57438.51171875, 
      57439.51171875, 
      57440.51171875, 
      57441.51171875, 
      57442.51171875, 
      57443.51171875, 
      57444.51171875, 
      57445.51171875, 
      57446.51171875, 
      57447.51171875, 
      57448.51171875, 
      57449.51171875, 
      57450.51171875, 
      57451.51171875, 
      57452.51171875, 
      57453.51171875, 
      57454.51171875, 
      57455.51171875, 
      57456.51171875, 
      57457.51171875, 
      57458.51171875, 
      57459.51171875
    ], 
    "modelerr": [
      0.004053039563238899, 
      1.0388841643381974, 
      1.0388238067806186, 
      1.0387651780297298, 
      1.0387082790707611, 
      1.0386531108602004, 
      1.038599674325757, 
      1.0385479703663256, 
      1.038497999851951, 
      1.0384497636237948, 
      1.0384032624941024, 
      1.0383584972461721, 
      1.0383154686343234, 
      1.03827417738387, 
      1.0382346241910885, 
      1.0381968097231942, 
      1.0381607346183128, 
      1.0381263994854584, 
      1.0380938049045059, 
      1.0380629514261719, 
      1.038033839571992, 
      1.0380064698342997, 
      1.0379808426762085, 
      1.0379569585315924, 
      1.0379348178050707, 
      1.0379144208719908, 
      1.0378957680784138, 
      1.0378788597411015, 
      1.0378636961475038, 
      1.0378502775557468, 
      1.0378386041946237, 
      1.0378286762635849, 
      1.0378204939327316, 
      1.0378140573428072, 
      1.0378093666051929, 
      1.0378064218019032, 
      1.0378052229855828, 
      1.037805770179504, 
      1.037808063377566, 
      1.037812102544295, 
      1.037817887614846, 
      1.0378254184950044, 
      1.0378346950611905, 
      1.0378457171604638, 
      1.0378584846105285, 
      1.0378729971997416, 
      1.03788925468712, 
      1.0379072568023504, 
      1.0379270032458003, 
      1.0379484936885284, 
      1.037971727772298, 
      1.037996705109591, 
      1.038023425283623, 
      1.0380518878483584, 
      1.0380820923285297, 
      1.038114038219654, 
      1.0381477249880535, 
      1.0381831520708762, 
      1.0382203188761172
    ], 
    "modelmag": [
      16.75930023006831, 
      16.79571077158502, 
      16.83385773791965, 
      16.871908835957775, 
      16.909916804628768, 
      16.94790404401337, 
      16.985875763452512, 
      17.023833769358127, 
      17.061786998274208, 
      17.09973241394935, 
      17.137674180582803, 
      17.175615456663184, 
      17.213555087634585, 
      17.251494718836447, 
      17.289436647932135, 
      17.327381478301795, 
      17.365326308902997, 
      17.403275507762526, 
      17.441231455453426, 
      17.479187403376933, 
      17.51714599195679, 
      17.5551187288463, 
      17.593091465969465, 
      17.631064203326627, 
      17.669055569673773, 
      17.70705131568899, 
      17.74504706193924, 
      17.78305578733873, 
      17.821082093002524, 
      17.859108398902375, 
      17.897137826472594, 
      17.93520461874913, 
      17.973271411262722, 
      18.011338204013708, 
      18.049450838993824, 
      18.087572112130825, 
      18.12569338550621, 
      18.163874612863456, 
      18.202071547031903, 
      18.240268992145452, 
      18.278576448120948, 
      18.316883904336454, 
      18.35528258972937, 
      18.393755096658303, 
      18.432334779812518, 
      18.471024801659798, 
      18.509942995236937, 
      18.549089686809122, 
      18.588660492601676, 
      18.629100216148057, 
      18.683667464343504, 
      18.718161069540137, 
      18.74961551422495, 
      18.78023649718716, 
      18.810477997659053, 
      18.840467215861917, 
      18.87028791880567, 
      18.899971907608546, 
      18.929533785317997
    ]
  }
}