{
  "G_GAIA": {
    "dmag": [
      0.0, 
      0.0, 
      0.0, 
      0.0, 
      0.0
    ], 
    "goodstatus": true, 
    "kernel": [
      1.0000010000005, 
      100.00223155605919, 
      1.0000000001
    ], 
    "mag": [
      16.8700008392334, 
      18.329999923706055, 
      18.40999984741211, 
      19.6200008392334, 
      19.389999389648438
    ], 
    "mjd": [
      57123.57421875, 
      57159.796875, 
      57159.87109375, 
      57223.49609375, 
      57223.5703125
    ], 
    "modeldate": [
      57123.57421875, 
      57124.57421875, 
      57125.57421875, 
      57126.57421875, 
      57127.57421875, 
      57128.57421875, 
      57129.57421875, 
      57130.57421875, 
      57131.57421875, 
      57132.57421875, 
      57133.57421875, 
      57134.57421875, 
      57135.57421875, 
      57136.57421875, 
      57137.57421875, 
      57138.57421875, 
      57139.57421875, 
      57140.57421875, 
      57141.57421875, 
      57142.57421875, 
      57143.57421875, 
      57144.57421875, 
      57145.57421875, 
      57146.57421875, 
      57147.57421875, 
      57148.57421875, 
      57149.57421875, 
      57150.57421875, 
      57151.57421875, 
      57152.57421875, 
      57153.57421875, 
      57154.57421875, 
      57155.57421875, 
      57156.57421875, 
      57157.57421875, 
      57158.57421875, 
      57159.57421875, 
      57160.57421875, 
      57161.57421875, 
      57162.57421875, 
      57163.57421875, 
      57164.57421875, 
      57165.57421875, 
      57166.57421875, 
      57167.57421875, 
      57168.57421875, 
      57169.57421875, 
      57170.57421875, 
      57171.57421875, 
      57172.57421875, 
      57173.57421875, 
      57174.57421875, 
      57175.57421875, 
      57176.57421875, 
      57177.57421875, 
      57178.57421875, 
      57179.57421875, 
      57180.57421875, 
      57181.57421875, 
      57182.57421875, 
      57183.57421875, 
      57184.57421875, 
      57185.57421875, 
      57186.57421875, 
      57187.57421875, 
      57188.57421875, 
      57189.57421875, 
      57190.57421875, 
      57191.57421875, 
      57192.57421875, 
      57193.57421875, 
      57194.57421875, 
      57195.57421875, 
      57196.57421875, 
      57197.57421875, 
      57198.57421875, 
      57199.57421875, 
      57200.57421875, 
      57201.57421875, 
      57202.57421875, 
      57203.57421875, 
      57204.57421875, 
      57205.57421875, 
      57206.57421875, 
      57207.57421875, 
      57208.57421875, 
      57209.57421875, 
      57210.57421875, 
      57211.57421875, 
      57212.57421875, 
      57213.57421875, 
      57214.57421875, 
      57215.57421875, 
      57216.57421875, 
      57217.57421875, 
      57218.57421875, 
      57219.57421875, 
      57220.57421875, 
      57221.57421875, 
      57222.57421875
    ], 
    "modelerr": [
      0.0, 
      1.2267738581673329, 
      1.2327214076554156, 
      1.242186203181462, 
      1.2545561893345374, 
      1.2690806722318388, 
      1.2849501459264565, 
      1.3013709015822477, 
      1.3176251483208405, 
      1.3331118804247448, 
      1.3473676859580381, 
      1.3600694639623905, 
      1.3710225754144851, 
      1.3801385732714624, 
      1.3874066697152954, 
      1.392862770190707, 
      1.3965594103734216, 
      1.3985393767380079, 
      1.3988152271415972, 
      1.3973563761752952, 
      1.3940848715190148, 
      1.3888804494507283, 
      1.381594900853636, 
      1.3720751845777133, 
      1.3601940790680926, 
      1.3458864587557575, 
      1.3291885166848065, 
      1.3102764299074778, 
      1.289500088104541, 
      1.267406620092914, 
      1.2447476884315505, 
      1.2224641934967546, 
      1.201642730604428, 
      1.1834407466719457, 
      1.1689826781717676, 
      1.1592374294125165, 
      1.1548965275722642, 
      1.1562781637829536, 
      1.1632805755944737, 
      1.1753972224788005, 
      1.1917896643824575, 
      1.2113993840047002, 
      1.2330731247082265, 
      1.2556787053621108, 
      1.2781962501871509, 
      1.2997787078835858, 
      1.3197823987245105, 
      1.3377722775409937, 
      1.3535081580045096, 
      1.3669182170913978, 
      1.3780654314907523, 
      1.3871116348346324, 
      1.3942828395574252, 
      1.3998384296978907, 
      1.4040458462131928, 
      1.4071614942224653, 
      1.4094178456981998, 
      1.4110161316683052, 
      1.4121236396644417, 
      1.4128744554243138, 
      1.4133724876178702, 
      1.4136957459676207, 
      1.413901052979306, 
      1.414028606247989, 
      1.4141060312926166, 
      1.4141517481437664, 
      1.414177607010002, 
      1.4141908292389858, 
      1.4141953266064318, 
      1.414192475061137, 
      1.41418139916839, 
      1.4141587903274464, 
      1.4141182438603723, 
      1.4140490651609898, 
      1.4139344715197122, 
      1.413749113413791, 
      1.4134558675604965, 
      1.4130019245036574, 
      1.4123143140892473, 
      1.4112951847851112, 
      1.4098173687859255, 
      1.4077210015774433, 
      1.404812184483851, 
      1.4008648321023023, 
      1.395626879436861, 
      1.3888318883837545, 
      1.3802167598745068, 
      1.3695457211647468, 
      1.3566400373744703, 
      1.341412030250467, 
      1.3239010190811915, 
      1.3043077694238483, 
      1.2830229867120866, 
      1.2606443985898197, 
      1.2379762097322304, 
      1.216004571304173, 
      1.1958438633227084, 
      1.1786519435084568, 
      1.1655187508120621, 
      1.1573413134887416
    ],