{
  "i_Pan-STARRS1": {
    "bsplinemag": [
      17.65867690782988,
      17.719597916576486,
      17.779325390344983,
      17.83787719150051,
      17.895271182408212,
      17.951525225433226,
      18.0066571829407,
      18.06068491729576,
      18.113626290863568,
      18.165499166009248,
      18.216321405097943,
      18.2661108704948,
      18.31488542456496,
      18.36266292967355,
      18.409461248185732,
      18.45529824246663,
      18.500191774881394,
      18.54415970779516,
      18.587219903573068,
      18.629390224580266,
      18.670688533181888,
      18.711132691743074,
      18.750740562628973,
      18.78953000820471,
      18.827518890835446,
      18.864725072886312,
      18.90116641672244,
      18.936860784708983,
      18.971826039211088,
      19.006080042593872,
      19.0396406572225,
      19.072525745462094,
      19.10475316967781,
      19.13634079223478,
      19.167306475498144,
      19.197668081833047,
      19.227443473604634,
      19.256650513178037,
      19.2853070629184,
      19.313430985190863,
      19.341040142360566,
      19.368152396792656,
      19.394785610852267,
      19.42095764690454,
      19.446686367314623,
      19.47198963444765,
      19.49688531066876,
      19.5213912583431,
      19.545525339835805,
      19.569305417512023,
      19.592749353736888,
      19.61587501087555,
      19.638700251293134,
      19.661242937354793,
      19.683520931425665,
      19.705552095870893,
      19.727354293055612,
      19.748945385344967,
      19.7703432351041,
      19.791565704698147,
      19.812630656492253,
      19.833555952851558,
      19.854359456141196,
      19.875059028726323,
      19.89567253297207,
      19.91621783124357,
      19.936712785905982,
      19.957175259324433,
      19.97762311386407,
      19.998074211890028,
      20.018546415767453,
      20.039057587861485,
      20.05962559053726,
      20.080268286159924,
      20.101003537094616,
      20.121849205706486,
      20.14282315436066,
      20.16394324542228,
      20.1852273412565,
      20.206693304228452,
      20.228358996703275,
      20.25024228104611,
      20.272361019622103,
      20.29473307479639,
      20.317376308934115,
      20.340308584400415,
      20.363547763560437
    ],
    "dmag": [
      0.048298098146915436,
      0.03521930053830147,
      0.05311580002307892,
      0.03773380070924759,
      0.056529898196458817,
      0.11336799710988998,
      0.07879789918661118,
      0.06682100147008896,
      0.025603000074625015,
      0.02548390068113804,
      0.022429699078202248,
      0.0247895997017622,
      0.0575093999505043,
      0.05257609859108925,
      0.05201220139861107,
      0.06253919750452042,
      0.05659849941730499,
      0.05704529955983162,
      0.05225680023431778,
      0.06698580086231232,
      0.08076070249080658,
      0.11913300305604935,
      0.08571299910545349,
      0.1458899974822998,
      0.1402360051870346,
      0.15231700241565704,
      0.1688079982995987,
      0.18106399476528168
    ],
    "goodstatus": false,
    "kernel": [
      5000.000000000004
    ],
    "mag": [
      17.645599365234375,
      17.658599853515625,
      17.646400451660156,
      17.65060043334961,
      17.919300079345703,
      17.947599411010742,
      17.90920066833496,
      17.880199432373047,
      18.00189971923828,
      18.03030014038086,
      18.010700225830078,
      18.00079917907715,
      19.626300811767578,
      19.677200317382812,
      19.65369987487793,
      19.649999618530273,
      19.678199768066406,
      19.59600067138672,
      19.663000106811523,
      19.70439910888672,
      20.034400939941406,
      19.84749984741211,
      19.961200714111328,
      20.33639907836914,
      20.239999771118164,
      20.239999771118164,
      20.360300064086914,
      20.632400512695312
    ],
    "mjd": [
      57147.55078125,
      57147.55859375,
      57147.5703125,
      57147.578125,
      57151.52734375,
      57151.5390625,
      57151.5546875,
      57151.56640625,
      57153.5859375,
      57153.58984375,
      57153.59765625,
      57153.6015625,
      57200.37890625,
      57200.390625,
      57200.40234375,
      57200.4140625,
      57201.40625,
      57201.41796875,
      57201.4296875,
      57201.44140625,
      57210.46484375,
      57210.48828125,
      57210.50390625,
      57233.38671875,
      57233.41015625,
      57233.41796875,
      57234.37109375,
      57234.40234375
    ],
    "modeldate": [
      57147.55078125,
      57148.55078125,
      57149.55078125,
      57150.55078125,
      57151.55078125,
      57152.55078125,
      57153.55078125,
      57154.55078125,
      57155.55078125,
      57156.55078125,
      57157.55078125,
      57158.55078125,
      57159.55078125,
      57160.55078125,
      57161.55078125,
      57162.55078125,
      57163.55078125,
      57164.55078125,
      57165.55078125,
      57166.55078125,
      57167.55078125,
      57168.55078125,
      57169.55078125,
      57170.55078125,
      57171.55078125,
      57172.55078125,
      57173.55078125,
      57174.55078125,
      57175.55078125,
      57176.55078125,
      57177.55078125,
      57178.55078125,
      57179.55078125,
      57180.55078125,
      57181.55078125,
      57182.55078125,
      57183.55078125,
      57184.55078125,
      57185.55078125,
      57186.55078125,
      57187.55078125,
      57188.55078125,
      57189.55078125,
      57190.55078125,
      57191.55078125,
      57192.55078125,
      57193.55078125,
      57194.55078125,
      57195.55078125,
      57196.55078125,
      57197.55078125,
      57198.55078125,
      57199.55078125,
      57200.55078125,
      57201.55078125,
      57202.55078125,
      57203.55078125,
      57204.55078125,
      57205.55078125,
      57206.55078125,
      57207.55078125,
      57208.55078125,
      57209.55078125,
      57210.55078125,
      57211.55078125,
      57212.55078125,
      57213.55078125,
      57214.55078125,
      57215.55078125,
      57216.55078125,
      57217.55078125,
      57218.55078125,
      57219.55078125,
      57220.55078125,
      57221.55078125,
      57222.55078125,
      57223.55078125,
      57224.55078125,
      57225.55078125,
      57226.55078125,
      57227.55078125,
      57228.55078125,
      57229.55078125,
      57230.55078125,
      57231.55078125,
      57232.55078125,
      57233.55078125
    ],