{
  "C_Catalina Schmidt": {
    "dmag": [
      0.043988000601530075, 
      0.021934999153017998, 
      0.022259000688791275, 
      0.020167000591754913, 
      0.021688999608159065, 
      0.03556500002741814, 
      0.03581399843096733, 
      0.03383199870586395, 
      0.033750999718904495
    ], 
    "goodstatus": false, 
    "kernel": [
      1.0000010000005, 
      499999.99999999971, 
      1.0000000001
    ], 
    "mag": [
      17.172700881958008, 
      15.586999893188477, 
      15.672200202941895, 
      15.4483003616333, 
      15.61299991607666, 
      16.691600799560547, 
      16.691600799560547, 
      16.5757999420166, 
      16.56329917907715
    ], 
    "mjd": [
      57289.55859375, 
      57303.44140625, 
      57303.48046875, 
      57303.51953125, 
      57303.55859375, 
      57318.44140625, 
      57318.48046875, 
      57318.51953125, 
      57318.55859375
    ], 
    "modeldate": [
      57289.55859375, 
      57290.55859375, 
      57291.55859375, 
      57292.55859375, 
      57293.55859375, 
      57294.55859375, 
      57295.55859375, 
      57296.55859375, 
      57297.55859375, 
      57298.55859375, 
      57299.55859375, 
      57300.55859375, 
      57301.55859375, 
      57302.55859375, 
      57303.55859375, 
      57304.55859375, 
      57305.55859375, 
      57306.55859375, 
      57307.55859375, 
      57308.55859375, 
      57309.55859375, 
      57310.55859375, 
      57311.55859375, 
      57312.55859375, 
      57313.55859375, 
      57314.55859375, 
      57315.55859375, 
      57316.55859375, 
      57317.55859375
    ], 
    "modelerr": [
      0.04394978034674422, 
      1.049137245164417, 
      1.049107202659875, 
      1.0490788683176533, 
      1.0490522426154343, 
      1.0490273260021519, 
      1.0490041188979748, 
      1.0489826216942897, 
      1.048962834753687, 
      1.0489447584099458, 
      1.0489283929680218, 
      1.0489137387040353, 
      1.04890079586526, 
      1.0488895646701148, 
      0.021684410551448725, 
      1.0488722379400595, 
      1.0488661426976371, 
      1.0488617596838095, 
      1.048859088972612, 
      1.0488581306091902, 
      1.0488588846097997, 
      1.0488613509618028, 
      1.0488655296236709, 
      1.048871420524985, 
      1.04887902356644, 
      1.048888338619846, 
      1.0488993655281362, 
      1.0489121041053704, 
      1.0489265541367438
    ], 
    "modelmag": [
      17.170393818917617, 
      15.978069468539891, 
      15.97805972274701, 
      15.978049555512882, 
      15.97803896689858, 
      15.978027956967706, 
      15.978016525786373, 
      15.978004673423225, 
      15.977992399949422, 
      15.977979705438644, 
      15.977966589967094, 
      15.97795305361349, 
      15.97793909645907, 
      15.977924718587586, 
      15.61317149366607, 
      15.977894701041025, 
      15.98710657422076, 
      16.02270190276283, 
      16.060631835562162, 
      16.098675919357426, 
      16.136792230664238, 
      16.17490834097812, 
      16.21302819047585, 
      16.251147620232285, 
      16.28926663035882, 
      16.327432045490497, 
      16.365600763490423, 
      16.403769062209616, 
      16.44198681240311
    ]
  }, 
  "i_Pan-STARRS1": {
    "dmag": [
      0.010789100080728531, 
      0.014436200261116028, 
      0.009547250345349312, 
      0.00905677955597639, 
      0.03835320100188255, 
      0.032687798142433167, 
      0.02703230082988739, 
      0.03333079814910889
    ], 
    "goodstatus": false, 
    "kernel": [
      1.0000010000005, 
      100.00000000000004, 
      1.0000000001
    ], 
    "mag": [
      16.55470085144043, 
      16.602500915527344, 
      16.56220054626465, 
      16.60140037536621, 
      18.72130012512207, 
      18.657400131225586, 
      18.674400329589844, 
      18.73419952392578
    ], 
    "mjd": [
      57324.3203125, 
      57324.33203125, 
      57324.34375, 
      57324.35546875, 
      57380.234375, 
      57380.24609375, 
      57380.2578125, 
      57380.26953125
    ], 
    "modeldate": [
      57324.3203125, 
      57325.3203125, 
      57326.3203125, 
      57327.3203125, 
      57328.3203125, 
      57329.3203125, 
      57330.3203125, 
      57331.3203125, 
      57332.3203125, 
      57333.3203125, 
      57334.3203125, 
      57335.3203125, 
      57336.3203125, 
      57337.3203125, 
      57338.3203125, 
      57339.3203125, 
      57340.3203125, 
      57341.3203125, 
      57342.3203125, 
      57343.3203125, 
      57344.3203125, 
      57345.3203125, 
      57346.3203125, 
      57347.3203125, 
      57348.3203125, 
      57349.3203125, 
      57350.3203125, 
      57351.3203125, 
      57352.3203125, 
      57353.3203125, 
      57354.3203125, 
      57355.3203125, 
      57356.3203125, 
      57357.3203125, 
      57358.3203125, 
      57359.3203125, 
      57360.3203125, 
      57361.3203125, 
      57362.3203125, 
      57363.3203125, 
      57364.3203125, 
      57365.3203125, 
      57366.3203125, 
      57367.3203125, 
      57368.3203125, 
      57369.3203125, 
      57370.3203125, 
      57371.3203125, 
      57372.3203125, 
      57373.3203125, 
      57374.3203125, 
      57375.3203125, 
      57376.3203125, 
      57377.3203125, 
      57378.3203125, 
      57379.3203125
    ], 
    "modelerr": [
      0.010788597766463341, 
      1.0989558887714126, 
      1.1094365065853407, 
      1.126101100664929, 
      1.1477560812423926, 
      1.1729789170282108, 
      1.2002893233472607, 
      1.2282927712956315, 
      1.2557816937035136, 
      1.2817930470975856, 
      1.3056285565974464, 
      1.3268467684508958, 
      1.3452359661202906, 
      1.3607757406576217, 
      1.3735934732573665, 
      1.3839205478091086, 
      1.3920518330828537, 
      1.3983108315194432, 
      1.40302185966995, 
      1.4064897107599847, 
      1.4089864851773988, 
      1.4107446988813104, 
      1.411955418217953, 
      1.4127700214379535, 
      1.4133042226416168, 
      1.4136431616555127, 
      1.4138466033332464, 
      1.4139535463514206, 
      1.4139857736642312, 
      1.4139500627247925, 
      1.4138389109940326, 
      1.4136297342911235, 
      1.4132825851361739, 
      1.4127365415542121, 
      1.4119050564509745, 
      1.4106707461284365, 
      1.4088803304887247, 
      1.4063406943027503, 
      1.4028172766261329, 
      1.3980361579029126, 
      1.3916912414950182, 
      1.383457767851775, 
      1.373013026940598, 
      1.3600645484089104, 
      1.3443852757192243, 
      1.3258543093665223, 
      1.3045007668933861, 
      1.2805471587790636, 
      1.254447393470388, 
      1.2269130774295238, 
      1.1989202455393526, 
      1.1716874259815857, 
      1.146615976117328, 
      1.125186625610979, 
      1.1088141175849509, 
      1.0986753617264604
    ],