{
  "M2_Swift_Vega": {
    "dmag": [
      0.1509999930858612, 
      0.1459999978542328, 
      0.15000000596046448, 
      0.1550000011920929, 
      0.15600000321865082, 
      0.15600000321865082, 
      0.19099999964237213, 
      0.17499999701976776, 
      0.164000004529953, 
      0.19099999964237213, 
      0.32100000977516174, 
      0.3009999990463257
    ], 
    "goodstatus": true, 
    "kernel": [
      1.0000010000005, 
      499999.99999999971, 
      1.0000000001
    ], 
    "mag": [
      19.485000610351562, 
      19.361000061035156, 
      19.357999801635742, 
      19.395000457763672, 
      19.368999481201172, 
      19.405000686645508, 
      19.798999786376953, 
      19.634000778198242, 
      19.525999069213867, 
      19.798999786376953, 
      20.198999404907227, 
      19.993000030517578
    ], 
    "mjd": [
      57008.53515625, 
      57010.56640625, 
      57012.125, 
      57014.25390625, 
      57016.15234375, 
      57018.21875, 
      57020.08203125, 
      57022.21484375, 
      57024.34765625, 
      57026.4765625, 
      57028.83984375, 
      57030.76953125
    ], 
    "modeldate": [
      57008.53515625, 
      57009.53515625, 
      57010.53515625, 
      57011.53515625, 
      57012.53515625, 
      57013.53515625, 
      57014.53515625, 
      57015.53515625, 
      57016.53515625, 
      57017.53515625, 
      57018.53515625, 
      57019.53515625, 
      57020.53515625, 
      57021.53515625, 
      57022.53515625, 
      57023.53515625, 
      57024.53515625, 
      57025.53515625, 
      57026.53515625, 
      57027.53515625, 
      57028.53515625, 
      57029.53515625, 
      57030.53515625
    ], 
    "modelerr": [
      0.14944020338288858, 
      1.0391302785858056, 
      1.0391139766896669, 
      1.0390994429068159, 
      1.0390866774855998, 
      1.0390756806441603, 
      1.039066452570424, 
      1.039058993422098, 
      1.0390533033266596, 
      1.0390493823813542, 
      1.0390472306531908, 
      1.0390468481789388, 
      1.0390482349651267, 
      1.0390513909880421, 
      1.0390563161937332, 
      1.0390630104980092, 
      1.0390714737864457, 
      1.0390817059143873, 
      1.0390937067069554, 
      1.0391074759590526, 
      1.0391230134353735, 
      1.0391403188704114, 
      1.0391593919684714
    ], 
    "modelmag": [
      19.47758997983653, 
      19.11848392239697, 
      19.104092654160105, 
      19.11923628197699, 
      19.15305749094646, 
      19.174621471779126, 
      19.189791564970715, 
      19.210383357929544, 
      19.24900125981012, 
      19.31032580872964, 
      19.390946363941357, 
      19.475727927305204, 
      19.530968257889395, 
      19.560687890257196, 
      19.604690601822494, 
      19.67947729561287, 
      19.76700258514608, 
      19.859848260851845, 
      19.974914841343008, 
      20.11103037550368, 
      20.237925452593785, 
      20.339046026338004, 
      20.414352001085213
    ]
  }, 
  "W1_Swift_Vega": {
    "dmag": [
      0.06400000303983688, 
      0.06400000303983688, 
      0.06400000303983688, 
      0.06499999761581421, 
      0.06599999964237213, 
      0.06800000369548798, 
      0.0689999982714653, 
      0.07199999690055847, 
      0.07800000160932541, 
      0.08500000089406967, 
      0.10499999672174454, 
      0.13300000131130219
    ], 
    "goodstatus": true, 
    "kernel": [
      1.0000010000005, 
      499999.99999999971, 
      1.0000000001
    ], 
    "mag": [
      16.874000549316406, 
      16.89900016784668, 
      16.900999069213867, 
      17.025999069213867, 
      17.062999725341797, 
      17.266000747680664, 
      17.408000946044922, 
      17.533000946044922, 
      17.780000686645508, 
      18.097999572753906, 
      18.209999084472656, 
      18.548999786376953
    ], 
    "mjd": [
      57008.54296875, 
      57010.5703125, 
      57012.12890625, 
      57014.2578125, 
      57016.16015625, 
      57018.22265625, 
      57020.08984375, 
      57022.21875, 
      57024.3515625, 
      57026.48046875, 
      57028.84375, 
      57030.7734375
    ], 
    "modeldate": [
      57008.54296875, 
      57009.54296875, 
      57010.54296875, 
      57011.54296875, 
      57012.54296875, 
      57013.54296875, 
      57014.54296875, 
      57015.54296875, 
      57016.54296875, 
      57017.54296875, 
      57018.54296875, 
      57019.54296875, 
      57020.54296875, 
      57021.54296875, 
      57022.54296875, 
      57023.54296875, 
      57024.54296875, 
      57025.54296875, 
      57026.54296875, 
      57027.54296875, 
      57028.54296875, 
      57029.54296875, 
      57030.54296875
    ], 
    "modelerr": [
      0.06387944090552342, 
      1.0380582455686902, 
      1.0380416988922203, 
      1.0380269263336341, 
      1.0380139281456853, 
      1.0380027045507807, 
      1.0379932557409715, 
      1.0379855818779462, 
      1.037979683093023, 
      1.0379755594871463, 
      1.0379732111308806, 
      1.0379726380644094, 
      1.0379738402975331, 
      1.0379768178096682, 
      1.0379815705498485, 
      1.0379880984367276, 
      1.0379964013585807, 
      1.0380064791733106, 
      1.0380183317084524, 
      1.0380319587611808, 
      1.0380473600983176, 
      1.0380645354563411, 
      1.0380834845413975
    ], 
    "modelmag": [
      16.875218749411168, 
      17.13867202799918, 
      17.124441077081105, 
      17.13988129637802, 
      17.173683410508648, 
      17.195189879868618, 
      17.21038148236581, 
      17.231105510306374, 
      17.26994091831824, 
      17.331467907936812, 
      17.41226676991935, 
      17.497001900172847, 
      17.5519696537975, 
      17.581714743811453, 
      17.626011722801653, 
      17.701048573073656, 
      17.78867514124092, 
      17.881692692205803, 
      17.997064506355503, 
      18.133324383720893, 
      18.260161511382545, 
      18.361124397309013, 
      18.436339338322362
    ]
  }, 
  "W2_Swift_Vega": {
    "dmag": [
      0.0949999988079071, 
      0.09200000017881393, 
      0.09700000286102295, 
      0.09700000286102295, 
      0.0989999994635582, 
      0.10400000214576721, 
      0.10999999940395355, 
      0.11299999803304672, 
      0.12099999934434891, 
      0.12999999523162842, 
      0.20800000429153442, 
      0.19499999284744263
    ], 
    "goodstatus": true, 
    "kernel": [
      1.0000010000005, 
      499999.99999999971, 
      1.0000000001
    ], 
    "mag": [
      18.5049991607666, 
      18.42099952697754, 
      18.507999420166016, 
      18.53700065612793, 
      18.566999435424805, 
      18.702999114990234, 
      18.895999908447266, 
      18.908000946044922, 
      19.106000900268555, 
      19.283000946044922, 
      19.66900062561035, 
      19.780000686645508
    ], 
    "mjd": [
      57008.52734375, 
      57010.5625, 
      57012.12109375, 
      57014.25, 
      57016.1484375, 
      57018.2109375, 
      57020.078125, 
      57022.2109375, 
      57024.33984375, 
      57026.47265625, 
      57028.8359375, 
      57030.734375
    ], 
    "modeldate": [
      57008.52734375, 
      57009.52734375, 
      57010.52734375, 
      57011.52734375, 
      57012.52734375, 
      57013.52734375, 
      57014.52734375, 
      57015.52734375, 
      57016.52734375, 
      57017.52734375, 
      57018.52734375, 
      57019.52734375, 
      57020.52734375, 
      57021.52734375, 
      57022.52734375, 
      57023.52734375, 
      57024.52734375, 
      57025.52734375, 
      57026.52734375, 
      57027.52734375, 
      57028.52734375, 
      57029.52734375, 
      57030.52734375
    ],