{
  "C_Catalina Schmidt": {
    "dmag": [
      0.038008999079465866, 
      0.03850699961185455, 
      0.03914700075984001, 
      0.03630099818110466, 
      0.04746200144290924, 
      0.050018999725580215, 
      0.04665200039744377, 
      0.0456789992749691, 
      0.044119998812675476, 
      0.04332200065255165, 
      0.042904000729322433, 
      0.041418999433517456, 
      0.04815400019288063, 
      0.04840900003910065, 
      0.045882001519203186, 
      0.04781600087881088, 
      0.04822300001978874, 
      0.04760200157761574, 
      0.049828000366687775, 
      0.05133499950170517, 
      0.05203599855303764, 
      0.0504940003156662, 
      0.05229099839925766, 
      0.051573000848293304
    ], 
    "goodstatus": true, 
    "kernel": [
      1.0000010000005, 
      499999.99999999971, 
      1.0000000001
    ], 
    "mag": [
      16.846200942993164, 
      16.873899459838867, 
      16.908199310302734, 
      16.75040054321289, 
      17.04520034790039, 
      17.14900016784668, 
      17.061800003051758, 
      16.9822998046875, 
      17.175199508666992, 
      17.133100509643555, 
      17.111099243164062, 
      17.02750015258789, 
      17.362499237060547, 
      17.37579917907715, 
      17.25469970703125, 
      17.349199295043945, 
      17.365800857543945, 
      17.33989906311035, 
      17.436100006103516, 
      17.512399673461914, 
      17.505300521850586, 
      17.442399978637695, 
      17.519500732421875, 
      17.48740005493164
    ], 
    "mjd": [
      56295.44140625, 
      56295.48046875, 
      56295.51953125, 
      56295.55859375, 
      56302.44140625, 
      56302.48046875, 
      56302.51953125, 
      56302.55859375, 
      56309.44140625, 
      56309.48046875, 
      56309.51953125, 
      56309.55859375, 
      56324.44140625, 
      56324.48046875, 
      56324.51953125, 
      56324.55859375, 
      56339.44140625, 
      56339.48046875, 
      56339.51953125, 
      56339.55859375, 
      56358.44140625, 
      56358.48046875, 
      56358.51953125, 
      56358.55859375
    ], 
    "modeldate": [
      56295.44140625, 
      56296.44140625, 
      56297.44140625, 
      56298.44140625, 
      56299.44140625, 
      56300.44140625, 
      56301.44140625, 
      56302.44140625, 
      56303.44140625, 
      56304.44140625, 
      56305.44140625, 
      56306.44140625, 
      56307.44140625, 
      56308.44140625, 
      56309.44140625, 
      56310.44140625, 
      56311.44140625, 
      56312.44140625, 
      56313.44140625, 
      56314.44140625, 
      56315.44140625, 
      56316.44140625, 
      56317.44140625, 
      56318.44140625, 
      56319.44140625, 
      56320.44140625, 
      56321.44140625, 
      56322.44140625, 
      56323.44140625, 
      56324.44140625, 
      56325.44140625, 
      56326.44140625, 
      56327.44140625, 
      56328.44140625, 
      56329.44140625, 
      56330.44140625, 
      56331.44140625, 
      56332.44140625, 
      56333.44140625, 
      56334.44140625, 
      56335.44140625, 
      56336.44140625, 
      56337.44140625, 
      56338.44140625, 
      56339.44140625, 
      56340.44140625, 
      56341.44140625, 
      56342.44140625, 
      56343.44140625, 
      56344.44140625, 
      56345.44140625, 
      56346.44140625, 
      56347.44140625, 
      56348.44140625, 
      56349.44140625, 
      56350.44140625, 
      56351.44140625, 
      56352.44140625, 
      56353.44140625, 
      56354.44140625, 
      56355.44140625, 
      56356.44140625, 
      56357.44140625, 
      56358.44140625
    ], 
    "modelerr": [
      0.03798270763046786, 
      1.020445690907411, 
      1.0204003917262674, 
      1.020356919953776, 
      1.020315276329166, 
      1.0202754615605922, 
      1.0202374763251079, 
      0.04741080838665182, 
      1.020166997005942, 
      1.0201345041206156, 
      1.0201038431650389, 
      1.02007501466037, 
      1.0200480190965198, 
      1.0200228569321323, 
      0.044078849680258575, 
      1.0199780344798808, 
      1.0199583749528134, 
      1.0199405503467716, 
      1.019924560963815, 
      1.0199104070746472, 
      1.019898088918601, 
      1.019887606703631, 
      1.0198789606063055, 
      1.0198721507717974, 
      1.0198671773138812, 
      1.0198640403149257, 
      1.0198627398258928, 
      1.0198632758663349, 
      1.0198656484243926, 
      0.048100500050747445, 
      1.0198759028888758, 
      1.0198837846145428, 
      1.0198935024963174, 
      1.019905056365322, 
      1.019918446021291, 
      1.0199336712325788, 
      1.0199507317361682, 
      1.019969627237683, 
      1.0199903574113982, 
      1.020012921900254, 
      1.0200373203158692, 
      1.020063552238559, 
      1.0200916172173502, 
      1.0201215147699991, 
      0.04816930212399179, 
      1.0201868055116683, 
      1.0202221975800356, 
      1.0202594199809998, 
      1.0202984720762858, 
      1.0203393531964857, 
      1.0203820626410833, 
      1.0204265996784834, 
      1.020472963546042, 
      1.020521153450096, 
      1.0205711685659946, 
      1.020623008038134, 
      1.0206766709799908, 
      1.0207321564741576, 
      1.0207894635723798, 
      1.0208485912955942, 
      1.0209095386339682, 
      1.0209723045469383, 
      1.0210368879632552, 
      0.05196868377378499
    ], 
    "modelmag": [
      16.846197628624683, 
      16.819727366072964, 
      16.844149374023853, 
      16.879241737725177, 
      16.920204435084912, 
      16.966351571417583, 
      17.02045838307245, 
      17.04533598083264, 
      17.022162061998984, 
      17.040311627995692, 
      17.063577712125944, 
      17.08845155161281, 
      17.11356188299878, 
      17.13652656832445, 
      17.175135414560557, 
      17.07526288835839, 
      17.08662125453744, 
      17.10299161505427, 
      17.12122863590493, 
      17.141364728420786, 
      17.161871446476578, 
      17.183117281330297, 
      17.204815358353343, 
      17.226717043545744, 
      17.249191018371736, 
      17.27169403316929, 
      17.294797804416874, 
      17.31803773626046, 
      17.34163001784478, 
      17.362489125545743, 
      17.31530376144455, 
      17.32819836300812, 
      17.336488348329166, 
      17.341895896353442, 
      17.346048619453853, 
      17.349130290564766, 
      17.35183115534446, 
      17.353579508369393, 
      17.355327864644813, 
      17.356144742952814, 
      17.35689206735745, 
      17.356838139651014, 
      17.35645853454199, 
      17.354719511253226, 
      17.36577430584831, 
      17.479551313116303, 
      17.489969180945728, 
      17.494982046096286, 
      17.498665451165046, 
      17.50070423413956, 
      17.502743019540418, 
      17.50330930918535, 
      17.503852262819734, 
      17.50430301302013, 
      17.503761102733705, 
      17.503219194529823, 
      17.502553182318053, 
      17.500867516977515, 
      17.499181853513164, 
      17.496748198598173, 
      17.4932586187469, 
      17.488641849519347, 
      17.48175228875014, 
      17.505203211842606
    ]
  }
}