{
  "C_Catalina Schmidt": {
    "dmag": [
      0.17382599413394928, 
      0.1292479932308197, 
      0.11415600031614304, 
      0.11854399740695953, 
      0.1491979956626892, 
      0.12457600235939026, 
      0.1485929936170578, 
      0.17752599716186523, 
      0.1346839964389801, 
      0.20132000744342804, 
      0.11769100278615952, 
      0.1428389996290207, 
      0.16093499958515167, 
      0.14908500015735626, 
      0.1533540040254593, 
      0.1771489977836609, 
      0.14582499861717224, 
      0.2174520045518875, 
      0.11556699872016907, 
      0.14080500602722168, 
      0.16307100653648376, 
      0.18598900735378265, 
      0.11312899738550186, 
      0.13865099847316742, 
      0.16558200120925903, 
      0.12378499656915665, 
      0.13440200686454773, 
      0.10600200295448303, 
      0.1474200040102005, 
      0.13637399673461914
    ], 
    "goodstatus": true, 
    "kernel": [
      1.0000010000005, 
      499999.99999999971, 
      1.0000000001
    ], 
    "mag": [
      19.962400436401367, 
      19.308300018310547, 
      19.025999069213867, 
      19.111299514770508, 
      19.667499542236328, 
      19.276599884033203, 
      19.67930030822754, 
      20.20800018310547, 
      19.590599060058594, 
      20.4955997467041, 
      19.300199508666992, 
      19.70009994506836, 
      19.95709991455078, 
      19.80270004272461, 
      19.846099853515625, 
      20.158199310302734, 
      19.704700469970703, 
      20.582300186157227, 
      19.1742000579834, 
      19.612600326538086, 
      19.92650032043457, 
      20.22439956665039, 
      19.130699157714844, 
      19.5851993560791, 
      19.98259925842285, 
      19.33989906311035, 
      19.71430015563965, 
      19.187000274658203, 
      19.906200408935547, 
      19.741899490356445
    ], 
    "mjd": [
      56538.44140625, 
      56538.48046875, 
      56538.51953125, 
      56538.55859375, 
      56551.44140625, 
      56551.51953125, 
      56551.55859375, 
      56561.44140625, 
      56561.48046875, 
      56561.51953125, 
      56561.55859375, 
      56569.44140625, 
      56569.48046875, 
      56569.51953125, 
      56576.44140625, 
      56576.48046875, 
      56576.51953125, 
      56576.55859375, 
      56580.44140625, 
      56589.44140625, 
      56589.48046875, 
      56589.51953125, 
      56589.55859375, 
      56595.48046875, 
      56595.51953125, 
      56595.55859375, 
      56604.44140625, 
      56604.48046875, 
      56604.51953125, 
      56604.55859375
    ], 
    "modeldate": [
      56538.44140625, 
      56539.44140625, 
      56540.44140625, 
      56541.44140625, 
      56542.44140625, 
      56543.44140625, 
      56544.44140625, 
      56545.44140625, 
      56546.44140625, 
      56547.44140625, 
      56548.44140625, 
      56549.44140625, 
      56550.44140625, 
      56551.44140625, 
      56552.44140625, 
      56553.44140625, 
      56554.44140625, 
      56555.44140625, 
      56556.44140625, 
      56557.44140625, 
      56558.44140625, 
      56559.44140625, 
      56560.44140625, 
      56561.44140625, 
      56562.44140625, 
      56563.44140625, 
      56564.44140625, 
      56565.44140625, 
      56566.44140625, 
      56567.44140625, 
      56568.44140625, 
      56569.44140625, 
      56570.44140625, 
      56571.44140625, 
      56572.44140625, 
      56573.44140625, 
      56574.44140625, 
      56575.44140625, 
      56576.44140625, 
      56577.44140625, 
      56578.44140625, 
      56579.44140625, 
      56580.44140625, 
      56581.44140625, 
      56582.44140625, 
      56583.44140625, 
      56584.44140625, 
      56585.44140625, 
      56586.44140625, 
      56587.44140625, 
      56588.44140625, 
      56589.44140625, 
      56590.44140625, 
      56591.44140625, 
      56592.44140625, 
      56593.44140625, 
      56594.44140625, 
      56595.44140625, 
      56596.44140625, 
      56597.44140625, 
      56598.44140625, 
      56599.44140625, 
      56600.44140625, 
      56601.44140625, 
      56602.44140625, 
      56603.44140625, 
      56604.44140625
    ], 
    "modelerr": [
      0.1713466122878743, 
      1.0174430949656836, 
      1.0173807418585472, 
      1.0173202221580038, 
      1.0172615368973998, 
      1.0172046870790474, 
      1.0171496736741852, 
      1.0170964976229382, 
      1.01704515983428, 
      1.0169956611859967, 
      1.0169480025246511, 
      1.0169021846655482, 
      1.0168582083927034, 
      0.14761911659149646, 
      1.0167757835852071, 
      1.0167373364618555, 
      1.0167007337473046, 
      1.0166659760686678, 
      1.0166330640215977, 
      1.016601998170261, 
      1.0165727790473158, 
      1.016545407153891, 
      1.016519882959565, 
      0.1748818200698094, 
      1.016474379388657, 
      1.0164544007933163, 
      1.0164362714595234, 
      1.0164199916988457, 
      1.0164055617912051, 
      1.0163929819848672, 
      1.0163822524964305, 
      0.14145041940352227, 
      1.0163663451812701, 
      1.016361167629338, 
      1.016357840944878, 
      1.0163563651860488, 
      1.016356740379309, 
      1.0163589665194164, 
      0.15163939792215744, 
      1.0163689714606967, 
      1.0163767500928858, 
      1.0163863793339605, 
      0.11482791494929846, 
      1.016411188956203, 
      1.0164263689148947, 
      1.016443398637536, 
      1.0164622778337356, 
      1.0164830061814596, 
      1.016505583327046, 
      1.0165300088852187, 
      1.0165562824391021, 
      0.13947493944460104, 
      1.01661437170861, 
      1.0166461864326488, 
      1.0166798471692675, 
      1.0167153533438757, 
      1.0167527043504045, 
      1.0167918995513314, 
      1.0168329382777055, 
      1.0168758198291743, 
      1.0169205434740132, 
      1.0169671084491534, 
      1.0170155139602135, 
      1.0170657591815322, 
      1.0171178432561998, 
      1.0171717652960948, 
      0.13324535853945718
    ], 
    "modelmag": [
      19.961043499254934, 
      19.077056820232077, 
      19.12971214712497, 
      19.17811377815784, 
      19.22445029284847, 
      19.267429787672825, 
      19.31040937288602, 
      19.347709875389693, 
      19.38423620783824, 
      19.41727051948074, 
      19.441796951387605, 
      19.462346733840963, 
      19.457221533723466, 
      19.66128486364109, 
      19.563790601670256, 
      19.668920195073074, 
      19.751266741598254, 
      19.813414250665218, 
      19.870263551765795, 
      19.91338382471407, 
      19.94850737654824, 
      19.96434762042738, 
      19.94132468229751, 
      20.195576290669177, 
      19.599944084052908, 
      19.49501829036698, 
      19.468569583605063, 
      19.486450785042674, 
      19.525892416172162, 
      19.57966155283819, 
      19.65666725433945, 
      19.702440894132327, 
      19.79482557704129, 
      19.78333015102277, 
      19.784614632312245, 
      19.793760922454346, 
      19.81321304840397, 
      19.854357346446402, 
      19.8490816998708, 
      20.10974660400439, 
      19.881880902828044, 
      19.6758696938625, 
      19.17886508975343, 
      19.441895040561768, 
      19.380524447960063, 
      19.37430150220775, 
      19.373834524428293, 
      19.407261147261774, 
      19.444347508087628, 
      19.51054831897756, 
      19.596259823510383, 
      19.616360884843495, 
      19.362333981098008, 
      19.30901133931041, 
      19.342203138458494, 
      19.41440856004465, 
      19.525819325852115, 
      19.73923678514601, 
      19.50486787979607, 
      19.45993970108959, 
      19.45638072026954, 
      19.472365563971934, 
      19.489886280178347, 
      19.506837302944508, 
      19.51320675231672, 
      19.49745072199599, 
      19.708541872953425
    ]
  }
}