{
  "C_Catalina Schmidt": {
    "bsplinemag": [
      17.724003261994927,
      17.33517399454952,
      17.499901082135775,
      17.893704837299072,
      18.24540707888874,
      18.283829625754088,
      17.737794296744433,
      16.42807843707858,
      14.640814020674663,
      12.808994386288127,
      11.365668839646707,
      10.743886686478115,
      11.376697232510075,
      13.69714978347031,
      18.138293645086534,
      11.977315430613423,
      7.265136270073705,
      4.623451138986985,
      3.7232698496659844,
      4.235602214423428,
      5.8314580455720355,
      8.18184715542453,
      10.957779356293633,
      13.830264460492069,
      16.470312280332557,
      18.54893262812782,
      19.820963878278857,
      20.376558653539803,
      20.389698138753037,
      20.034363518760973,
      19.484535978406008,
      18.914196702530546,
      18.472296062698963,
      18.18111227406566,
      18.02294705938556,
      17.98008690688789,
      18.034818304801842,
      18.16942774135663,
      18.366201704781446,
      18.607426683305498,
      18.87538916515799,
      19.15237563856813,
      19.42067259176513,
      19.66256651297818,
      19.860343890436493,
      19.99629121236927,
      20.05269496700572,
      20.011841642575042,
      19.85601772730645,
      19.582544507271763,
      19.26482910094303,
      19.000290570591634,
      18.886357129131085,
      19.020456989474873,
      19.500018364536505
    ],
    "dmag": [
      0.057778000831604004,
      0.056324999779462814,
      0.05597899854183197,
      0.05383000150322914,
      0.0589199997484684,
      0.05689999833703041,
      0.058139000087976456,
      0.053477998822927475,
      0.07188600301742554,
      0.07275000214576721,
      0.08162099868059158,
      0.06825800240039825,
      0.08656500279903412,
      0.08472300320863724,
      0.0900920033454895,
      0.09090200066566467,
      0.09704399853944778,
      0.09510199725627899,
      0.10724399983882904,
      0.09534499794244766,
      0.14016400277614594,
      0.1515759974718094,
      0.12464900314807892,
      0.15677399933338165
    ],
    "goodstatus": true,
    "kernel": [
      5000.000000000004
    ],
    "mag": [
      17.72130012512207,
      17.665599822998047,
      17.652000427246094,
      17.5664005279541,
      17.76420021057129,
      17.687700271606445,
      17.735000610351562,
      17.55190086364746,
      18.20039939880371,
      18.226699829101562,
      18.47949981689453,
      18.086700439453125,
      18.608800888061523,
      18.561500549316406,
      18.696699142456055,
      18.71649932861328,
      18.86050033569336,
      18.81599998474121,
      19.080900192260742,
      18.82159996032715,
      19.67340087890625,
      19.84709930419922,
      19.413299560546875,
      19.922000885009766
    ],
    "mjd": [
      56900.44140625,
      56900.48046875,
      56900.51953125,
      56900.55859375,
      56906.44140625,
      56906.48046875,
      56906.51953125,
      56906.55859375,
      56914.44140625,
      56914.48046875,
      56914.51953125,
      56914.55859375,
      56925.44140625,
      56925.48046875,
      56925.51953125,
      56925.55859375,
      56931.44140625,
      56931.48046875,
      56931.51953125,
      56931.55859375,
      56943.51953125,
      56948.51953125,
      56954.48046875,
      56954.51953125
    ],
    "modeldate": [
      56900.44140625,
      56901.44140625,
      56902.44140625,
      56903.44140625,
      56904.44140625,
      56905.44140625,
      56906.44140625,
      56907.44140625,
      56908.44140625,
      56909.44140625,
      56910.44140625,
      56911.44140625,
      56912.44140625,
      56913.44140625,
      56914.44140625,
      56915.44140625,
      56916.44140625,
      56917.44140625,
      56918.44140625,
      56919.44140625,
      56920.44140625,
      56921.44140625,
      56922.44140625,
      56923.44140625,
      56924.44140625,
      56925.44140625,
      56926.44140625,
      56927.44140625,
      56928.44140625,
      56929.44140625,
      56930.44140625,
      56931.44140625,
      56932.44140625,
      56933.44140625,
      56934.44140625,
      56935.44140625,
      56936.44140625,
      56937.44140625,
      56938.44140625,
      56939.44140625,
      56940.44140625,
      56941.44140625,
      56942.44140625,
      56943.44140625,
      56944.44140625,
      56945.44140625,
      56946.44140625,
      56947.44140625,
      56948.44140625,
      56949.44140625,
      56950.44140625,
      56951.44140625,
      56952.44140625,
      56953.44140625,
      56954.44140625
    ],
    "modelerr": [
      0.028605114288821894,
      0.029700988917471777,
      0.03625138904935661,
      0.03807341540941001,
      0.03588784145510344,
      0.0319367293472028,
      0.028463069612870453,
      0.02711610034553676,
      0.028058120895622346,
      0.030367796495051197,
      0.032798546140130204,
      0.034657651413701876,
      0.035761393405469834,
      0.0361723812059612,
      0.03623823303765522,
      0.03635646575973884,
      0.036832074542277556,
      0.03791654034827573,
      0.039499508625306025,
      0.04135139718699244,
      0.04311830330421159,
      0.04446309546028207,
      0.045107251679222644,
      0.04489533013270544,
      0.04374956403242601,
      0.041804403892585926,
      0.03937254882933488,
      0.03706437444208661,
      0.03578138859484621,
      0.036474315228482615,
      0.039824118172077504,
      0.0456484214551572,
      0.053305465252002276,
      0.06197902989305637,
      0.0709571952198422,
      0.07962129123739797,
      0.08745824635068056,
      0.09405721554534016,
      0.09911508025169924,
      0.10245299587384153,
      0.10408754522772262,
      0.10429120566286153,
      0.10364222432407458,
      0.10304238449157213,
      0.10364222432407458,
      0.10652591558357041,
      0.11221123829417319,
      0.12022630650823192,
      0.1290485867812745,
      0.1363223186666453,
      0.13916101288113533,
      0.13449644766161578,
      0.1200556403548199,
      0.09865214847597482,
      0.09590967427166294
    ],
    "modelmag": [
      17.6547794342041,
      17.584680557250977,
      17.552865982055664,
      17.552072525024414,
      17.57561683654785,
      17.617868423461914,
      17.67386817932129,
      17.739389419555664,
      17.810449600219727,
      17.884531021118164,
      17.958810806274414,
      18.031457901000977,
      18.101037979125977,
      18.16642189025879,
      18.22710609436035,
      18.2825870513916,
      18.33286476135254,
      18.37833595275879,
      18.41910743713379,
      18.45611000061035,
      18.489770889282227,
      18.52103614807129,
      18.550867080688477,
      18.579965591430664,
      18.609323501586914,
      18.639657974243164,
      18.67204475402832,
      18.70695686340332,
      18.744874954223633,
      18.786745071411133,
      18.83245277404785,
      18.88236427307129,
      18.936471939086914,
      18.994897842407227,
      19.057138442993164,
      19.1226749420166,
      19.19108009338379,
      19.26158332824707,
      19.333276748657227,
      19.40496253967285,
      19.4757022857666,
      19.544198989868164,
      19.609033584594727,
      19.66886329650879,
      19.72222328186035,
      19.767702102661133,
      19.803857803344727,
      19.82927894592285,
      19.84275245666504,
      19.842981338500977,
      19.828927993774414,
      19.79978370666504,
      19.75481605529785,
      19.693727493286133,
      19.616281509399414
    ],
    "type": "Ia"
  }
}