{
  "C_Catalina Schmidt": {
    "bsplinemag": [
      17.594986425539155,
      19.908518630651045,
      21.712100129068403,
      22.803459887838937,
      23.290543258029597,
      23.28129559070732,
      22.883662236939035,
      22.205588547791667,
      21.35501987433217,
      20.439901567627466,
      19.56817897874449,
      18.847797458750176,
      18.38670235871146,
      18.292839029695276,
      18.34976036950125,
      18.205980622485704,
      17.883504366805017,
      17.405588051001434,
      16.795488123617183,
      16.076461033194498,
      15.271763228275615,
      14.404651157402771,
      13.498381269118205,
      12.576210011964143,
      11.661393834482825,
      10.777189185216482,
      9.946852512707355,
      9.193640265497676,
      8.540808892129679,
      8.011614841145596,
      7.629314561087666,
      7.417164500498126,
      7.3984211079192015,
      7.5963408318931425,
      8.034180120962167,
      8.735195423668518,
      9.722643188554436,
      11.019779864162146,
      12.649861899033883,
      14.636145741711893,
      17.001887840738405,
      19.770344644655648,
      22.950161917649382,
      26.48426968089667,
      30.29713004181713,
      34.313204126386935,
      38.456953060582336,
      42.65283797037954,
      46.82531998175477,
      50.898860220684234,
      54.797919813144205,
      58.44695988511083,
      61.77044156256037,
      64.69282597146902,
      67.13857423781303,
      69.03214748756861,
      70.29800684671197,
      70.86061344121933,
      70.64442839706695,
      69.573912840231,
      67.57352789668772,
      64.56773469241332,
      60.480994353384034,
      55.237768005576086,
      48.76251677496566,
      40.97970178752903,
      31.81378416924239,
      21.189225046081944
    ],
    "dmag": [
      0.05560100078582764,
      0.050519999116659164,
      0.05391300097107887,
      0.055681001394987106,
      0.0725409984588623,
      0.0795309990644455,
      0.07543099671602249,
      0.07436899840831757,
      0.13944099843502045,
      0.16432300209999084,
      0.1634729951620102,
      0.2712480127811432,
      0.15225200355052948
    ],
    "goodstatus": false,
    "kernel": [
      5000.000000000004
    ],
    "mag": [
      17.63719940185547,
      17.42729949951172,
      17.569700241088867,
      17.640300750732422,
      18.220300674438477,
      18.422399520874023,
      18.30620002746582,
      18.274999618530273,
      19.661800384521484,
      20.02680015563965,
      20.015100479125977,
      21.15089988708496,
      19.857099533081055
    ],
    "mjd": [
      56978.44140625,
      56978.48046875,
      56978.51953125,
      56978.55859375,
      56991.44140625,
      56991.48046875,
      56991.51953125,
      56991.55859375,
      57019.44140625,
      57019.48046875,
      57019.51953125,
      57045.44140625,
      57045.55859375
    ],
    "modeldate": [
      56978.44140625,
      56979.44140625,
      56980.44140625,
      56981.44140625,
      56982.44140625,
      56983.44140625,
      56984.44140625,
      56985.44140625,
      56986.44140625,
      56987.44140625,
      56988.44140625,
      56989.44140625,
      56990.44140625,
      56991.44140625,
      56992.44140625,
      56993.44140625,
      56994.44140625,
      56995.44140625,
      56996.44140625,
      56997.44140625,
      56998.44140625,
      56999.44140625,
      57000.44140625,
      57001.44140625,
      57002.44140625,
      57003.44140625,
      57004.44140625,
      57005.44140625,
      57006.44140625,
      57007.44140625,
      57008.44140625,
      57009.44140625,
      57010.44140625,
      57011.44140625,
      57012.44140625,
      57013.44140625,
      57014.44140625,
      57015.44140625,
      57016.44140625,
      57017.44140625,
      57018.44140625,
      57019.44140625,
      57020.44140625,
      57021.44140625,
      57022.44140625,
      57023.44140625,
      57024.44140625,
      57025.44140625,
      57026.44140625,
      57027.44140625,
      57028.44140625,
      57029.44140625,
      57030.44140625,
      57031.44140625,
      57032.44140625,
      57033.44140625,
      57034.44140625,
      57035.44140625,
      57036.44140625,
      57037.44140625,
      57038.44140625,
      57039.44140625,
      57040.44140625,
      57041.44140625,
      57042.44140625,
      57043.44140625,
      57044.44140625,
      57045.44140625
    ],
    "modelerr": [
      0.04384754750125713,
      0.4956374585580954,
      0.889498885447258,
      1.1678035963789357,
      1.3464581900082102,
      1.4384956229113142,
      1.4545123952663306,
      1.4030622166646023,
      1.2912558650929578,
      1.125120792261958,
      0.9100559162944168,
      0.6512189293183882,
      0.35402175332167257,
      0.042673658235236105,
      0.3424930131853941,
      0.7246781391100156,
      1.124410898887659,
      1.534768402570899,
      1.949034657318455,
      2.36033782513069,
      2.76169828976575,
      3.1461260240489413,
      3.506705944315123,
      3.8366761904503557,
      4.129561358750592,
      4.379256385055968,
      4.580114771974922,
      4.727030984659572,
      4.815512568840329,
      4.8417757994826705,
      4.802755621839441,
      4.6962029093619515,
      4.520678269968882,
      4.275614461184604,
      3.961296953071688,
      3.5789065777591738,
      3.1305002255210437,
      2.619016458070014,
      2.0482768143423895,
      1.423087472936025,
      0.7499990463250773,
      0.09272459651872607,
      0.7357146036938365,
      1.5181539613953812,
      2.3238708748654897,
      3.1429075230858183,
      3.9659374814360016,
      4.783367311487681,
      5.585215573910246,
      6.361097660170784,
      7.100222084440491,
      7.791386509174831,
      8.422942538005062,
      8.982734756013862,
      9.458060648568216,
      9.835536497151445,
      10.101002594314059,
      10.239376261348445,
      10.234464036394073,
      10.068768201606726,
      9.723258073816504,
      9.177141591355163,
      8.407575850177217,
      7.389410132791094,
      6.094904707053386,
      4.4935050292750445,
      2.5520155813345395,
      0.26304359463446864
    ],
    "modelmag": [
      17.542259216308594,
      17.894630432128906,
      18.27001190185547,
      18.64051055908203,
      18.98180389404297,
      19.272727966308594,
      19.495643615722656,
      19.636085510253906,
      19.682884216308594,
      19.627906799316406,
      19.466163635253906,
      19.19548797607422,
      18.816505432128906,
      18.33257293701172,
      17.749534606933594,
      17.07544708251953,
      16.32067108154297,
      15.497489929199219,
      14.619895935058594,
      13.703590393066406,
      12.765510559082031,
      11.823753356933594,
      10.897331237792969,
      10.005958557128906,
      9.169639587402344,
      8.408729553222656,
      7.743354797363281,
      7.193412780761719,
      6.778190612792969,
      6.516075134277344,
      6.424446105957031,
      6.519355773925781,
      6.815116882324219,
      7.324256896972656,
      8.057350158691406,
      9.022422790527344,
      10.225028991699219,
      11.667961120605469,
      13.350929260253906,
      15.270545959472656,
      17.41979217529297,
      19.78827667236328,
      22.361610412597656,
      25.121597290039062,
      28.045761108398438,
      31.107704162597656,
      34.2762451171875,
      37.5159912109375,
      40.78687286376953,
      44.044219970703125,
      47.238502502441406,
      50.31556701660156,
      53.216453552246094,
      55.877296447753906,
      58.22954559326172,
      60.19969940185547,
      61.709754943847656,
      62.676841735839844,
      63.01355743408203,
      62.628074645996094,
      61.424072265625,
      59.301002502441406,
      56.154266357421875,
      51.87532043457031,
      46.351829528808594,
      39.467933654785156,
      31.10448455810547,
      21.139190673828125
    ]
  }
}