{
  "C_Catalina Schmidt": {
    "bsplinemag": [
      19.21752932960214,
      18.22152271071205,
      18.077612756128605,
      18.303224835209527,
      18.78469188806342,
      19.408346854798907,
      20.0605226755246,
      20.627552290349122,
      20.995768639381087,
      21.051504662729112,
      20.681093300501814,
      19.770867492807813,
      18.20716017975572,
      18.596483990408103,
      18.924702193427947,
      19.10678352124965,
      19.155633030214236,
      19.084155776662705,
      18.905256816936074,
      18.631841207375352,
      18.27681400432155,
      17.85308026411568,
      17.37354504309876,
      16.851113397611783,
      16.298690383995773,
      15.729181058591744,
      15.155490477740695,
      14.590523697783649,
      14.047185775061616,
      13.538381765915599,
      13.077016726686619,
      12.675995713715675,
      12.348223783343792,
      12.106605991911973,
      11.96404739576123,
      11.933453051232577,
      12.027728014667023,
      12.25977734240558,
      12.642506090789254,
      13.188819316159064,
      13.911622074856018,
      14.823819423221128,
      15.938316417595408,
      17.268018114319855,
      18.8258295697355,
      127.90978252959093,
      468.48203676968353,
      1008.44670397269,
      1714.8354273853554,
      2554.679850254425,
      3495.0116158266446,
      4502.8623673487555,
      5545.2637480675085,
      6589.247401229644,
      7601.844970081909,
      8550.088097871045,
      9401.008427843803,
      10121.637603246923,
      10679.007267327155,
      11040.149063331239,
      11172.094634505918,
      11041.875624097946,
      10616.523675354063,
      9863.07043152101,
      8748.547535845539,
      7239.986631574389,
      5304.419361954308,
      2908.8773702320414
    ],
    "dmag": [
      0.1169930025935173,
      0.1003360003232956,
      0.0967480018734932,
      0.09266100078821182,
      0.07634100317955017,
      0.06776600331068039,
      0.07579399645328522,
      0.07149700075387955,
      0.0985570028424263,
      0.09783600270748138,
      0.10267899930477142,
      0.12215899676084518,
      0.19249799847602844
    ],
    "goodstatus": false,
    "kernel": [
      5000.000000000004
    ],
    "mag": [
      19.23110008239746,
      18.89240074157715,
      18.822599411010742,
      18.73710060119629,
      18.273799896240234,
      18.02050018310547,
      18.275100708007812,
      18.149799346923828,
      18.86440086364746,
      18.853500366210938,
      18.949199676513672,
      19.348400115966797,
      20.39229965209961
    ],
    "mjd": [
      56596.44140625,
      56596.48046875,
      56596.51953125,
      56596.55859375,
      56608.44140625,
      56608.48046875,
      56608.51953125,
      56608.55859375,
      56640.44140625,
      56640.48046875,
      56640.51953125,
      56640.55859375,
      56664.44140625
    ],
    "modeldate": [
      56596.44140625,
      56597.44140625,
      56598.44140625,
      56599.44140625,
      56600.44140625,
      56601.44140625,
      56602.44140625,
      56603.44140625,
      56604.44140625,
      56605.44140625,
      56606.44140625,
      56607.44140625,
      56608.44140625,
      56609.44140625,
      56610.44140625,
      56611.44140625,
      56612.44140625,
      56613.44140625,
      56614.44140625,
      56615.44140625,
      56616.44140625,
      56617.44140625,
      56618.44140625,
      56619.44140625,
      56620.44140625,
      56621.44140625,
      56622.44140625,
      56623.44140625,
      56624.44140625,
      56625.44140625,
      56626.44140625,
      56627.44140625,
      56628.44140625,
      56629.44140625,
      56630.44140625,
      56631.44140625,
      56632.44140625,
      56633.44140625,
      56634.44140625,
      56635.44140625,
      56636.44140625,
      56637.44140625,
      56638.44140625,
      56639.44140625,
      56640.44140625,
      56641.44140625,
      56642.44140625,
      56643.44140625,
      56644.44140625,
      56645.44140625,
      56646.44140625,
      56647.44140625,
      56648.44140625,
      56649.44140625,
      56650.44140625,
      56651.44140625,
      56652.44140625,
      56653.44140625,
      56654.44140625,
      56655.44140625,
      56656.44140625,
      56657.44140625,
      56658.44140625,
      56659.44140625,
      56660.44140625,
      56661.44140625,
      56662.44140625,
      56663.44140625
    ],
    "modelerr": [
      0.08153273466841257,
      0.7961024110751567,
      1.4115076748527486,
      1.8177578399241503,
      2.0442622158249564,
      2.1176501680020965,
      2.0617337971116902,
      1.8976311874776257,
      1.6439611031044827,
      1.3170517603754444,
      0.9311678344526241,
      0.49892118417888504,
      0.04622453142983932,
      0.46869201301490604,
      0.9828263468290013,
      1.5095088291270118,
      2.0422357298125617,
      2.5754683244609153,
      3.104173459721926,
      3.6236214482907423,
      4.129285204918443,
      4.616681117965904,
      5.081311162413936,
      5.518570499805917,
      5.923743041421409,
      6.2919582737256325,
      6.618186938260505,
      6.897274658072768,
      7.123966175500248,
      7.29295410416312,
      7.3989542183499175,
      7.436759847789318,
      7.401316258926823,
      7.287815588371447,
      7.091801783361183,
      6.80924927734165,
      6.436665156775992,
      5.971201807521964,
      5.410774851113371,
      4.754169090107672,
      4.0011493104601765,
      3.1526116277426905,
      2.2106972284140975,
      1.179130372116774,
      0.0800334526691344,
      1.1360859895854811,
      2.401372449573586,
      3.7271325657028886,
      5.100811375794715,
      6.5079885690233485,
      7.931965558033555,
      9.353614906967804,
      10.751216575624712,
      12.100351133847663,
      13.37371016013949,
      14.540975618019175,
      15.56870077302272,
      16.420155515944913,
      17.055204795160286,
      17.430177443187112,
      17.49774434675149,
      17.20680984545147,
      16.502406378314177,
      15.325571934418464,
      13.613299884537103,
      11.29844276872295,
      8.309748832496664,
      4.572380967215066
    ],
    "modelmag": [
      19.062679290771484,
      16.806291580200195,
      15.287923812866211,
      14.384416580200195,
      13.981973648071289,
      13.975866317749023,
      14.270586013793945,
      14.779653549194336,
      15.425711631774902,
      16.1401948928833,
      16.8632230758667,
      17.54342746734619,
      18.137638092041016,
      18.610734939575195,
      18.935344696044922,
      19.091174125671387,
      19.065266609191895,
      18.851059913635254,
      18.448301315307617,
      17.862510681152344,
      17.104491233825684,
      16.18992328643799,
      15.138978958129883,
      13.975565910339355,
      12.72700309753418,
      11.423426628112793,
      10.097312927246094,
      8.78291130065918,
      7.515596389770508,
      6.331489562988281,
      5.266679763793945,
      4.356967926025391,
      3.637052536010742,
      3.1401329040527344,
      2.897306442260742,
      2.937127113342285,
      3.284921646118164,
      3.9625186920166016,
      4.987585067749023,
      6.373211860656738,
      8.127534866333008,
      10.253148078918457,
      12.746833801269531,
      15.599264144897461,
      18.794269561767578,
      22.30893898010254,
      26.113099098205566,
      30.169147491455078,
      34.43162250518799,
      38.84725284576416,
      43.35461235046387,
      47.88393688201904,
      52.35723686218262,
      56.68799591064453,
      60.78117275238037,
      64.5333776473999,
      67.8326644897461,
      70.5587272644043,
      72.58294677734375,
      73.76868629455566,
      73.97113513946533,
      73.03791522979736,
      70.80891799926758,
      67.11697959899902,
      61.78787040710449,
      54.64079666137695,
      45.48865985870361,
      34.138633728027344
    ]
  }
}