{
  "C_Catalina Schmidt": {
    "bsplinemag": [
      19.212834396281867,
      33.35184652969447,
      39.131446318632314,
      37.30457235287892,
      31.100877400764688,
      23.750014230620025,
      18.481635610775328,
      21.583370686507454,
      22.87651613401453,
      22.58215864341091,
      21.33083418652941,
      19.753078735202852,
      18.479428261264047,
      17.598265462305648,
      16.63765959711061,
      15.61623584153756,
      14.556129316605077,
      13.47947514333173,
      12.408408442736093,
      11.365064335836742,
      10.371577943652243,
      9.450084387201166,
      8.622718787502084,
      7.911616265573573,
      7.338911942434203,
      6.92674093910254,
      6.697238376597161,
      6.672539375936637,
      6.874779058139539,
      7.326092544224439,
      8.04861495520991,
      9.064481412114521,
      10.395827035956842,
      12.064786947755447,
      14.093496268528911,
      16.504090119295803,
      19.31870362107469,
      21.701689620568104,
      22.708190504064223,
      22.65612855557332,
      21.870447114793112,
      20.676089521421304,
      19.397999115155596,
      18.36111923569371,
      17.890393222733344,
      18.31076441597221,
      19.947176155108014
    ],
    "dmag": [
      0.11311499774456024,
      0.09759099781513214,
      0.08788099884986877,
      0.12327899783849716,
      0.08272600173950195,
      0.0757879987359047,
      0.08491799980401993,
      0.08538699895143509,
      0.07984499633312225,
      0.08349300175905228,
      0.07873500138521194,
      0.07733599841594696,
      0.13488399982452393,
      0.11927200108766556,
      0.13469600677490234,
      0.15872499346733093,
      0.15754200518131256,
      0.1785680055618286
    ],
    "goodstatus": true,
    "kernel": [
      5000.000000000004
    ],
    "mag": [
      19.19860076904297,
      18.872900009155273,
      18.642000198364258,
      19.3887996673584,
      18.50909996032715,
      18.316499710083008,
      18.566600799560547,
      18.578699111938477,
      18.431100845336914,
      18.529300689697266,
      18.400400161743164,
      18.36090087890625,
      19.520200729370117,
      19.217100143432617,
      19.514999389648438,
      19.84149932861328,
      19.9468994140625,
      20.23390007019043
    ],
    "mjd": [
      57060.44140625,
      57060.48046875,
      57060.51953125,
      57060.55859375,
      57066.44140625,
      57066.48046875,
      57066.51953125,
      57066.55859375,
      57072.44140625,
      57072.48046875,
      57072.51953125,
      57072.55859375,
      57096.44140625,
      57096.48046875,
      57096.51953125,
      57096.55859375,
      57106.44140625,
      57106.55859375
    ],
    "modeldate": [
      57060.44140625,
      57061.44140625,
      57062.44140625,
      57063.44140625,
      57064.44140625,
      57065.44140625,
      57066.44140625,
      57067.44140625,
      57068.44140625,
      57069.44140625,
      57070.44140625,
      57071.44140625,
      57072.44140625,
      57073.44140625,
      57074.44140625,
      57075.44140625,
      57076.44140625,
      57077.44140625,
      57078.44140625,
      57079.44140625,
      57080.44140625,
      57081.44140625,
      57082.44140625,
      57083.44140625,
      57084.44140625,
      57085.44140625,
      57086.44140625,
      57087.44140625,
      57088.44140625,
      57089.44140625,
      57090.44140625,
      57091.44140625,
      57092.44140625,
      57093.44140625,
      57094.44140625,
      57095.44140625,
      57096.44140625,
      57097.44140625,
      57098.44140625,
      57099.44140625,
      57100.44140625,
      57101.44140625,
      57102.44140625,
      57103.44140625,
      57104.44140625,
      57105.44140625,
      57106.44140625
    ],
    "modelerr": [
      0.05420141817046352,
      0.1750336750872551,
      0.24652062586288814,
      0.24122774011568063,
      0.18584602734556085,
      0.10571260870704326,
      0.0414090137638949,
      0.08632779358675073,
      0.14228183844578926,
      0.16974780056277147,
      0.15991192300800208,
      0.10957971216366237,
      0.04015204144106207,
      0.1411242629269323,
      0.31909543935014567,
      0.5354568862157341,
      0.7824392803387316,
      1.0523307182111157,
      1.3366319067439534,
      1.6261338899580404,
      1.9111566400772535,
      2.1817899019402613,
      2.428151617309316,
      2.6406496486980604,
      2.8102208545545473,
      2.9286220393310183,
      2.9886449654828207,
      2.984393534178377,
      2.911516893010606,
      2.7674463169366925,
      2.551636907236621,
      2.265805677904801,
      1.9141493174268087,
      1.5035766240325625,
      1.0440266134151193,
      0.5492910150381674,
      0.0730009046524639,
      0.49460890222074033,
      0.9880238073314629,
      1.4338292232532708,
      1.7999849689703764,
      2.051373728589436,
      2.148867255490662,
      2.049156955335559,
      1.7047093572710081,
      1.0645693654278114,
      0.13300264995487696
    ],
    "modelmag": [
      18.959869384765625,
      18.81536865234375,
      18.704307556152344,
      18.62060546875,
      18.558998107910156,
      18.51477813720703,
      18.48395538330078,
      18.463096618652344,
      18.44934844970703,
      18.440444946289062,
      18.434654235839844,
      18.430465698242188,
      18.427093505859375,
      18.423927307128906,
      18.420761108398438,
      18.417709350585938,
      18.415023803710938,
      18.413223266601562,
      18.412994384765625,
      18.415199279785156,
      18.4207763671875,
      18.430496215820312,
      18.445533752441406,
      18.46668243408203,
      18.49481201171875,
      18.530677795410156,
      18.57494354248047,
      18.62812042236328,
      18.690414428710938,
      18.761947631835938,
      18.842605590820312,
      18.931846618652344,
      19.02910614013672,
      19.13330841064453,
      19.243186950683594,
      19.357070922851562,
      19.473098754882812,
      19.588905334472656,
      19.701950073242188,
      19.809120178222656,
      19.907211303710938,
      19.99262237548828,
      20.06127166748047,
      20.108924865722656,
      20.130889892578125,
      20.122337341308594,
      20.078086853027344
    ]
  }
}