{
  "C_Catalina Schmidt": {
    "dmag": [
      0.10673300176858902, 
      0.10080800205469131, 
      0.09875500202178955, 
      0.09933599829673767, 
      0.13729900121688843, 
      0.1551620066165924, 
      0.16286399960517883, 
      0.15541400015354156, 
      0.10820800065994263, 
      0.1869640052318573, 
      0.15756100416183472, 
      0.10690200328826904
    ], 
    "goodstatus": true, 
    "kernel": [
      1.0000010000005, 
      499999.99999999971, 
      1.0000000001
    ], 
    "mag": [
      18.94420051574707, 
      18.81290054321289, 
      18.763200759887695, 
      18.781299591064453, 
      19.431100845336914, 
      19.722299575805664, 
      19.830400466918945, 
      19.720600128173828, 
      18.93589973449707, 
      20.150100708007812, 
      19.770000457763672, 
      18.92460060119629
    ], 
    "mjd": [
      56513.44140625, 
      56513.48046875, 
      56513.51953125, 
      56513.55859375, 
      56532.44140625, 
      56532.48046875, 
      56532.51953125, 
      56532.55859375, 
      56536.44140625, 
      56536.51953125, 
      56536.55859375, 
      56549.55859375
    ], 
    "modeldate": [
      56513.44140625, 
      56514.44140625, 
      56515.44140625, 
      56516.44140625, 
      56517.44140625, 
      56518.44140625, 
      56519.44140625, 
      56520.44140625, 
      56521.44140625, 
      56522.44140625, 
      56523.44140625, 
      56524.44140625, 
      56525.44140625, 
      56526.44140625, 
      56527.44140625, 
      56528.44140625, 
      56529.44140625, 
      56530.44140625, 
      56531.44140625, 
      56532.44140625, 
      56533.44140625, 
      56534.44140625, 
      56535.44140625, 
      56536.44140625, 
      56537.44140625, 
      56538.44140625, 
      56539.44140625, 
      56540.44140625, 
      56541.44140625, 
      56542.44140625, 
      56543.44140625, 
      56544.44140625, 
      56545.44140625, 
      56546.44140625, 
      56547.44140625, 
      56548.44140625, 
      56549.44140625
    ], 
    "modelerr": [
      0.10617719453427915, 
      1.0385516061041533, 
      1.038527555291508, 
      1.0385052707673177, 
      1.0384847529117271, 
      1.0384660020747816, 
      1.0384490185764117, 
      1.0384338027064208, 
      1.0384203547244741, 
      1.038408674860088, 
      1.0383987633126213, 
      1.0383906202512667, 
      1.038384245815045, 
      1.038379640112799, 
      1.0383768032231893, 
      1.0383757351946916, 
      1.0383764360455943, 
      1.0383789057639978, 
      1.038383144307815, 
      0.13612133602797785, 
      1.0383969275524176, 
      1.038406472018113, 
      1.0384177848390517, 
      0.1076287655955228, 
      1.0384457147445985, 
      1.0384623313527865, 
      1.0384807153633966, 
      1.0385008664628725, 
      1.0385227843075415, 
      1.0385464685236274, 
      1.0385719187072646, 
      1.038599134424515, 
      1.0386281152113843, 
      1.0386588605738412, 
      1.0386913699878362, 
      1.0387256428993221, 
      1.0387616787242766
    ], 
    "modelmag": [
      18.94356834491928, 
      18.749640443704887, 
      18.785694595098025, 
      18.82128789676659, 
      18.856540042931464, 
      18.891719689931076, 
      18.927056361740142, 
      18.9626772850006, 
      18.998663446015332, 
      19.03508012099313, 
      19.072197642001797, 
      19.11011880189161, 
      19.148939768585258, 
      19.188914237806582, 
      19.23047457866068, 
      19.274430782569176, 
      19.32246510042021, 
      19.37767284682945, 
      19.44691990514758, 
      19.434039708893316, 
      19.49826398898658, 
      19.309339689100145, 
      19.203390987085566, 
      18.943092650904262, 
      19.75359113373953, 
      19.666965433132702, 
      19.58501706308009, 
      19.506359992692534, 
      19.42968515759427, 
      19.356447736670173, 
      19.28365230965276, 
      19.213472577560463, 
      19.144098937119058, 
      19.075074186541507, 
      19.008702494888585, 
      18.942330916803904, 
      18.8759594523251
    ]
  }
}