{
  "C_Catalina Schmidt": {
    "dmag": [
      0.07255300134420395, 
      0.07770299911499023, 
      0.07617200165987015, 
      0.08117199689149857, 
      0.09480900317430496, 
      0.09604199975728989, 
      0.08977200090885162, 
      0.09866400063037872, 
      0.12895900011062622, 
      0.11385899782180786, 
      0.11607299745082855, 
      0.12025299668312073, 
      0.13856199383735657, 
      0.1273999959230423, 
      0.11634500324726105, 
      0.13287599384784698, 
      0.21383599936962128, 
      0.2078150063753128, 
      0.15664400160312653, 
      0.18018899857997894, 
      0.16255000233650208, 
      0.1746709942817688, 
      0.2061309963464737
    ], 
    "goodstatus": true, 
    "kernel": [
      1.0000010000005, 
      499999.99999999971, 
      1.0000000001
    ], 
    "mag": [
      18.159400939941406, 
      18.330400466918945, 
      18.30620002746582, 
      18.4468994140625, 
      18.825599670410156, 
      18.858400344848633, 
      18.7096004486084, 
      18.90369987487793, 
      19.29360008239746, 
      19.161300659179688, 
      19.159500122070312, 
      19.280099868774414, 
      19.612600326538086, 
      19.427400588989258, 
      19.22570037841797, 
      19.522499084472656, 
      20.510400772094727, 
      20.439699172973633, 
      19.80739974975586, 
      20.116500854492188, 
      19.872800827026367, 
      20.030899047851562, 
      20.395599365234375
    ], 
    "mjd": [
      56383.44140625, 
      56383.48046875, 
      56383.51953125, 
      56383.55859375, 
      56400.44140625, 
      56400.48046875, 
      56400.51953125, 
      56400.55859375, 
      56421.44140625, 
      56421.48046875, 
      56421.51953125, 
      56421.55859375, 
      56432.44140625, 
      56432.48046875, 
      56432.51953125, 
      56432.55859375, 
      56450.44140625, 
      56450.48046875, 
      56450.51953125, 
      56450.55859375, 
      56458.44140625, 
      56458.51953125, 
      56458.55859375
    ], 
    "modeldate": [
      56383.44140625, 
      56384.44140625, 
      56385.44140625, 
      56386.44140625, 
      56387.44140625, 
      56388.44140625, 
      56389.44140625, 
      56390.44140625, 
      56391.44140625, 
      56392.44140625, 
      56393.44140625, 
      56394.44140625, 
      56395.44140625, 
      56396.44140625, 
      56397.44140625, 
      56398.44140625, 
      56399.44140625, 
      56400.44140625, 
      56401.44140625, 
      56402.44140625, 
      56403.44140625, 
      56404.44140625, 
      56405.44140625, 
      56406.44140625, 
      56407.44140625, 
      56408.44140625, 
      56409.44140625, 
      56410.44140625, 
      56411.44140625, 
      56412.44140625, 
      56413.44140625, 
      56414.44140625, 
      56415.44140625, 
      56416.44140625, 
      56417.44140625, 
      56418.44140625, 
      56419.44140625, 
      56420.44140625, 
      56421.44140625, 
      56422.44140625, 
      56423.44140625, 
      56424.44140625, 
      56425.44140625, 
      56426.44140625, 
      56427.44140625, 
      56428.44140625, 
      56429.44140625, 
      56430.44140625, 
      56431.44140625, 
      56432.44140625, 
      56433.44140625, 
      56434.44140625, 
      56435.44140625, 
      56436.44140625, 
      56437.44140625, 
      56438.44140625, 
      56439.44140625, 
      56440.44140625, 
      56441.44140625, 
      56442.44140625, 
      56443.44140625, 
      56444.44140625, 
      56445.44140625, 
      56446.44140625, 
      56447.44140625, 
      56448.44140625, 
      56449.44140625, 
      56450.44140625, 
      56451.44140625, 
      56452.44140625, 
      56453.44140625, 
      56454.44140625, 
      56455.44140625, 
      56456.44140625, 
      56457.44140625, 
      56458.44140625
    ], 
    "modelerr": [
      0.07237138090582088, 
      1.0223398395000836, 
      1.0222714517947167, 
      1.0222048583806498, 
      1.0221400603815534, 
      1.0220770588911476, 
      1.022015854973159, 
      1.0219564496612783, 
      1.0218988439591192, 
      1.0218430388401791, 
      1.0217890352478, 
      1.021736834095132, 
      1.0216864362650957, 
      1.0216378426103485, 
      1.0215910539532498, 
      1.021546071085829, 
      1.0215028947697535, 
      0.09440398521464037, 
      1.0214219646863192, 
      1.02138421229022, 
      1.0213482691879305, 
      1.0213141359888793, 
      1.0212818132719688, 
      1.021251301585554, 
      1.0212226014474186, 
      1.0211957133447553, 
      1.0211706377341465, 
      1.021147375041546, 
      1.0211259256622618, 
      1.0211062899609407, 
      1.0210884682715526, 
      1.0210724608973785, 
      1.021058268110999, 
      1.02104589015428, 
      1.0210353272383674, 
      1.0210265795436755, 
      1.021019647219881, 
      1.0210145303859168, 
      0.12794428540678465, 
      1.0210097435094658, 
      1.021010073551089, 
      1.0210122192507602, 
      1.0210161805736464, 
      1.0210219574541606, 
      1.0210295497959647, 
      1.0210389574719727, 
      1.0210501803243563, 
      1.0210632181645511, 
      1.0210780707732634, 
      0.13730579525431735, 
      1.0211132192654768, 
      1.0211335145568319, 
      1.021155623432436, 
      1.021179545519507, 
      1.0212052804146048, 
      1.0212328276836475, 
      1.0212621868619283, 
      1.0212933574541336, 
      1.0213263389343639, 
      1.0213611307461536, 
      1.0213977323024939, 
      1.0214361429858556, 
      1.0214763621482137, 
      1.0215183891110733, 
      1.021562223165497, 
      1.021607863572132, 
      1.0216553095612406, 
      0.20930911835044796, 
      1.0217556150561828, 
      1.0218084728708936, 
      1.0218631328859002, 
      1.021919594180019, 
      1.0219778558018822, 
      1.0220379167699758, 
      1.022099776072677, 
      0.16053668127216583
    ], 
    "modelmag": [
      18.15949506244528, 
      18.432483123651124, 
      18.472962507124443, 
      18.5064586147427, 
      18.53478106991968, 
      18.562536305701933, 
      18.588159546552795, 
      18.613379773537336, 
      18.638125897038513, 
      18.66215778298204, 
      18.68618962915274, 
      18.70984943387043, 
      18.733444949596027, 
      18.757198509721963, 
      18.781123229617325, 
      18.805762252980212, 
      18.8312211326333, 
      18.825841647572286, 
      18.861141079074237, 
      18.902324025217364, 
      18.934848150444644, 
      18.96418608163296, 
      18.98933851244549, 
      19.013005963017534, 
      19.03646651323642, 
      19.057117015464954, 
      19.07776748005458, 
      19.098417907140774, 
      19.116887154538603, 
      19.13534574655987, 
      19.15380430148562, 
      19.170357091502467, 
      19.186603707944645, 
      19.202812606097954, 
      19.215808157607402, 
      19.2288036727059, 
      19.236996597790984, 
      19.240088345226884, 
      19.292278845901894, 
      19.28814192264263, 
      19.334458631529188, 
      19.372987249977186, 
      19.408177181831075, 
      19.439438083282717, 
      19.469153892595227, 
      19.496553380952776, 
      19.519935953418145, 
      19.538918675424064, 
      19.546450181082424, 
      19.61017443809204, 
      19.476240886006128, 
      19.568019402787424, 
      19.645942195097405, 
      19.715303390731833, 
      19.78113937944212, 
      19.843157196504723, 
      19.905097169976468, 
      19.9632212274743, 
      20.021345251781685, 
      20.078596410449606, 
      20.134090401352932, 
      20.189584359493974, 
      20.243458243499987, 
      20.296670321805774, 
      20.34848726565133, 
      20.398588838137773, 
      20.441411617462425, 
      20.506287863558562, 
      20.030331798050486, 
      20.03899545509934, 
      20.02777785832561, 
      20.010425833076074, 
      19.99184931888213, 
      19.976107407685653, 
      19.974049356547955, 
      19.879069792378814
    ]
  }
}