{
  "C_Catalina Schmidt": {
    "bsplinemag": [
      17.900671061341768,
      17.020517699947682,
      16.39555901485068,
      15.995817685673456,
      15.79131639203869,
      15.752077813569064,
      15.848124629887273,
      16.049479520616003,
      16.326165165377933,
      16.648204243795753,
      16.985619435492158,
      17.308433420089827,
      17.586668877211448,
      17.7903484864797,
      17.889494927517283,
      17.86748106729503,
      17.761080522176396,
      17.620417095872977,
      17.49561459209638,
      17.436796814558214,
      17.494087566970073,
      17.717610653043565,
      18.157489876490292,
      18.825907431325966,
      19.583279072782748,
      20.252078946396907,
      20.654781197704697,
      20.61385997224238,
      19.951789415546244,
      18.49104367315254
    ],
    "dmag": [
      0.06832700222730637,
      0.061517998576164246,
      0.06404399871826172,
      0.06245899945497513,
      0.0689539983868599,
      0.06741400063037872,
      0.06506499648094177,
      0.06603199988603592,
      0.07632400095462799,
      0.07545699924230576,
      0.07945100218057632,
      0.08065500110387802,
      0.08807799965143204,
      0.08968900144100189,
      0.08126600086688995,
      0.08517099916934967
    ],
    "goodstatus": true,
    "kernel": [
      5000.000000000004
    ],
    "mag": [
      17.98979949951172,
      17.758699417114258,
      17.84440040588379,
      17.79290008544922,
      17.96179962158203,
      17.91550064086914,
      17.829299926757812,
      17.867300033569336,
      18.149599075317383,
      18.12299919128418,
      18.235599517822266,
      18.266700744628906,
      18.4512996673584,
      18.48979949951172,
      18.271799087524414,
      18.37470054626465
    ],
    "mjd": [
      56429.44140625,
      56429.48046875,
      56429.51953125,
      56429.55859375,
      56443.44140625,
      56443.48046875,
      56443.51953125,
      56443.55859375,
      56451.44140625,
      56451.48046875,
      56451.51953125,
      56451.55859375,
      56458.44140625,
      56458.48046875,
      56458.51953125,
      56458.55859375
    ],
    "modeldate": [
      56429.44140625,
      56430.44140625,
      56431.44140625,
      56432.44140625,
      56433.44140625,
      56434.44140625,
      56435.44140625,
      56436.44140625,
      56437.44140625,
      56438.44140625,
      56439.44140625,
      56440.44140625,
      56441.44140625,
      56442.44140625,
      56443.44140625,
      56444.44140625,
      56445.44140625,
      56446.44140625,
      56447.44140625,
      56448.44140625,
      56449.44140625,
      56450.44140625,
      56451.44140625,
      56452.44140625,
      56453.44140625,
      56454.44140625,
      56455.44140625,
      56456.44140625,
      56457.44140625,
      56458.44140625
    ],
    "modelerr": [
      0.053238332697027387,
      0.567249591045476,
      0.9934808906518192,
      1.2662073373338838,
      1.4110858421032293,
      1.4514951692370042,
      1.4086363148618621,
      1.3016642188433019,
      1.1479304225718203,
      0.9630847294215197,
      0.7611648501925855,
      0.5547743178646674,
      0.35511309259546436,
      0.17258791024134515,
      0.03464389018567727,
      0.12493894993530841,
      0.21711995563346392,
      0.27224734010964613,
      0.2881480004652455,
      0.2656196144904415,
      0.2080525095023011,
      0.12237462069615311,
      0.03938465787124176,
      0.12107799796741303,
      0.2348221645727025,
      0.32957284389028724,
      0.38263745100916996,
      0.3689817056230196,
      0.2603248943112136,
      0.04658418086628144
    ],
    "modelmag": [
      17.878704071044922,
      17.33010482788086,
      16.96236801147461,
      16.742977142333984,
      16.642864227294922,
      16.635906219482422,
      16.699214935302734,
      16.81270980834961,
      16.959209442138672,
      17.124141693115234,
      17.29543685913086,
      17.46352767944336,
      17.620983123779297,
      17.76235580444336,
      17.884166717529297,
      17.984508514404297,
      18.063030242919922,
      18.120662689208984,
      18.159313201904297,
      18.18191146850586,
      18.192089080810547,
      18.19381332397461,
      18.191387176513672,
      18.18929672241211,
      18.191722869873047,
      18.202495574951172,
      18.22512435913086,
      18.262187957763672,
      18.315380096435547,
      18.385311126708984
    ],
    "type": "II P"
  }
}