{
  "C_Catalina Schmidt": {
    "bsplinemag": [
      20.089473241742954,
      17.413325607672526,
      17.636674127818754,
      19.928522160090004,
      23.941791072846055,
      29.329402234446654,
      35.74427701325156,
      42.839336777620545,
      50.26750289591337,
      57.68169673648977,
      64.73483966770954,
      71.07985305793243,
      76.36965827551819,
      80.2571766888266,
      82.39532966621739,
      82.43703857605037,
      80.03522478668525,
      74.8428096664818,
      66.51271458379982,
      54.697860906999026,
      39.0511700044392,
      19.22556324448011,
      21.48029588956681,
      22.906653228673054,
      23.35831698598638,
      23.033462358132713,
      22.130264541738,
      20.846898733428176,
      19.381540129829176,
      11.353980405938728,
      7.7472970661333935,
      8.354763915196592,
      11.86307229330652,
      16.95891354064138,
      22.32897899737935,
      26.659960003698643,
      28.638547899777436,
      26.951434025793944,
      20.285309721926346,
      16.674113724217136,
      15.40423086830041,
      15.86190609723532,
      17.541230487221732,
      19.936295114459508,
      22.54119105514849,
      24.850009385488573,
      26.356841181679588,
      26.555777519921428,
      24.940909476413918,
      21.00632812735695,
      14.618130180150658,
      7.525002211625121,
      2.0697577302069963,
      0.5954366584349007,
      5.445078918847457,
      18.961724433983278,
      18.856419000974526,
      20.513396420380786,
      24.673454084714972,
      30.289889705537462,
      36.31600099440868,
      41.705085662889026,
      45.410441422538895,
      46.38536598491868,
      43.58315706158878,
      35.957112364109605,
      22.46052960404154
    ],
    "dmag": [
      0.1844169944524765,
      0.16589100658893585,
      0.13363799452781677,
      0.12593500316143036,
      0.12272399663925171,
      0.0840039998292923,
      0.1225460022687912,
      0.11468099802732468,
      0.1273999959230423,
      0.11813200265169144,
      0.13884399831295013,
      0.10929299890995026,
      0.190421000123024,
      0.15487399697303772,
      0.15518000721931458,
      0.1388310045003891,
      0.2172520011663437,
      0.14243300259113312,
      0.21039700508117676,
      0.18429699540138245,
      0.27587801218032837,
      0.20423999428749084
    ],
    "goodstatus": true,
    "kernel": [
      5000.000000000004
    ],
    "mag": [
      20.077600479125977,
      19.820899963378906,
      19.358699798583984,
      19.224899291992188,
      19.333799362182617,
      18.487899780273438,
      19.326099395751953,
      19.16699981689453,
      19.42650032043457,
      19.250999450683594,
      19.599899291992188,
      19.052900314331055,
      20.328699111938477,
      19.872900009155273,
      19.875699996948242,
      19.614999771118164,
      20.58650016784668,
      19.647899627685547,
      20.51729965209961,
      20.22640037536621,
      21.128999710083008,
      20.445899963378906
    ],
    "mjd": [
      56538.44140625,
      56538.48046875,
      56538.51953125,
      56538.55859375,
      56559.44140625,
      56559.48046875,
      56559.51953125,
      56559.55859375,
      56566.44140625,
      56566.48046875,
      56566.51953125,
      56566.55859375,
      56576.44140625,
      56576.48046875,
      56576.51953125,
      56576.55859375,
      56587.51953125,
      56593.48046875,
      56593.51953125,
      56593.55859375,
      56604.51953125,
      56604.55859375
    ],
    "modeldate": [
      56538.44140625,
      56539.44140625,
      56540.44140625,
      56541.44140625,
      56542.44140625,
      56543.44140625,
      56544.44140625,
      56545.44140625,
      56546.44140625,
      56547.44140625,
      56548.44140625,
      56549.44140625,
      56550.44140625,
      56551.44140625,
      56552.44140625,
      56553.44140625,
      56554.44140625,
      56555.44140625,
      56556.44140625,
      56557.44140625,
      56558.44140625,
      56559.44140625,
      56560.44140625,
      56561.44140625,
      56562.44140625,
      56563.44140625,
      56564.44140625,
      56565.44140625,
      56566.44140625,
      56567.44140625,
      56568.44140625,
      56569.44140625,
      56570.44140625,
      56571.44140625,
      56572.44140625,
      56573.44140625,
      56574.44140625,
      56575.44140625,
      56576.44140625,
      56577.44140625,
      56578.44140625,
      56579.44140625,
      56580.44140625,
      56581.44140625,
      56582.44140625,
      56583.44140625,
      56584.44140625,
      56585.44140625,
      56586.44140625,
      56587.44140625,
      56588.44140625,
      56589.44140625,
      56590.44140625,
      56591.44140625,
      56592.44140625,
      56593.44140625,
      56594.44140625,
      56595.44140625,
      56596.44140625,
      56597.44140625,
      56598.44140625,
      56599.44140625,
      56600.44140625,
      56601.44140625,
      56602.44140625,
      56603.44140625,
      56604.44140625
    ],
    "modelerr": [
      0.08513754543000229,
      0.47636985011684124,
      0.8484903617675638,
      1.105659171913866,
      1.2664409879783165,
      1.3483439142278042,
      1.367046588720524,
      1.3363834105392807,
      1.2684441709942142,
      1.1736934540181805,
      1.0610739169389907,
      0.9381505616306168,
      0.8111934427022659,
      0.6853270436355778,
      0.5646220551710205,
      0.45222172647793213,
      0.3504560224557956,
      0.2609889545076573,
      0.18502831525879967,
      0.12364800768094404,
      0.0786905797184503,
      0.05402518158563956,
      0.05061665784132128,
      0.056980559932358316,
      0.06279304468794009,
      0.06520337493212343,
      0.06458246374057539,
      0.062438935012288206,
      0.06061377981907314,
      0.06066882250522027,
      0.0630998436685551,
      0.06731200990347928,
      0.07205085801957824,
      0.07609671772960218,
      0.0786633065793827,
      0.07942341446871408,
      0.07867845949046644,
      0.07740759478229813,
      0.07731513833159956,
      0.08042275308559878,
      0.08823446198613341,
      0.10087233574621182,
      0.11722614922557108,
      0.13558929395244113,
      0.15419640469051937,
      0.1713554158112081,
      0.185509607688329,
      0.19526854974253965,
      0.19940296706399777,
      0.19693539616445585,
      0.18721877306519533,
      0.1701532301621663,
      0.14662265608557187,
      0.11965780103848321,
      0.09766357394411239,
      0.09753165880366303,
      0.12800607511885514,
      0.1775599032047332,
      0.23424577329358198,
      0.2903118456288037,
      0.33930312377319205,
      0.37461388100946114,
      0.38899378648517285,
      0.37456678162280177,
      0.3237411474247422,
      0.23484348522991147,
      0.1618031746721441
    ],