{
  "C_Catalina Schmidt": {
    "bsplinemag": [
      19.53567899515412,
      6.949412125228373,
      -0.10648632496726915,
      -1.0949192114991364,
      2.146265139138693,
      7.779218400452143,
      13.966092245947136,
      18.869038349129603,
      22.591669677798652,
      26.656240974480436,
      30.710949436800274,
      34.39708715758687,
      37.35594622966886,
      39.22881874587492,
      39.656996799033735,
      38.28177248197397,
      34.74443788752427,
      28.686285108513335,
      19.748606237769817
    ],
    "dmag": [
      0.1322689950466156,
      0.20940500497817993,
      0.18896199762821198,
      0.1420309990644455,
      0.101282998919487,
      0.09933999925851822,
      0.11146499961614609,
      0.12095099687576294,
      0.16499200463294983,
      0.1136310026049614,
      0.11033400148153305,
      0.17579099535942078
    ],
    "goodstatus": false,
    "kernel": [
      39.22734594403556
    ],
    "mag": [
      19.51490020751953,
      20.535999298095703,
      20.320499420166016,
      19.677400588989258,
      18.94409942626953,
      18.900800704956055,
      19.148099899291992,
      19.33209991455078,
      19.99049949645996,
      19.16699981689453,
      19.101900100708008,
      20.131399154663086
    ],
    "mjd": [
      56028.44140625,
      56028.48046875,
      56028.51953125,
      56028.55859375,
      56035.44140625,
      56035.48046875,
      56035.51953125,
      56035.55859375,
      56046.44140625,
      56046.48046875,
      56046.51953125,
      56046.55859375
    ],
    "modeldate": [
      56028.44140625,
      56029.44140625,
      56030.44140625,
      56031.44140625,
      56032.44140625,
      56033.44140625,
      56034.44140625,
      56035.44140625,
      56036.44140625,
      56037.44140625,
      56038.44140625,
      56039.44140625,
      56040.44140625,
      56041.44140625,
      56042.44140625,
      56043.44140625,
      56044.44140625,
      56045.44140625,
      56046.44140625
    ],
    "modelerr": [
      0.1288988515869311,
      30.85271313575054,
      85.37600810180466,
      118.69897553307922,
      114.18710986876174,
      76.10112188767967,
      26.68701200016724,
      0.09485986512983861,
      29.11890344294796,
      128.8116149427723,
      284.17726043314946,
      450.57192498597965,
      568.9621621072794,
      591.3932912348622,
      505.2907578961432,
      343.284949649535,
      169.79782617298517,
      46.55018794987777,
      0.1560133094978711
    ],
    "modelmag": [
      19.583656072616577,
      -102.02731323242188,
      -279.30363368988037,
      -318.9288902282715,
      -219.82307815551758,
      -81.90999984741211,
      1.9607200622558594,
      18.878032684326172,
      44.008575439453125,
      188.7262134552002,
      522.7721748352051,
      1015.4285683631897,
      1529.1628332138062,
      1871.981707572937,
      1885.5823192596436,
      1529.0690727233887,
      919.8216371536255,
      312.0415816307068,
      20.026768684387207
    ]
  }
}