{
  "C_Catalina Schmidt": {
    "dmag": [
      0.07240399718284607, 
      0.06625299900770187, 
      0.07117900252342224, 
      0.07288499921560287, 
      0.1233230009675026, 
      0.1123649999499321, 
      0.09080299735069275, 
      0.09955199807882309, 
      0.1162320002913475, 
      0.15599699318408966
    ], 
    "goodstatus": true, 
    "kernel": [
      1.0000010000005, 
      499999.99999999884, 
      1.0000000001
    ], 
    "mag": [
      18.22439956665039, 
      18.01810073852539, 
      18.18600082397461, 
      18.237300872802734, 
      19.425500869750977, 
      19.21380043029785, 
      18.74530029296875, 
      18.948200225830078, 
      19.214500427246094, 
      19.869300842285156
    ], 
    "mjd": [
      56368.44140625, 
      56368.48046875, 
      56368.51953125, 
      56368.55859375, 
      56393.44140625, 
      56393.48046875, 
      56393.51953125, 
      56393.55859375, 
      56411.44140625, 
      56411.48046875
    ], 
    "modeldate": [
      56368.44140625, 
      56369.44140625, 
      56370.44140625, 
      56371.44140625, 
      56372.44140625, 
      56373.44140625, 
      56374.44140625, 
      56375.44140625, 
      56376.44140625, 
      56377.44140625, 
      56378.44140625, 
      56379.44140625, 
      56380.44140625, 
      56381.44140625, 
      56382.44140625, 
      56383.44140625, 
      56384.44140625, 
      56385.44140625, 
      56386.44140625, 
      56387.44140625, 
      56388.44140625, 
      56389.44140625, 
      56390.44140625, 
      56391.44140625, 
      56392.44140625, 
      56393.44140625, 
      56394.44140625, 
      56395.44140625, 
      56396.44140625, 
      56397.44140625, 
      56398.44140625, 
      56399.44140625, 
      56400.44140625, 
      56401.44140625, 
      56402.44140625, 
      56403.44140625, 
      56404.44140625, 
      56405.44140625, 
      56406.44140625, 
      56407.44140625, 
      56408.44140625, 
      56409.44140625, 
      56410.44140625, 
      56411.44140625
    ], 
    "modelerr": [
      0.07223235971807156, 
      1.045163154950859, 
      1.0451337034193293, 
      1.0451059749923168, 
      1.0450799701373459, 
      1.0450556892929235, 
      1.0450331328685223, 
      1.0450123012445642, 
      1.0449931947724063, 
      1.0449758137743261, 
      1.04496015854351, 
      1.0449462293440417, 
      1.0449340264108926, 
      1.04492354994991, 
      1.0449148001378137, 
      1.0449077771221846, 
      1.0449024810214615, 
      1.0448989119249363, 
      1.0448970698927498, 
      1.0448969549558895, 
      1.044898567116189, 
      1.0449019063463276, 
      1.044906972589831, 
      1.0449137657610736, 
      1.0449222857452831, 
      0.12247999039783927, 
      1.0449445055477982, 
      1.0449582049908648, 
      1.0449736304964343, 
      1.0449907818040842, 
      1.0450096586242885, 
      1.0450302606384272, 
      1.045052587498801, 
      1.0450766388286432, 
      1.0451024142221346, 
      1.0451299132444194, 
      1.045159135431622, 
      1.0451900802908656, 
      1.0452227473002895, 
      1.0452571359090719, 
      1.0452932455374488, 
      1.045331075576738, 
      1.045370625389362, 
      0.11552618018695791
    ], 
    "modelmag": [
      18.224222219317685, 
      18.221617408517524, 
      18.27760251929712, 
      18.329401470049817, 
      18.379816833003172, 
      18.42937323411864, 
      18.47844723259088, 
      18.527120576446183, 
      18.575411916947868, 
      18.623381342983727, 
      18.671046261757645, 
      18.71841456267405, 
      18.765445358211572, 
      18.812038716153754, 
      18.85826912408318, 
      18.90410055394545, 
      18.949479251481023, 
      18.99411682294559, 
      19.038048754703688, 
      19.081077176860667, 
      19.12286689309483, 
      19.16282557247286, 
      19.199960789219404, 
      19.231527559010264, 
      19.251795952497606, 
      19.422057458250443, 
      18.844039733184317, 
      18.878415576044535, 
      18.907439520367095, 
      18.932565794401658, 
      18.955263668184635, 
      18.976797088691573, 
      18.99848234315333, 
      19.02135493201802, 
      19.046595292020278, 
      19.07462171255485, 
      19.106073312035317, 
      19.14178989091797, 
      19.183613178357387, 
      19.23469645079018, 
      19.29734950021048, 
      19.3779886704944, 
      19.493766082171692, 
      19.222261674241487
    ]
  }
}