{
  "C_Catalina Schmidt": {
    "bsplinemag": [
      19.793585675861,
      18.625918425703993,
      17.69422694733161,
      16.894701964723357,
      16.24333726084382,
      15.756126618657557,
      15.449063821129146,
      15.338142651223155,
      15.439356891904161,
      15.768700326136734,
      16.342166736885453,
      17.17574990711488,
      18.285443619789586,
      20.290176081796442,
      22.934948204999895,
      24.602718139821015,
      23.671925878335717,
      18.521011412619917,
      18.18065024115742,
      21.53568604270542,
      26.379973715879387,
      30.638221808023772,
      32.23513886648303,
      29.09543343860163,
      19.143814071724037,
      30.395478115221856,
      34.30403257652102,
      31.853094689847147,
      25.87595428466156,
      19.205901190425628,
      26.086417157747803,
      30.349086936716805,
      31.427396754740226,
      30.015985267724595,
      26.809491131576458,
      22.502553002202365,
      17.78980953550884,
      13.365899387402433,
      9.925461213789681,
      8.163133670577125,
      8.773555413671303,
      12.451365098978755,
      19.89120138240603
    ],
    "dmag": [
      0.16023600101470947,
      0.14940500259399414,
      0.14701899886131287,
      0.07616899907588959,
      0.0733880028128624,
      0.08049800246953964,
      0.08017999678850174,
      0.08461300283670425,
      0.06972900032997131,
      0.07464399933815002,
      0.06737100332975388,
      0.11393599957227707,
      0.0869939997792244,
      0.09653700143098831,
      0.12368500232696533,
      0.11583399772644043,
      0.10764899849891663,
      0.09026200324296951,
      0.11837799847126007,
      0.15767499804496765,
      0.18417499959468842,
      0.13568300008773804
    ],
    "goodstatus": true,
    "kernel": [
      5000.000000000004
    ],
    "mag": [
      19.79800033569336,
      19.6387996673584,
      19.59119987487793,
      18.330699920654297,
      18.244199752807617,
      18.45210075378418,
      18.430200576782227,
      18.57699966430664,
      18.153799057006836,
      18.303199768066406,
      18.083099365234375,
      19.216299057006836,
      18.62459945678711,
      18.85110092163086,
      19.404600143432617,
      19.22369956970215,
      19.065500259399414,
      18.67530059814453,
      19.27280044555664,
      19.882099151611328,
      20.23080062866211,
      19.555999755859375
    ],
    "mjd": [
      56548.44140625,
      56548.48046875,
      56548.51953125,
      56560.44140625,
      56560.48046875,
      56560.51953125,
      56560.55859375,
      56565.44140625,
      56565.48046875,
      56565.51953125,
      56565.55859375,
      56572.44140625,
      56572.48046875,
      56572.51953125,
      56572.55859375,
      56577.44140625,
      56577.48046875,
      56577.51953125,
      56577.55859375,
      56590.44140625,
      56590.48046875,
      56590.55859375
    ],
    "modeldate": [
      56548.44140625,
      56549.44140625,
      56550.44140625,
      56551.44140625,
      56552.44140625,
      56553.44140625,
      56554.44140625,
      56555.44140625,
      56556.44140625,
      56557.44140625,
      56558.44140625,
      56559.44140625,
      56560.44140625,
      56561.44140625,
      56562.44140625,
      56563.44140625,
      56564.44140625,
      56565.44140625,
      56566.44140625,
      56567.44140625,
      56568.44140625,
      56569.44140625,
      56570.44140625,
      56571.44140625,
      56572.44140625,
      56573.44140625,
      56574.44140625,
      56575.44140625,
      56576.44140625,
      56577.44140625,
      56578.44140625,
      56579.44140625,
      56580.44140625,
      56581.44140625,
      56582.44140625,
      56583.44140625,
      56584.44140625,
      56585.44140625,
      56586.44140625,
      56587.44140625,
      56588.44140625,
      56589.44140625,
      56590.44140625
    ],
    "modelerr": [
      0.08877055185400642,
      0.13496008954147506,
      0.1966822088964498,
      0.22947140863377968,
      0.23713684425675555,
      0.22644144967972768,
      0.20357990677466872,
      0.173700521545857,
      0.1409822799694375,
      0.10869934656250346,
      0.07946242916577483,
      0.05555258848956208,
      0.03929374909908342,
      0.032388913968314455,
      0.03254313027920241,
      0.03479496435804662,
      0.0362711141196741,
      0.03652004287366241,
      0.036284258209295504,
      0.03666338703631471,
      0.038527835048005596,
      0.04178158489312774,
      0.045658866123285,
      0.04901332066925627,
      0.05078125,
      0.050285857355236295,
      0.047461339375870576,
      0.04371140003385755,
      0.04317356194960077,
      0.05205636915948287,
      0.07246659660347667,
      0.10206830180042124,
      0.13813958966976433,
      0.17827415244896408,
      0.21992395647327595,
      0.2599482073916322,
      0.29444533493898994,
      0.31851061639503897,
      0.3261404422073609,
      0.31017814193835147,
      0.26257820780876784,
      0.17689129757692226,
      0.08931143254041934
    ],
    "modelmag": [
      19.65715980529785,
      19.9047794342041,
      20.00237464904785,
      19.9835147857666,
      19.87786293029785,
      19.7119083404541,
      19.50811195373535,
      19.2858829498291,
      19.0613956451416,
      18.8477725982666,
      18.65520668029785,
      18.49126625061035,
      18.36101722717285,
      18.2674503326416,
      18.21135902404785,
      18.1917667388916,
      18.2061710357666,
      18.2508487701416,
      18.32073402404785,
      18.41021156311035,
      18.5128116607666,
      18.6219425201416,
      18.73089027404785,
      18.83294105529785,
      18.92217445373535,
      18.9927921295166,
      19.0403995513916,
      19.0615177154541,
      19.0539493560791,
      19.0172061920166,
      18.95281410217285,
      18.86370277404785,
      18.7557315826416,
      18.6368350982666,
      18.51726722717285,
      18.4105167388916,
      18.33269691467285,
      18.30303382873535,
      18.3436222076416,
      18.48040199279785,
      18.74236488342285,
      19.16167640686035,
      19.7745304107666
    ],
    "type": "Ia"
  }
}