{
  "C_Catalina Schmidt": {
    "dmag": [
      0.11184599995613098, 
      0.11129999905824661, 
      0.123259998857975, 
      0.11931999772787094, 
      0.10702499747276306, 
      0.10679200291633606, 
      0.11687000095844269, 
      0.10848300158977509, 
      0.20419800281524658, 
      0.1935119926929474
    ], 
    "goodstatus": true, 
    "kernel": [
      1.0000010000005, 
      499999.99999999971, 
      1.0000000001
    ], 
    "mag": [
      19.02680015563965, 
      19.013099670410156, 
      19.251399993896484, 
      19.171499252319336, 
      18.921600341796875, 
      18.899700164794922, 
      19.10890007019043, 
      18.95009994506836, 
      20.5177001953125, 
      20.366500854492188
    ], 
    "mjd": [
      56540.44140625, 
      56540.48046875, 
      56540.51953125, 
      56540.55859375, 
      56548.44140625, 
      56548.48046875, 
      56548.51953125, 
      56548.55859375, 
      56570.51953125, 
      56656.48046875
    ], 
    "modeldate": [
      56540.44140625, 
      56541.44140625, 
      56542.44140625, 
      56543.44140625, 
      56544.44140625, 
      56545.44140625, 
      56546.44140625, 
      56547.44140625, 
      56548.44140625, 
      56549.44140625, 
      56550.44140625, 
      56551.44140625, 
      56552.44140625, 
      56553.44140625, 
      56554.44140625, 
      56555.44140625, 
      56556.44140625, 
      56557.44140625, 
      56558.44140625, 
      56559.44140625, 
      56560.44140625, 
      56561.44140625, 
      56562.44140625, 
      56563.44140625, 
      56564.44140625, 
      56565.44140625, 
      56566.44140625, 
      56567.44140625, 
      56568.44140625, 
      56569.44140625, 
      56570.44140625, 
      56571.44140625, 
      56572.44140625, 
      56573.44140625, 
      56574.44140625, 
      56575.44140625, 
      56576.44140625, 
      56577.44140625, 
      56578.44140625, 
      56579.44140625, 
      56580.44140625, 
      56581.44140625, 
      56582.44140625, 
      56583.44140625, 
      56584.44140625, 
      56585.44140625, 
      56586.44140625, 
      56587.44140625, 
      56588.44140625, 
      56589.44140625, 
      56590.44140625, 
      56591.44140625, 
      56592.44140625, 
      56593.44140625, 
      56594.44140625, 
      56595.44140625, 
      56596.44140625, 
      56597.44140625, 
      56598.44140625, 
      56599.44140625, 
      56600.44140625, 
      56601.44140625, 
      56602.44140625, 
      56603.44140625, 
      56604.44140625, 
      56605.44140625, 
      56606.44140625, 
      56607.44140625, 
      56608.44140625, 
      56609.44140625, 
      56610.44140625, 
      56611.44140625, 
      56612.44140625, 
      56613.44140625, 
      56614.44140625, 
      56615.44140625, 
      56616.44140625, 
      56617.44140625, 
      56618.44140625, 
      56619.44140625, 
      56620.44140625, 
      56621.44140625, 
      56622.44140625, 
      56623.44140625, 
      56624.44140625, 
      56625.44140625, 
      56626.44140625, 
      56627.44140625, 
      56628.44140625, 
      56629.44140625, 
      56630.44140625, 
      56631.44140625, 
      56632.44140625, 
      56633.44140625, 
      56634.44140625, 
      56635.44140625, 
      56636.44140625, 
      56637.44140625, 
      56638.44140625, 
      56639.44140625, 
      56640.44140625, 
      56641.44140625, 
      56642.44140625, 
      56643.44140625, 
      56644.44140625, 
      56645.44140625, 
      56646.44140625, 
      56647.44140625, 
      56648.44140625, 
      56649.44140625, 
      56650.44140625, 
      56651.44140625, 
      56652.44140625, 
      56653.44140625, 
      56654.44140625, 
      56655.44140625, 
      56656.44140625
    ], 
    "modelerr": [
      0.111216850925576, 
      1.0454975999107408, 
      1.0454707046905305, 
      1.045445498079432, 
      1.0454219804737057, 
      1.0454001522417191, 
      1.0453800137239342, 
      1.0453615652328954, 
      0.10647313351796497, 
      1.0453297394415724, 
      1.0453163626266866, 
      1.0453046768093264, 
      1.0452946821622926, 
      1.0452863788304156, 
      1.0452797669305491, 
      1.045274846551566, 
      1.0452716177543553, 
      1.0452700805718211, 
      1.0452702350088807, 
      1.0452720810424652, 
      1.0452756186215206, 
      1.0452808476670108, 
      1.0452877680719193, 
      1.0452963797012558, 
      1.0453066823920598, 
      1.0453186759534088, 
      1.0453323601664242, 
      1.045347734784282, 
      1.04536479953222, 
      1.0453835541075516, 
      1.045403998179675, 
      1.0454261313900879, 
      1.0454499533524009, 
      1.0454754636523518, 
      1.0455026618478231, 
      1.0455315474688587, 
      1.0455621200176808, 
      1.0455943789687108, 
      1.0456283237685895, 
      1.0456639538361971, 
      1.0457012685626772, 
      1.0457402673114593, 
      1.0457809494182835, 
      1.0458233141912259, 
      1.0458673609107254, 
      1.0459130888296113, 
      1.0459604971731322, 
      1.0460095851389848, 
      1.046060351897345, 
      1.0461127965909007, 
      1.046166918334883, 
      1.0462227162171, 
      1.046280189297974, 
      1.0463393366105735, 
      1.0464001571606534, 
      1.046462649926691, 
      1.046526813859925, 
      1.0465926478843968, 
      1.0466601508969888, 
      1.046729321767469, 
      1.0468001593385314, 
      1.046872662425842, 
      1.0469468298180822, 
      1.0470226602769948, 
      1.0471001525374315, 
      1.0471793053074, 
      1.0472601172681126, 
      1.0473425870740374, 
      1.0474267133529462, 
      1.0475124947059693, 
      1.0475999297076461, 
      1.047689016905979, 
      1.0477797548224883, 
      1.0478721419522676, 
      1.04796617676404, 
      1.0480618577002154, 
      1.048159183176949, 
      1.0482581515842002, 
      1.0483587612857934, 
      1.0484610106194778, 
      1.048564897896991, 
      1.0486704214041205, 
      1.0487775794007679, 
      1.048886370121014, 
      1.0489967917731837, 
      1.0491088425399135, 
      1.0492225205782169, 
      1.0493378240195548, 
      1.0494547509699037, 
      1.0495732995098253, 
      1.0496934676945373, 
      1.049815253553987, 
      1.0499386550929204, 
      1.0500636702909592, 
      1.0501902971026724, 
      1.0503185334576526, 
      1.050448377260592, 
      1.0505798263913584, 
      1.0507128787050735, 
      1.0508475320321908, 
      1.0509837841785752, 
      1.0511216329255824, 
      1.0512610760301404, 
      1.0514021112248304, 
      1.0515447362179697, 
      1.0516889486936947, 
      1.0518347463120439, 
      1.0519821267090446, 
      1.0521310874967964, 
      1.0522816262635584, 
      1.0524337405738358, 
      1.0525874279684677, 
      1.0527426859647155, 
      1.052899512056352, 
      1.0530579037137517, 
      1.0532178583839806, 
      1.0533793734908874
    ],