{
  "C_Catalina Schmidt": {
    "bsplinemag": [
      18.296264050640684,
      16.6720364930577,
      15.041402891582951,
      13.757720032015609,
      12.792685265140179,
      12.117995941741164,
      11.705349412603077,
      11.526443028510416,
      11.552974140247693,
      11.756640098599409,
      12.109138254350077,
      12.582165958284193,
      13.147420561186268,
      13.77659941384081,
      14.441399867032318,
      15.113519271545307,
      15.764654978164273,
      16.366504337673724,
      16.890764700858174,
      17.314153531887897,
      17.638793325961775,
      17.874824157347422,
      18.032389155708415,
      18.12163145070837,
      18.152694172010865,
      18.135720449279507,
      18.080853412177884,
      17.998236190369596,
      17.898011913518243,
      17.790323711287407,
      17.685314713340695,
      17.593128049341697,
      17.523906848954013,
      17.487794241841232,
      17.494933357666955,
      17.555467326094778,
      17.67953927678829,
      17.877292339411092,
      18.3485737352407,
      19.231354705930165,
      20.36249921450315,
      21.577742679843,
      22.712820520833073,
      23.603468156356715,
      24.085421005297285,
      23.99441448653813,
      23.16618401896261,
      21.436465021454076,
      18.64099291289587,
      15.672663036173596,
      13.722785352629137,
      12.681672596052758,
      12.435421515308754,
      12.870128859261403,
      13.87189137677499,
      15.3268058167138,
      17.120968927942123,
      19.14047745932423,
      21.271428159724426,
      23.39991777800698,
      25.412043063036183,
      27.193900763676318,
      28.63158762879167,
      29.611200407246514,
      30.018835847905166,
      29.740590699631873,
      28.662561711290937,
      26.670845631746648,
      23.65153920986328,
      19.490739194505124
    ],
    "dmag": [
      0.07479900121688843,
      0.09015499800443649,
      0.07732799649238586,
      0.08504799753427505,
      0.0385809987783432,
      0.0402120016515255,
      0.04098400101065636,
      0.04048600047826767,
      0.05551199987530708,
      0.05768100172281265,
      0.05675699934363365,
      0.056922998279333115,
      0.06027600169181824,
      0.0623759999871254,
      0.06517700105905533,
      0.06238500028848648,
      0.08753900229930878,
      0.08370599895715714,
      0.07678099721670151,
      0.0735509991645813,
      0.13181599974632263,
      0.11611899733543396,
      0.12314300239086151,
      0.10034599900245667
    ],
    "goodstatus": false,
    "kernel": [
      5000.000000000004
    ],
    "mag": [
      18.287599563598633,
      18.698200225830078,
      18.360700607299805,
      18.569900512695312,
      16.83799934387207,
      16.92840003967285,
      16.969900131225586,
      16.943300247192383,
      17.633699417114258,
      17.717599868774414,
      17.682199478149414,
      17.688600540161133,
      17.81399917602539,
      17.88909912109375,
      17.98550033569336,
      17.88949966430664,
      18.633499145507812,
      18.534900665283203,
      18.345199584960938,
      18.250699996948242,
      19.537200927734375,
      19.256500244140625,
      19.38640022277832,
      18.93429946899414
    ],
    "mjd": [
      56914.44140625,
      56914.48046875,
      56914.51953125,
      56914.55859375,
      56932.44140625,
      56932.48046875,
      56932.51953125,
      56932.55859375,
      56944.44140625,
      56944.48046875,
      56944.51953125,
      56944.55859375,
      56951.44140625,
      56951.48046875,
      56951.51953125,
      56951.55859375,
      56962.44140625,
      56962.48046875,
      56962.51953125,
      56962.55859375,
      56983.44140625,
      56983.48046875,
      56983.51953125,
      56983.55859375
    ],
    "modeldate": [
      56914.44140625,
      56915.44140625,
      56916.44140625,
      56917.44140625,
      56918.44140625,
      56919.44140625,
      56920.44140625,
      56921.44140625,
      56922.44140625,
      56923.44140625,
      56924.44140625,
      56925.44140625,
      56926.44140625,
      56927.44140625,
      56928.44140625,
      56929.44140625,
      56930.44140625,
      56931.44140625,
      56932.44140625,
      56933.44140625,
      56934.44140625,
      56935.44140625,
      56936.44140625,
      56937.44140625,
      56938.44140625,
      56939.44140625,
      56940.44140625,
      56941.44140625,
      56942.44140625,
      56943.44140625,
      56944.44140625,
      56945.44140625,
      56946.44140625,
      56947.44140625,
      56948.44140625,
      56949.44140625,
      56950.44140625,
      56951.44140625,
      56952.44140625,
      56953.44140625,
      56954.44140625,
      56955.44140625,
      56956.44140625,
      56957.44140625,
      56958.44140625,
      56959.44140625,
      56960.44140625,
      56961.44140625,
      56962.44140625,
      56963.44140625,
      56964.44140625,
      56965.44140625,
      56966.44140625,
      56967.44140625,
      56968.44140625,
      56969.44140625,
      56970.44140625,
      56971.44140625,
      56972.44140625,
      56973.44140625,
      56974.44140625,
      56975.44140625,
      56976.44140625,
      56977.44140625,
      56978.44140625,
      56979.44140625,
      56980.44140625,
      56981.44140625,
      56982.44140625,
      56983.44140625
    ],
    "modelerr": [
      0.05203804590331527,
      0.47184999917602216,
      0.8294891062751815,
      1.0671819862681273,
      1.2058862483592445,
      1.2645892390826026,
      1.2601603517979973,
      1.207413597411775,
      1.119261410571316,
      1.006808231538655,
      0.8794960586086525,
      0.7452109341624448,
      0.6104367128103286,
      0.48035212396156296,
      0.3589707464343777,
      0.2492827617268981,
      0.15344311115392473,
      0.07331051500369795,
      0.020437939000445653,
      0.05136013200119026,
      0.08675756187351237,
      0.11012880240380572,
      0.12206445298436824,
      0.12404458173598974,
      0.11788529229158265,
      0.10552298952531328,
      0.0889824758700436,
      0.07038028416690333,
      0.05196927615488309,
      0.0366828905683456,
      0.028513283829407095,
      0.0291908890188186,
      0.03375856644031954,
      0.037269647729026134,
      0.03778426195733028,
      0.03531863539067407,
      0.03168941550700772,
      0.031051002139813762,
      0.037746382988452516,
      0.05106684264973595,
      0.06746767753678076,
      0.08393326024463109,
      0.09798528553012396,
      0.10736637415671886,
      0.10994246278527244,
      0.1037479887618027,
      0.08725355045997323,
      0.06088849567060511,
      0.03971020627216301,
      0.0749634971797863,
      0.14964525873108497,
      0.24636873897065795,
      0.3623619342828884,
      0.4962917143155245,
      0.6464799494750337,
      0.8104862787966715,
      0.9848752642816488,
      1.1651409708939362,
      1.3454924530645507,
      1.518792843312483,
      1.6763872238076463,
      1.8080170537937639,
      1.9016385190966267,
      1.9433393774489323,
      1.917178362114977,
      1.8051030725019437,
      1.5867883063152557,
      1.2395857909789953,
      0.7386864251731633,
      0.07814941024899436
    ],