{
  "C_Catalina Schmidt": {
    "bsplinemag": [
      19.96372987507647,
      22.666396928053565,
      26.835054127664783,
      30.939251247534916,
      34.75730783323362,
      38.06754343033051,
      40.64827758439527,
      42.277829840997484,
      42.73451974570684,
      41.796666844092954,
      39.242590681725474,
      34.85061080417403,
      28.39904675700827,
      19.666218085797833,
      30.269671685927833,
      40.59826980682715,
      48.834819945392994,
      54.6486477651294,
      57.70907892954038,
      57.68543910212995,
      54.24705394640215,
      47.06324912586098,
      35.80335030401049,
      20.13668314435468,
      -0.40343179501812115,
      -12.373227588150279,
      -15.511854028148237,
      -12.150522754524427,
      -4.620445406791298,
      4.747166375538708,
      13.621100952953162,
      19.67014668593961,
      21.17530905713672,
      19.171215630336373,
      15.4663367775726,
      11.869183995333923,
      10.188268780108867,
      12.232102628385963,
      19.809197036653728,
      24.26828365903845,
      25.33728321286056,
      23.362096436705542,
      19.176124335098347,
      13.612767912563926,
      7.505428173627207,
      1.6875061228131472,
      -3.0075972353533134,
      -5.746480896347224,
      -5.695743855643634,
      -2.021985108717608,
      6.108196348955801,
      19.528201521901543,
      -2.252778458141652,
      -13.874671428556116,
      -14.774238494104916,
      -7.735538250604705,
      4.45737070612787,
      19.02042978027617,
      5.065720406023498,
      -2.23403007813893,
      -2.3153356951545554,
      2.515171466796204,
      9.95085931953292,
      17.68509577487518,
      23.411248744642563,
      24.822686140654646,
      19.61277587473101
    ],
    "dmag": [
      0.17382599413394928,
      0.1292479932308197,
      0.11415600031614304,
      0.11854399740695953,
      0.1491979956626892,
      0.12457600235939026,
      0.1485929936170578,
      0.17752599716186523,
      0.1346839964389801,
      0.20132000744342804,
      0.11769100278615952,
      0.1428389996290207,
      0.16093499958515167,
      0.14908500015735626,
      0.1533540040254593,
      0.1771489977836609,
      0.14582499861717224,
      0.2174520045518875,
      0.11556699872016907,
      0.14080500602722168,
      0.16307100653648376,
      0.18598900735378265,
      0.11312899738550186,
      0.13865099847316742,
      0.16558200120925903,
      0.12378499656915665,
      0.13440200686454773,
      0.10600200295448303,
      0.1474200040102005,
      0.13637399673461914
    ],
    "goodstatus": true,
    "kernel": [
      5000.000000000004
    ],
    "mag": [
      19.962400436401367,
      19.308300018310547,
      19.025999069213867,
      19.111299514770508,
      19.667499542236328,
      19.276599884033203,
      19.67930030822754,
      20.20800018310547,
      19.590599060058594,
      20.4955997467041,
      19.300199508666992,
      19.70009994506836,
      19.95709991455078,
      19.80270004272461,
      19.846099853515625,
      20.158199310302734,
      19.704700469970703,
      20.582300186157227,
      19.1742000579834,
      19.612600326538086,
      19.92650032043457,
      20.22439956665039,
      19.130699157714844,
      19.5851993560791,
      19.98259925842285,
      19.33989906311035,
      19.71430015563965,
      19.187000274658203,
      19.906200408935547,
      19.741899490356445
    ],
    "mjd": [
      56538.44140625,
      56538.48046875,
      56538.51953125,
      56538.55859375,
      56551.44140625,
      56551.51953125,
      56551.55859375,
      56561.44140625,
      56561.48046875,
      56561.51953125,
      56561.55859375,
      56569.44140625,
      56569.48046875,
      56569.51953125,
      56576.44140625,
      56576.48046875,
      56576.51953125,
      56576.55859375,
      56580.44140625,
      56589.44140625,
      56589.48046875,
      56589.51953125,
      56589.55859375,
      56595.48046875,
      56595.51953125,
      56595.55859375,
      56604.44140625,
      56604.48046875,
      56604.51953125,
      56604.55859375
    ],
    "modeldate": [
      56538.44140625,
      56539.44140625,
      56540.44140625,
      56541.44140625,
      56542.44140625,
      56543.44140625,
      56544.44140625,
      56545.44140625,
      56546.44140625,
      56547.44140625,
      56548.44140625,
      56549.44140625,
      56550.44140625,
      56551.44140625,
      56552.44140625,
      56553.44140625,
      56554.44140625,
      56555.44140625,
      56556.44140625,
      56557.44140625,
      56558.44140625,
      56559.44140625,
      56560.44140625,
      56561.44140625,
      56562.44140625,
      56563.44140625,
      56564.44140625,
      56565.44140625,
      56566.44140625,
      56567.44140625,
      56568.44140625,
      56569.44140625,
      56570.44140625,
      56571.44140625,
      56572.44140625,
      56573.44140625,
      56574.44140625,
      56575.44140625,
      56576.44140625,
      56577.44140625,
      56578.44140625,
      56579.44140625,
      56580.44140625,
      56581.44140625,
      56582.44140625,
      56583.44140625,
      56584.44140625,
      56585.44140625,
      56586.44140625,
      56587.44140625,
      56588.44140625,
      56589.44140625,
      56590.44140625,
      56591.44140625,
      56592.44140625,
      56593.44140625,
      56594.44140625,
      56595.44140625,
      56596.44140625,
      56597.44140625,
      56598.44140625,
      56599.44140625,
      56600.44140625,
      56601.44140625,
      56602.44140625,
      56603.44140625,
      56604.44140625
    ],
    "modelerr": [
      0.06643855487204947,
      0.14670556217354627,
      0.23730971091648076,
      0.2908492668909884,
      0.3135533699225619,
      0.3128065513022348,
      0.29522568168267477,
      0.26646112229292196,
      0.23125672201748318,
      0.19357749889228495,
      0.15678923066972394,
      0.12390419341373322,
      0.09775629640871644,
      0.08088390328456506,
      0.0740676144149854,
      0.07469266865614431,
      0.0784630138954689,
      0.0821938492675813,
      0.0843017259957314,
      0.08430738212147132,
      0.08239954062768977,
      0.07904729040956274,
      0.07491259249880876,
      0.07068450851249052,
      0.06703160852723174,
      0.06441612337515813,
      0.06306582859657253,
      0.06283479664900551,
      0.06340891828417158,
      0.0643383506966205,
      0.06524358444536364,
      0.06584378058999052,
      0.06599929878555943,
      0.06570603952736076,
      0.06502762427572849,
      0.06414536489984889,
      0.0632771808587554,
      0.06264859654589176,
      0.06241220029258164,
      0.06270565529952596,
      0.06354038258073254,
      0.06483301280644412,
      0.06646008272967727,
      0.06823719550108662,
      0.06996577925038269,
      0.0714627592831082,
      0.07253894154708548,
      0.07300417054686895,
      0.07269981472826074,
      0.07152278681093967,
      0.069432151554115,
      0.06653179194640416,
      0.06316781886248526,
      0.06010422872433249,
      0.05868319995145944,
      0.060507484666639334,
      0.06683926492119044,
      0.07761061127463097,
      0.09162009240885872,
      0.10703721969551752,
      0.12168297923918299,
      0.1330671673731535,
      0.13829483568943976,
      0.13403120195739696,
      0.11687376623471461,
      0.08577365862498822,
      0.06322817990718221
    ],