{
  "C_Catalina Schmidt": {
    "bsplinemag": [
      18.240506550381824,
      27.08526014459546,
      33.50270661651695,
      36.53393014040416,
      36.84234974692173,
      35.09138446673431,
      31.944453330506544,
      28.064975368903085,
      24.116369612588578,
      20.76205509222766,
      18.66545083848499,
      17.426449217546423,
      16.058234742378822,
      14.71328171824238,
      13.548030224737552,
      12.718920341464795,
      12.382392148024568,
      12.694885724017329,
      13.812841149043528,
      15.892698502703631,
      19.090897864598087
    ],
    "dmag": [
      0.08164799958467484,
      0.09711500257253647,
      0.06733399629592896,
      0.07747899740934372,
      0.1001570001244545,
      0.08926499634981155,
      0.09293299913406372,
      0.09097100049257278,
      0.1086919978260994,
      0.11683099716901779,
      0.10457500070333481,
      0.10684499889612198
    ],
    "goodstatus": false,
    "kernel": [
      5000.000000000004
    ],
    "mag": [
      18.21769905090332,
      18.627399444580078,
      17.766300201416016,
      18.12190055847168,
      18.753999710083008,
      18.500999450683594,
      18.599000930786133,
      18.552900314331055,
      19.06920051574707,
      19.237699508666992,
      18.99959945678711,
      19.04680061340332
    ],
    "mjd": [
      56541.44140625,
      56541.48046875,
      56541.51953125,
      56541.55859375,
      56551.44140625,
      56551.48046875,
      56551.51953125,
      56551.55859375,
      56561.44140625,
      56561.48046875,
      56561.51953125,
      56561.55859375
    ],
    "modeldate": [
      56541.44140625,
      56542.44140625,
      56543.44140625,
      56544.44140625,
      56545.44140625,
      56546.44140625,
      56547.44140625,
      56548.44140625,
      56549.44140625,
      56550.44140625,
      56551.44140625,
      56552.44140625,
      56553.44140625,
      56554.44140625,
      56555.44140625,
      56556.44140625,
      56557.44140625,
      56558.44140625,
      56559.44140625,
      56560.44140625,
      56561.44140625
    ],
    "modelerr": [
      0.06556800910779109,
      0.6413926897927129,
      1.0815022962513186,
      1.3191071374747083,
      1.395712472418321,
      1.346044665928951,
      1.1983850420396505,
      0.9754427173714748,
      0.6956004714411431,
      0.37480158324991186,
      0.051406531985358814,
      0.3449920410122767,
      0.7044908608682408,
      1.0430162969031063,
      1.335797575822856,
      1.5534626338554642,
      1.66085692934283,
      1.6166024001938448,
      1.3728746113488763,
      0.8754990380770433,
      0.08148008194437527
    ],
    "modelmag": [
      18.24164581298828,
      16.445655822753906,
      15.320869445800781,
      14.754981994628906,
      14.642524719238281,
      14.885536193847656,
      15.393653869628906,
      16.08411407470703,
      16.882423400878906,
      17.722145080566406,
      18.54505157470703,
      19.30139923095703,
      19.94989776611328,
      20.457679748535156,
      20.800819396972656,
      20.963539123535156,
      20.939002990722656,
      20.72864532470703,
      20.34259796142578,
      19.79914093017578,
      19.12506866455078
    ],
    "type": "Ia"
  }
}