{
  "C_Catalina Schmidt": {
    "bsplinemag": [
      18.770881479797985,
      19.379380760757762,
      20.1185953779616,
      20.49421238783408,
      20.560125445693505,
      20.37022820685818,
      19.97841432664642,
      19.43857746037652,
      18.80461126336681,
      18.130409390935576,
      17.46986549840113,
      16.876873241081785,
      16.397102765205304,
      16.034607925184012,
      15.78030888117094,
      15.625120788237608,
      15.559958801455533,
      15.575738075896231,
      15.663373766631214,
      15.813781028732013,
      16.017875017270136,
      16.266570887317098,
      16.550783793944426,
      16.86142889222363,
      17.189421337226232,
      19.6842093121752,
      21.998658432636287,
      23.89784200130617,
      25.409532222226236,
      26.561501299437857,
      27.381521436982403,
      27.897364838901265,
      28.136803709235828,
      28.127610252027466,
      27.897556671317556,
      27.474415171147484,
      26.88595795555862,
      26.159957228592358,
      25.324185194290067,
      24.40641405669313,
      23.43441601984293,
      22.43596328778084,
      21.438828064548247,
      20.47078255418652,
      19.559598960737056,
      18.73304948824122,
      18.018906340740397,
      17.52468434606506,
      17.31992222410335,
      17.34043100629263,
      17.52153088240559,
      17.798542042214955,
      18.106784675493422,
      18.381578972013696,
      18.56838940411125,
      18.664017095998833,
      18.681464516618348,
      18.633740309035282,
      18.53385311631507,
      18.394811581523193,
      18.229624347725114,
      18.051300057986293,
      17.872847355372187,
      17.707274882948273,
      17.567591283780004,
      17.46680520093285,
      17.41792527747227,
      17.433960156463733,
      17.527918480972694,
      17.71280889406463,
      18.00164003880499,
      18.407420558259243,
      18.943159095492852
    ],
    "dmag": [
      0.10161200165748596,
      0.08075500279664993,
      0.0851769968867302,
      0.08476799726486206,
      0.0436679981648922,
      0.04201100021600723,
      0.042757999151945114,
      0.04246300086379051,
      0.04914100095629692,
      0.05112599954009056,
      0.048951998353004456,
      0.0514959990978241,
      0.07357999682426453,
      0.07141400128602982,
      0.07151400297880173,
      0.07159700244665146,
      0.08582799881696701,
      0.09099200367927551,
      0.0820930004119873,
      0.0886320024728775,
      0.10970199853181839,
      0.12271499633789062,
      0.11049000173807144,
      0.13180400431156158
    ],
    "goodstatus": true,
    "kernel": [
      5000.000000000004
    ],
    "mag": [
      18.798799514770508,
      18.270000457763672,
      18.382699966430664,
      18.380399703979492,
      16.90180015563965,
      16.80340003967285,
      16.840700149536133,
      16.838600158691406,
      17.156200408935547,
      17.280399322509766,
      17.114099502563477,
      17.300199508666992,
      18.034700393676758,
      17.976299285888672,
      17.983299255371094,
      17.931900024414062,
      18.396400451660156,
      18.50029945373535,
      18.269699096679688,
      18.44099998474121,
      18.89109992980957,
      19.149999618530273,
      18.904199600219727,
      19.29159927368164
    ],
    "mjd": [
      57375.44140625,
      57375.48046875,
      57375.51953125,
      57375.55859375,
      57386.44140625,
      57386.48046875,
      57386.51953125,
      57386.55859375,
      57399.44140625,
      57399.48046875,
      57399.51953125,
      57399.55859375,
      57421.44140625,
      57421.48046875,
      57421.51953125,
      57421.55859375,
      57428.44140625,
      57428.48046875,
      57428.51953125,
      57428.55859375,
      57447.44140625,
      57447.48046875,
      57447.51953125,
      57447.55859375
    ],
    "modeldate": [
      57375.44140625,
      57376.44140625,
      57377.44140625,
      57378.44140625,
      57379.44140625,
      57380.44140625,
      57381.44140625,
      57382.44140625,
      57383.44140625,
      57384.44140625,
      57385.44140625,
      57386.44140625,
      57387.44140625,
      57388.44140625,
      57389.44140625,
      57390.44140625,
      57391.44140625,
      57392.44140625,
      57393.44140625,
      57394.44140625,
      57395.44140625,
      57396.44140625,
      57397.44140625,
      57398.44140625,
      57399.44140625,
      57400.44140625,
      57401.44140625,
      57402.44140625,
      57403.44140625,
      57404.44140625,
      57405.44140625,
      57406.44140625,
      57407.44140625,
      57408.44140625,
      57409.44140625,
      57410.44140625,
      57411.44140625,
      57412.44140625,
      57413.44140625,
      57414.44140625,
      57415.44140625,
      57416.44140625,
      57417.44140625,
      57418.44140625,
      57419.44140625,
      57420.44140625,
      57421.44140625,
      57422.44140625,
      57423.44140625,
      57424.44140625,
      57425.44140625,
      57426.44140625,
      57427.44140625,
      57428.44140625,
      57429.44140625,
      57430.44140625,
      57431.44140625,
      57432.44140625,
      57433.44140625,
      57434.44140625,
      57435.44140625,
      57436.44140625,
      57437.44140625,
      57438.44140625,
      57439.44140625,
      57440.44140625,
      57441.44140625,
      57442.44140625,
      57443.44140625,
      57444.44140625,
      57445.44140625,
      57446.44140625,
      57447.44140625
    ],
    "modelerr": [
      0.05185905487246779,
      0.34388938158774085,
      0.5783645545967664,
      0.70519274680767,
      0.7462458430546647,
      0.721296691441005,
      0.6477775432541897,
      0.5408075807119097,
      0.413389414602586,
      0.2765784652325989,
      0.13982758668375397,
      0.022651198251451565,
      0.1125231401169003,
      0.2125656026665926,
      0.29328027057433353,
      0.3522853625316453,
      0.38867739572869353,
      0.40250430560918915,
      0.39460919809346906,
      0.36650899329086856,
      0.3202633703747723,
      0.25839352880588895,
      0.18383772851295974,
      0.10030347551768949,
      0.02561499423555469,
      0.09360747629938874,
      0.18791787947145644,
      0.2809692677155898,
      0.3690818457253,
      0.44952700446188826,
      0.5200037134478096,
      0.5785825825848938,
      0.6237379683746522,
      0.6543548102848484,
      0.6697560096690384,
      0.6697172069146415,
      0.6544593723122347,
      0.6246550561781954,
      0.5814378004322426,
      0.5263250613650724,
      0.4612673855944983,
      0.38858905465756266,
      0.3109542765476485,
      0.23137525310945603,
      0.15338250132080186,
      0.08202834351249753,
      0.036408890395131344,
      0.06278165297048996,
      0.10132983039356126,
      0.12617512512745027,
      0.1322836725818356,
      0.11715494339428768,
      0.08071275769896041,
      0.04323426488511456,
      0.10178058391443277,
      0.216903522825498,
      0.3614996425684933,
      0.531052047649976,
      0.7219350154088584,
      0.9296290275073061,
      1.1483015122639293,
      1.3706346052801257,
      1.5876689911053194,
      1.788659595948039,
      1.9609430928549476,
      2.0897988002613386,
      2.158341651026582,
      2.147372783050201,
      2.0352677737557463,
      1.7978726478513003,
      1.4084154199156413,
      0.8376666572207496,
      0.07694420157653206
    ],