{
  "C_Catalina Schmidt": {
    "bsplinemag": [
      19.185916995824144,
      34.92574240340285,
      40.30090129015128,
      37.32724488601261,
      30.121657578112995,
      22.801023753578587,
      19.48222779953555,
      15.27599164133411,
      4.873824019233524,
      -7.155630051949153,
      -16.238920842388715,
      -17.80259862225998,
      -7.2732136617377545,
      19.92268376900315
    ],
    "dmag": [
      0.11069600284099579,
      0.09401000291109085,
      0.1011589989066124,
      0.17190000414848328,
      0.12671999633312225,
      0.1329759955406189,
      0.1265060007572174,
      0.15414300560951233,
      0.276293009519577,
      0.15603399276733398,
      0.14435100555419922
    ],
    "goodstatus": true,
    "kernel": [
      5000.000000000004
    ],
    "mag": [
      19.150800704956055,
      18.79050064086914,
      18.95199966430664,
      20.127199172973633,
      19.449899673461914,
      19.55660057067871,
      19.44610023498535,
      19.88450050354004,
      21.192699432373047,
      19.911500930786133,
      19.73859977722168
    ],
    "mjd": [
      57060.44140625,
      57060.48046875,
      57060.51953125,
      57060.55859375,
      57066.44140625,
      57066.48046875,
      57066.51953125,
      57073.44140625,
      57073.48046875,
      57073.51953125,
      57073.55859375
    ],
    "modeldate": [
      57060.44140625,
      57061.44140625,
      57062.44140625,
      57063.44140625,
      57064.44140625,
      57065.44140625,
      57066.44140625,
      57067.44140625,
      57068.44140625,
      57069.44140625,
      57070.44140625,
      57071.44140625,
      57072.44140625,
      57073.44140625
    ],
    "modelerr": [
      0.0756284451291079,
      0.7644070649926924,
      1.1456672316871592,
      1.1814331881455498,
      0.9539981032378656,
      0.5442086751631241,
      0.07716697759819692,
      0.5317183281523818,
      1.0297739273406878,
      1.405902734900249,
      1.58073888667814,
      1.4740492003057004,
      1.0034919804289202,
      0.11353772824424171
    ],
    "modelmag": [
      19.00118637084961,
      20.040950775146484,
      20.546947479248047,
      20.637767791748047,
      20.42562484741211,
      20.015941619873047,
      19.507076263427734,
      18.990276336669922,
      18.549449920654297,
      18.26095199584961,
      18.19344711303711,
      18.40768051147461,
      18.956676483154297,
      19.885433197021484
    ]
  }
}