{
  "C_Catalina Schmidt": {
    "dmag": [
      0.11605200171470642, 
      0.1402300000190735, 
      0.15765699744224548, 
      0.1584559977054596, 
      0.13683800399303436, 
      0.16832700371742249, 
      0.19038699567317963, 
      0.11519099771976471
    ], 
    "goodstatus": true, 
    "kernel": [
      1.0000010000005, 
      500000.00000000058, 
      1.0000000001
    ], 
    "mag": [
      19.302799224853516, 
      19.730300903320312, 
      19.984399795532227, 
      19.981399536132812, 
      19.647899627685547, 
      20.10569953918457, 
      20.38409996032715, 
      19.271099090576172
    ], 
    "mjd": [
      55267.44140625, 
      55267.48046875, 
      55267.51953125, 
      55267.55859375, 
      55292.44140625, 
      55292.48046875, 
      55292.51953125, 
      55292.55859375
    ], 
    "modeldate": [
      55267.44140625, 
      55268.44140625, 
      55269.44140625, 
      55270.44140625, 
      55271.44140625, 
      55272.44140625, 
      55273.44140625, 
      55274.44140625, 
      55275.44140625, 
      55276.44140625, 
      55277.44140625, 
      55278.44140625, 
      55279.44140625, 
      55280.44140625, 
      55281.44140625, 
      55282.44140625, 
      55283.44140625, 
      55284.44140625, 
      55285.44140625, 
      55286.44140625, 
      55287.44140625, 
      55288.44140625, 
      55289.44140625, 
      55290.44140625, 
      55291.44140625, 
      55292.44140625
    ], 
    "modelerr": [
      0.11536531304783018, 
      1.05526558355958, 
      1.0552470957072935, 
      1.0552302817589874, 
      1.0552151419958022, 
      1.0552016766709014, 
      1.0551898860094626, 
      1.0551797702086696, 
      1.0551713294377032, 
      1.055164563837736, 
      1.0551594735219265, 
      1.0551560585754154, 
      1.055154319055321, 
      1.0551542549907387, 
      1.0551558663827392, 
      1.0551591532043676, 
      1.0551641154006461, 
      1.0551707528885748, 
      1.0551790655571354, 
      1.0551890532672947, 
      1.0552007158520116, 
      1.0552140531162413, 
      1.0552290648369445, 
      1.0552457507630948, 
      1.0552641106156886, 
      0.13571609622755088
    ], 
    "modelmag": [
      19.302913076383255, 
      19.975068472440643, 
      19.964698296933044, 
      19.951780293738867, 
      19.938349307344268, 
      19.92487052779957, 
      19.911529398111945, 
      19.898449122483825, 
      19.8856681490353, 
      19.87324296577912, 
      19.861228867951137, 
      19.8496839488114, 
      19.838672723851523, 
      19.828269966149303, 
      19.818588590138827, 
      19.809757673435783, 
      19.80191145763706, 
      19.795253028490468, 
      19.790056640468883, 
      19.78670309538432, 
      19.785949335934106, 
      19.78929693668059, 
      19.798805648242915, 
      19.818710794058923, 
      19.859919075265047, 
      19.654765208736258
    ]
  }
}