{
  "C_Catalina Schmidt": {
    "dmag": [
      0.10097599774599075, 
      0.09248699992895126, 
      0.08702699840068817, 
      0.10277699679136276, 
      0.2157679945230484
    ], 
    "goodstatus": true, 
    "kernel": [
      1.0000010000005, 
      499999.99999999971, 
      1.0000000001
    ], 
    "mag": [
      18.934499740600586, 
      18.732999801635742, 
      18.604999542236328, 
      18.961200714111328, 
      20.508100509643555
    ], 
    "mjd": [
      56401.44140625, 
      56401.48046875, 
      56401.51953125, 
      56401.55859375, 
      56426.51953125
    ], 
    "modeldate": [
      56401.44140625, 
      56402.44140625, 
      56403.44140625, 
      56404.44140625, 
      56405.44140625, 
      56406.44140625, 
      56407.44140625, 
      56408.44140625, 
      56409.44140625, 
      56410.44140625, 
      56411.44140625, 
      56412.44140625, 
      56413.44140625, 
      56414.44140625, 
      56415.44140625, 
      56416.44140625, 
      56417.44140625, 
      56418.44140625, 
      56419.44140625, 
      56420.44140625, 
      56421.44140625, 
      56422.44140625, 
      56423.44140625, 
      56424.44140625, 
      56425.44140625, 
      56426.44140625
    ], 
    "modelerr": [
      0.10055077401417714, 
      1.0812036248015868, 
      1.081198381387861, 
      1.0811946730243909, 
      1.0811924997712399, 
      1.0811918616635348, 
      1.0811927587114685, 
      1.081195190900297, 
      1.0811991581903415, 
      1.0812046605169885, 
      1.0812116977906936, 
      1.0812202698969828, 
      1.0812303766964595, 
      1.0812420180248057, 
      1.081255193692792, 
      1.0812699034862814, 
      1.0812861471662378, 
      1.0813039244687355, 
      1.081323235104968, 
      1.081344078761258, 
      1.08136645509907, 
      1.081390363755021, 
      1.0814158043408943, 
      1.0814427764436536, 
      1.0814712796254573, 
      1.0815013134236755
    ], 
    "modelmag": [
      18.934610321027545, 
      18.878452169386712, 
      18.969539373785192, 
      19.05153022498194, 
      19.128950321257488, 
      19.20341469933815, 
      19.275865737648097, 
      19.346699216035645, 
      19.416335589352506, 
      19.484934324813427, 
      19.552731149469544, 
      19.61979525129508, 
      19.686185338060344, 
      19.75203485506357, 
      19.817399416687724, 
      19.882328526493165, 
      19.946866379389537, 
      20.011030749656967, 
      20.07483014047445, 
      20.138333372832875, 
      20.201570929734576, 
      20.264570308948844, 
      20.327301849653924, 
      20.389772836930884, 
      20.452067901501383, 
      20.51418412638822
    ]
  }
}