{
  "C_Catalina Schmidt": {
    "bsplinemag": [
      17.28342129245356,
      18.14769463626873,
      16.62267926409777,
      13.60580626570121,
      10.285268407763791,
      7.84925845697025,
      7.485969180005324,
      10.38359334355375,
      17.73032371430027,
      18.9455284065576,
      20.76053977496911,
      23.068921008853394,
      25.727375143874777,
      28.592605215697617,
      31.521314259986216,
      34.37020531240493,
      36.99598140861809,
      39.25534558429003,
      41.005000875085095,
      42.10165031666762,
      42.40199694470191,
      41.76274379485235,
      40.04059390278323,
      37.09225030415891,
      32.77441603464371,
      26.943794129901985,
      19.45708762559805
    ],
    "dmag": [
      0.06205600127577782,
      0.061468999832868576,
      0.06064499914646149,
      0.06347200274467468,
      0.07642100006341934,
      0.09297899901866913,
      0.07683800160884857,
      0.08340699970722198,
      0.12716199457645416,
      0.11197999864816666,
      0.14487600326538086
    ],
    "goodstatus": true,
    "kernel": [
      5000.000000000004
    ],
    "mag": [
      17.281700134277344,
      17.29330062866211,
      17.229299545288086,
      17.309499740600586,
      17.689899444580078,
      18.182100296020508,
      17.7721004486084,
      17.911500930786133,
      19.457599639892578,
      19.17639923095703,
      19.74679946899414
    ],
    "mjd": [
      56773.44140625,
      56773.48046875,
      56773.51953125,
      56773.55859375,
      56781.44140625,
      56781.48046875,
      56781.51953125,
      56781.55859375,
      56799.44140625,
      56799.51953125,
      56799.55859375
    ],
    "modeldate": [
      56773.44140625,
      56774.44140625,
      56775.44140625,
      56776.44140625,
      56777.44140625,
      56778.44140625,
      56779.44140625,
      56780.44140625,
      56781.44140625,
      56782.44140625,
      56783.44140625,
      56784.44140625,
      56785.44140625,
      56786.44140625,
      56787.44140625,
      56788.44140625,
      56789.44140625,
      56790.44140625,
      56791.44140625,
      56792.44140625,
      56793.44140625,
      56794.44140625,
      56795.44140625,
      56796.44140625,
      56797.44140625,
      56798.44140625,
      56799.44140625
    ],
    "modelerr": [
      0.04887692873532109,
      0.5018386413401609,
      0.8222134317609778,
      0.9633733378973007,
      0.9591208553117767,
      0.8391786292497866,
      0.6292045312396982,
      0.3514058081800941,
      0.04532344291356365,
      0.34765144944894893,
      0.7347745417247035,
      1.1361420207234931,
      1.5424615340174095,
      1.9456015988666464,
      2.3373482313201785,
      2.7085770326180456,
      3.0484529761738357,
      3.343785009468264,
      3.5784159046507877,
      3.7328343744862553,
      3.783769130954576,
      3.7039949707013586,
      3.4621096449512616,
      3.022468194660108,
      2.345125125564353,
      1.3860432443629385,
      0.11814590188440764
    ],
    "modelmag": [
      17.287351608276367,
      17.166120529174805,
      17.137975692749023,
      17.181486129760742,
      17.277067184448242,
      17.406850814819336,
      17.55500602722168,
      17.70772361755371,
      17.853322982788086,
      17.982213973999023,
      18.086965560913086,
      18.162466049194336,
      18.20589256286621,
      18.21657371520996,
      18.19630241394043,
      18.149160385131836,
      18.081602096557617,
      18.00245475769043,
      17.92286491394043,
      17.856351852416992,
      17.8186092376709,
      17.8278865814209,
      17.90450096130371,
      18.071035385131836,
      18.352262496948242,
      18.775075912475586,
      19.36842918395996
    ],
    "type": "Ia"
  }
}