{
  "C_Catalina Schmidt": {
    "dmag": [
      0.07302500307559967, 
      0.08813799917697906, 
      0.06781800091266632, 
      0.053676001727581024, 
      0.05383000150322914, 
      0.0554720014333725, 
      0.04914100095629692
    ], 
    "goodstatus": true, 
    "kernel": [
      1.0000010000005, 
      499999.99999999971, 
      1.0000000001
    ], 
    "mag": [
      18.0674991607666, 
      18.435199737548828, 
      17.89940071105957, 
      17.4867000579834, 
      17.468799591064453, 
      17.537200927734375, 
      17.256799697875977
    ], 
    "mjd": [
      56196.44140625, 
      56196.48046875, 
      56196.55859375, 
      56209.44140625, 
      56209.48046875, 
      56209.51953125, 
      56209.55859375
    ], 
    "modeldate": [
      56196.44140625, 
      56197.44140625, 
      56198.44140625, 
      56199.44140625, 
      56200.44140625, 
      56201.44140625, 
      56202.44140625, 
      56203.44140625, 
      56204.44140625, 
      56205.44140625, 
      56206.44140625, 
      56207.44140625, 
      56208.44140625, 
      56209.44140625
    ], 
    "modelerr": [
      0.07285531910440143, 
      1.0609123023730385, 
      1.060902427818992, 
      1.0608942003343917, 
      1.0608876200562252, 
      1.060882687094059, 
      1.060879401530037, 
      1.060877763418875, 
      1.0608777727878607, 
      1.06087942963685, 
      1.0608827339382698, 
      1.0608876856371177, 
      1.0608942846509637, 
      0.05360850760267014
    ], 
    "modelmag": [
      18.067451286231467, 
      18.106769605280444, 
      17.97981915735938, 
      17.893521234326535, 
      17.82767912861432, 
      17.772698162550782, 
      17.724888298892452, 
      17.681995149866676, 
      17.64281804459715, 
      17.6064868003913, 
      17.5721555662898, 
      17.538806682848794, 
      17.50495891765913, 
      17.486663122475008
    ]
  }
}