{
  "C_Catalina Schmidt": {
    "dmag": [
      0.08164799958467484, 
      0.09711500257253647, 
      0.06733399629592896, 
      0.07747899740934372, 
      0.1001570001244545, 
      0.08926499634981155, 
      0.09293299913406372, 
      0.09097100049257278, 
      0.1086919978260994, 
      0.11683099716901779, 
      0.10457500070333481, 
      0.10684499889612198
    ], 
    "goodstatus": true, 
    "kernel": [
      1.0000010000005, 
      499999.99999999971, 
      1.0000000001
    ], 
    "mag": [
      18.21769905090332, 
      18.627399444580078, 
      17.766300201416016, 
      18.12190055847168, 
      18.753999710083008, 
      18.500999450683594, 
      18.599000930786133, 
      18.552900314331055, 
      19.06920051574707, 
      19.237699508666992, 
      18.99959945678711, 
      19.04680061340332
    ], 
    "mjd": [
      56541.44140625, 
      56541.48046875, 
      56541.51953125, 
      56541.55859375, 
      56551.44140625, 
      56551.48046875, 
      56551.51953125, 
      56551.55859375, 
      56561.44140625, 
      56561.48046875, 
      56561.51953125, 
      56561.55859375
    ], 
    "modeldate": [
      56541.44140625, 
      56542.44140625, 
      56543.44140625, 
      56544.44140625, 
      56545.44140625, 
      56546.44140625, 
      56547.44140625, 
      56548.44140625, 
      56549.44140625, 
      56550.44140625, 
      56551.44140625, 
      56552.44140625, 
      56553.44140625, 
      56554.44140625, 
      56555.44140625, 
      56556.44140625, 
      56557.44140625, 
      56558.44140625, 
      56559.44140625, 
      56560.44140625, 
      56561.44140625
    ], 
    "modelerr": [
      0.08139815476455169, 
      1.0381374428042434, 
      1.038122294783648, 
      1.038108919689467, 
      1.038097317750423, 
      1.0380874891649257, 
      1.0380794341010666, 
      1.038073152696611, 
      1.038068645058992, 
      1.038065911265307, 
      0.09969677549256178, 
      1.038065765366434, 
      1.0380683532637403, 
      1.0380727150099698, 
      1.038078850530519, 
      1.0380867597204484, 
      1.0380964424444865, 
      1.0381078985370356, 
      1.038121127802177, 
      1.0381361300136804, 
      0.10810463329688759
    ], 
    "modelmag": [
      18.217799471953118, 
      18.098150291085616, 
      18.20585977534518, 
      18.291864554373777, 
      18.3676431258656, 
      18.43625679132625, 
      18.49962668046443, 
      18.556738972336905, 
      18.606376902467836, 
      18.640323025273634, 
      18.75249587283412, 
      18.62723062827079, 
      18.673424340743583, 
      18.72288151910104, 
      18.774276978729624, 
      18.82755665069037, 
      18.88265212048264, 
      18.94052982948424, 
      19.002484975788814, 
      19.07407568739983, 
      19.070403078076087
    ]
  }
}