{
  "C_Catalina Schmidt": {
    "bsplinemag": [
      18.515628827799116,
      21.46780793323056,
      24.85255747174127,
      28.1881995362695,
      31.247874595056103,
      33.80472311634193,
      35.63188556836784,
      36.50250241937469,
      36.18971413760332,
      34.4666611912946,
      31.106484048689374,
      25.8823231780285,
      18.567319047552825,
      20.064984168022438,
      19.611620840056965,
      17.998322889288282,
      16.48554628537442,
      16.333746997973407,
      18.80338099674328,
      15.342732100034988,
      13.339439366069866,
      12.911324895805603,
      13.694041631403866,
      15.323242515026344,
      17.434580488834712,
      19.663708494990644,
      21.646279475655824,
      23.01794637299193,
      23.414362129160637,
      22.471179686323634,
      19.824051986642584,
      27.28124583271758,
      31.997630776212546,
      33.316324907441405,
      32.13544449649605,
      29.35310581346835,
      25.86742512845019,
      22.57651871153346,
      20.378502832810042,
      20.17149376237181,
      30.755600580364295,
      32.403991026790386,
      28.004451701268962,
      21.064081778310438,
      15.089980432425246,
      13.589246838123794,
      20.068980169916507
    ],
    "dmag": [
      0.09170600026845932,
      0.08522699773311615,
      0.0905739963054657,
      0.0956370010972023,
      0.08600399643182755,
      0.07282699644565582,
      0.0828780010342598,
      0.08009400218725204,
      0.0871409997344017,
      0.09488900005817413,
      0.08884900063276291,
      0.08460800349712372,
      0.14379100501537323,
      0.16117900609970093,
      0.10982900112867355,
      0.14034999907016754,
      0.1666020005941391,
      0.16545000672340393,
      0.23095999658107758,
      0.15813200175762177,
      0.18223699927330017,
      0.25235500931739807,
      0.16578100621700287
    ],
    "goodstatus": true,
    "kernel": [
      5000.000000000004
    ],
    "mag": [
      18.517200469970703,
      18.371299743652344,
      18.500200271606445,
      18.61639976501465,
      18.594499588012695,
      18.229000091552734,
      18.513099670410156,
      18.437999725341797,
      18.790800094604492,
      18.9783992767334,
      18.833599090576172,
      18.725900650024414,
      19.729799270629883,
      19.983600616455078,
      19.133499145507812,
      19.67609977722168,
      20.22480010986328,
      20.209199905395508,
      20.95560073852539,
      20.10849952697754,
      20.42490005493164,
      21.15519905090332,
      20.213699340820312
    ],
    "mjd": [
      56786.44140625,
      56786.48046875,
      56786.51953125,
      56786.55859375,
      56798.44140625,
      56798.48046875,
      56798.51953125,
      56798.55859375,
      56804.44140625,
      56804.48046875,
      56804.51953125,
      56804.55859375,
      56816.44140625,
      56816.48046875,
      56816.51953125,
      56816.55859375,
      56825.44140625,
      56825.48046875,
      56825.51953125,
      56832.44140625,
      56832.48046875,
      56832.51953125,
      56832.55859375
    ],
    "modeldate": [
      56786.44140625,
      56787.44140625,
      56788.44140625,
      56789.44140625,
      56790.44140625,
      56791.44140625,
      56792.44140625,
      56793.44140625,
      56794.44140625,
      56795.44140625,
      56796.44140625,
      56797.44140625,
      56798.44140625,
      56799.44140625,
      56800.44140625,
      56801.44140625,
      56802.44140625,
      56803.44140625,
      56804.44140625,
      56805.44140625,
      56806.44140625,
      56807.44140625,
      56808.44140625,
      56809.44140625,
      56810.44140625,
      56811.44140625,
      56812.44140625,
      56813.44140625,
      56814.44140625,
      56815.44140625,
      56816.44140625,
      56817.44140625,
      56818.44140625,
      56819.44140625,
      56820.44140625,
      56821.44140625,
      56822.44140625,
      56823.44140625,
      56824.44140625,
      56825.44140625,
      56826.44140625,
      56827.44140625,
      56828.44140625,
      56829.44140625,
      56830.44140625,
      56831.44140625,
      56832.44140625
    ],
    "modelerr": [
      0.047118508132089135,
      0.1528671273101596,
      0.2447959953628799,
      0.289341971899828,
      0.2981331916499384,
      0.2818503859233938,
      0.24947301635381705,
      0.2083113340842475,
      0.16421356512390542,
      0.121747620357624,
      0.084634790662749,
      0.056332506493514,
      0.0404596337614582,
      0.037461069880501234,
      0.04024101128522757,
      0.04262334539608437,
      0.04316251588009681,
      0.042996484302248665,
      0.04413479116592448,
      0.048080209473012385,
      0.05467877999675554,
      0.06261052848832926,
      0.07027519083936923,
      0.07644681949523799,
      0.08031002055693591,
      0.08152396157593886,
      0.080200102412665,
      0.07692250838436418,
      0.07269981472826074,
      0.06901540678204408,
      0.06730492554731554,
      0.06848133651534362,
      0.07231179901548204,
      0.07760753922953409,
      0.08300494020765845,
      0.08755360732301917,
      0.09099864883258141,
      0.09398114003030866,
      0.09790982702729908,
      0.10430492127202101,
      0.11369091805158453,
      0.12468489029909151,
      0.13386566864746033,
      0.136297831407677,
      0.12656378097827822,
      0.10252743609682186,
      0.0891965693545393
    ],
    "modelmag": [
      18.50261688232422,
      18.3614501953125,
      18.25811004638672,
      18.18804931640625,
      18.146942138671875,
      18.1307373046875,
      18.135536193847656,
      18.15776824951172,
      18.194007873535156,
      18.241378784179688,
      18.297027587890625,
      18.358657836914062,
      18.42401123046875,
      18.491485595703125,
      18.559524536132812,
      18.626998901367188,
      18.69305419921875,
      18.75713348388672,
      18.81890869140625,
      18.87847137451172,
      18.93584442138672,
      18.991493225097656,
      19.0460205078125,
      19.100059509277344,
      19.154403686523438,
      19.209991455078125,
      19.26764678955078,
      19.328163146972656,
      19.392501831054688,
      19.461288452148438,
      19.5350341796875,
      19.613975524902344,
      19.698341369628906,
      19.78766632080078,
      19.881393432617188,
      19.978469848632812,
      20.077301025390625,
      20.175682067871094,
      20.271102905273438,
      20.360107421875,
      20.438636779785156,
      20.50196075439453,
      20.544387817382812,
      20.559463500976562,
      20.539939880371094,
      20.477325439453125,
      20.3624267578125
    ],
    "type": "Ia"
  }
}