{
  "C_Catalina Schmidt": {
    "dmag": [
      0.06126299872994423, 
      0.07039500027894974, 
      0.06031600013375282, 
      0.055337999016046524, 
      0.06325399875640869, 
      0.05985499918460846, 
      0.06083400174975395, 
      0.06699399650096893, 
      0.06381800025701523, 
      0.06667900085449219, 
      0.08243899792432785, 
      0.07232700288295746, 
      0.07390300184488297, 
      0.08667200058698654, 
      0.1113400012254715, 
      0.07889299839735031, 
      0.09328100085258484, 
      0.10329599678516388, 
      0.09043700248003006, 
      0.11486300081014633, 
      0.18798799812793732
    ], 
    "goodstatus": true, 
    "kernel": [
      1.0000010000005, 
      499999.99999999971, 
      1.0000000001
    ], 
    "mag": [
      17.56290054321289, 
      17.885299682617188, 
      17.53059959411621, 
      17.365299224853516, 
      17.740100860595703, 
      17.61840057373047, 
      17.660999298095703, 
      17.86520004272461, 
      17.888700485229492, 
      17.97330093383789, 
      18.445499420166016, 
      18.15559959411621, 
      18.12969970703125, 
      18.50320053100586, 
      19.051700592041016, 
      18.28459930419922, 
      18.675500869750977, 
      18.902599334716797, 
      18.618000030517578, 
      19.12220001220703, 
      20.064699172973633
    ], 
    "mjd": [
      56539.44140625, 
      56539.48046875, 
      56539.51953125, 
      56539.55859375, 
      56551.44140625, 
      56551.48046875, 
      56551.51953125, 
      56551.55859375, 
      56561.44140625, 
      56561.48046875, 
      56561.51953125, 
      56561.55859375, 
      56580.44140625, 
      56580.48046875, 
      56580.51953125, 
      56580.55859375, 
      56593.44140625, 
      56593.48046875, 
      56593.51953125, 
      56602.44140625, 
      56636.51953125
    ], 
    "modeldate": [
      56539.44140625, 
      56540.44140625, 
      56541.44140625, 
      56542.44140625, 
      56543.44140625, 
      56544.44140625, 
      56545.44140625, 
      56546.44140625, 
      56547.44140625, 
      56548.44140625, 
      56549.44140625, 
      56550.44140625, 
      56551.44140625, 
      56552.44140625, 
      56553.44140625, 
      56554.44140625, 
      56555.44140625, 
      56556.44140625, 
      56557.44140625, 
      56558.44140625, 
      56559.44140625, 
      56560.44140625, 
      56561.44140625, 
      56562.44140625, 
      56563.44140625, 
      56564.44140625, 
      56565.44140625, 
      56566.44140625, 
      56567.44140625, 
      56568.44140625, 
      56569.44140625, 
      56570.44140625, 
      56571.44140625, 
      56572.44140625, 
      56573.44140625, 
      56574.44140625, 
      56575.44140625, 
      56576.44140625, 
      56577.44140625, 
      56578.44140625, 
      56579.44140625, 
      56580.44140625, 
      56581.44140625, 
      56582.44140625, 
      56583.44140625, 
      56584.44140625, 
      56585.44140625, 
      56586.44140625, 
      56587.44140625, 
      56588.44140625, 
      56589.44140625, 
      56590.44140625, 
      56591.44140625, 
      56592.44140625, 
      56593.44140625, 
      56594.44140625, 
      56595.44140625, 
      56596.44140625, 
      56597.44140625, 
      56598.44140625, 
      56599.44140625, 
      56600.44140625, 
      56601.44140625, 
      56602.44140625, 
      56603.44140625, 
      56604.44140625, 
      56605.44140625, 
      56606.44140625, 
      56607.44140625, 
      56608.44140625, 
      56609.44140625, 
      56610.44140625, 
      56611.44140625, 
      56612.44140625, 
      56613.44140625, 
      56614.44140625, 
      56615.44140625, 
      56616.44140625, 
      56617.44140625, 
      56618.44140625, 
      56619.44140625, 
      56620.44140625, 
      56621.44140625, 
      56622.44140625, 
      56623.44140625, 
      56624.44140625, 
      56625.44140625, 
      56626.44140625, 
      56627.44140625, 
      56628.44140625, 
      56629.44140625, 
      56630.44140625, 
      56631.44140625, 
      56632.44140625, 
      56633.44140625, 
      56634.44140625, 
      56635.44140625, 
      56636.44140625
    ], 
    "modelerr": [
      0.06115378098021916, 
      1.0233981188882275, 
      1.0233473790458445, 
      1.0232984431475585, 
      1.023251312016682, 
      1.0232059864461014, 
      1.0231624671982456, 
      1.0231207550050554, 
      1.0230808505679552, 
      1.0230427545578238, 
      1.0230064676149706, 
      1.0229719903491061, 
      0.06313367225204514, 
      1.0229084671340636, 
      1.0228794222511135, 
      1.0228521891775666, 
      1.0228267683698122, 
      1.022803160253517, 
      1.022781365223606, 
      1.0227613836442484, 
      1.0227432158488439, 
      1.0227268621400072, 
      0.06369437262735585, 
      1.0226995980385085, 
      1.0226886880970565, 
      1.0226795931445742, 
      1.0226723133296027, 
      1.0226668487698463, 
      1.022663199552167, 
      1.0226613657325814, 
      1.02266134733626, 
      1.0226631443575238, 
      1.0226667567598469, 
      1.0226721844758564, 
      1.0226794274073359, 
      1.0226884854252303, 
      1.0226993583696493, 
      1.0227120460498758, 
      1.022726548244372, 
      1.0227428647007895, 
      1.0227609951359784, 
      0.07371123210455603, 
      1.0228026966561403, 
      1.0228262670209187, 
      1.0228516499241096, 
      1.0228788449287554, 
      1.022907851567184, 
      1.0229386693410283, 
      1.0229712977212464, 
      1.0230057361481422, 
      1.0230419840313876, 
      1.023080040750047, 
      1.0231199056526021, 
      1.023161578056976, 
      0.0928966006594899, 
      1.0232503424902595, 
      1.0232974330024829, 
      1.0233463279832153, 
      1.0233970265980288, 
      1.02344952798212, 
      1.0235038312403446, 
      1.0235599354472527, 
      1.0236178396471267, 
      0.1141482885042292, 
      1.0237390440517862, 
      1.0238023421941418, 
      1.023867436204684, 
      1.023934324976947, 
      1.0240030073744415, 
      1.0240734822307007, 
      1.0241457483493266, 
      1.0242198045040372, 
      1.0242956494387148, 
      1.0243732818674558, 
      1.024452700474622, 
      1.0245339039148915, 
      1.0246168908133133, 
      1.02470165976536, 
      1.0247882093369833, 
      1.0248765380646725, 
      1.0249666444555092, 
      1.0250585269872277, 
      1.0251521841082742, 
      1.025247614237869, 
      1.0253448157660658, 
      1.025443787053818, 
      1.02554452643304, 
      1.0256470322066746, 
      1.0257513026487581, 
      1.0258573360044885, 
      1.0259651304902928, 
      1.0260746842938984, 
      1.0261859955744017, 
      1.0262990624623411, 
      1.026413883059769, 
      1.026530455440326, 
      1.026648777649315, 
      1.0267688477037775
    ],