{
  "C_Catalina Schmidt": {
    "dmag": [
      0.07010699808597565, 
      0.07021500170230865, 
      0.0793989971280098, 
      0.07525099813938141, 
      0.0901620015501976, 
      0.0937030017375946, 
      0.10794799774885178
    ], 
    "goodstatus": true, 
    "kernel": [
      1.0000010000005, 
      499999.99999999971, 
      1.0000000001
    ], 
    "mag": [
      18.12619972229004, 
      18.00909996032715, 
      18.159900665283203, 
      18.072399139404297, 
      18.624799728393555, 
      18.723400115966797, 
      19.03260040283203
    ], 
    "mjd": [
      55451.44140625, 
      55451.48046875, 
      55451.51953125, 
      55451.55859375, 
      55469.44140625, 
      55469.48046875, 
      55469.51953125
    ], 
    "modeldate": [
      55451.44140625, 
      55452.44140625, 
      55453.44140625, 
      55454.44140625, 
      55455.44140625, 
      55456.44140625, 
      55457.44140625, 
      55458.44140625, 
      55459.44140625, 
      55460.44140625, 
      55461.44140625, 
      55462.44140625, 
      55463.44140625, 
      55464.44140625, 
      55465.44140625, 
      55466.44140625, 
      55467.44140625, 
      55468.44140625, 
      55469.44140625
    ], 
    "modelerr": [
      0.06995687308110109, 
      1.0610762035956531, 
      1.0610659265268196, 
      1.0610572944875016, 
      1.0610503076212494, 
      1.0610449660442507, 
      1.0610412698453278, 
      1.061039219085934, 
      1.06103881380015, 
      1.0610400539946852, 
      1.0610429396488739, 
      1.0610474707146793, 
      1.0610536471166934, 
      1.0610614687521407, 
      1.0610709354908818, 
      1.061082047175418, 
      1.061094803620898, 
      1.0611092046151243, 
      0.08984335070542705
    ], 
    "modelmag": [
      18.125939356742574, 
      18.078275137803615, 
      18.099018856572194, 
      18.12346376220996, 
      18.150133948981793, 
      18.17815826347084, 
      18.20714469901495, 
      18.236881743617673, 
      18.267300423394374, 
      18.29836802786129, 
      18.3300854981023, 
      18.36250289032759, 
      18.395722932007647, 
      18.429928259804107, 
      18.46544109764612, 
      18.50293749154144, 
      18.544593411424888, 
      18.59995983766035, 
      18.62610582183921
    ]
  }
}