{
  "C_Catalina Schmidt": {
    "bsplinemag": [
      16.848507527731662,
      15.372235087103924,
      14.887285911783104,
      15.212920476559255,
      15.97297953753714,
      16.791303850821528,
      17.291734172517184,
      17.09811125872887,
      16.672052277280994,
      16.77688107156464,
      17.18350490560051,
      17.659552705799303,
      17.972653398571705,
      17.8904359103284,
      17.18052916748008,
      16.095205134103324,
      15.385051918367013,
      15.00738346439126,
      14.909901702443094,
      15.040308562789546,
      15.346305975697645,
      15.775595871434417,
      16.2758801802669,
      16.79486083246211,
      17.280239758287088,
      17.679718888008857,
      17.941000151894457,
      18.0117854802109,
      17.839776803225234,
      17.372676051204476,
      16.718669138836276,
      16.189654535819066,
      15.78275415723583,
      15.489620157058344,
      15.301904689258372,
      15.211259907807694,
      15.20933796667808,
      15.287791019841299,
      15.438271221269126,
      15.652430724933334,
      15.92192168480569,
      16.238396254857975,
      16.593506589061946,
      16.978904841389394,
      17.386243165812076,
      17.807095131700372,
      18.232636619352018,
      18.65391800228694,
      19.06198960619605,
      19.447901756770253,
      19.802704779700463,
      20.117449000677603,
      20.383184745392565,
      20.59096233953627,
      20.731832108799633,
      20.796844378873555,
      20.777049475448948,
      20.663497724216732,
      20.447239450867812,
      20.119324981093104,
      19.670804640583505,
      19.092728755029945,
      18.376147650123322,
      17.51211165155455
    ],
    "dmag": [
      0.038008999079465866,
      0.03850699961185455,
      0.03914700075984001,
      0.03630099818110466,
      0.04746200144290924,
      0.050018999725580215,
      0.04665200039744377,
      0.0456789992749691,
      0.044119998812675476,
      0.04332200065255165,
      0.042904000729322433,
      0.041418999433517456,
      0.04815400019288063,
      0.04840900003910065,
      0.045882001519203186,
      0.04781600087881088,
      0.04822300001978874,
      0.04760200157761574,
      0.049828000366687775,
      0.05133499950170517,
      0.05203599855303764,
      0.0504940003156662,
      0.05229099839925766,
      0.051573000848293304
    ],
    "goodstatus": true,
    "kernel": [
      5000.000000000004
    ],
    "mag": [
      16.846200942993164,
      16.873899459838867,
      16.908199310302734,
      16.75040054321289,
      17.04520034790039,
      17.14900016784668,
      17.061800003051758,
      16.9822998046875,
      17.175199508666992,
      17.133100509643555,
      17.111099243164062,
      17.02750015258789,
      17.362499237060547,
      17.37579917907715,
      17.25469970703125,
      17.349199295043945,
      17.365800857543945,
      17.33989906311035,
      17.436100006103516,
      17.512399673461914,
      17.505300521850586,
      17.442399978637695,
      17.519500732421875,
      17.48740005493164
    ],
    "mjd": [
      56295.44140625,
      56295.48046875,
      56295.51953125,
      56295.55859375,
      56302.44140625,
      56302.48046875,
      56302.51953125,
      56302.55859375,
      56309.44140625,
      56309.48046875,
      56309.51953125,
      56309.55859375,
      56324.44140625,
      56324.48046875,
      56324.51953125,
      56324.55859375,
      56339.44140625,
      56339.48046875,
      56339.51953125,
      56339.55859375,
      56358.44140625,
      56358.48046875,
      56358.51953125,
      56358.55859375
    ],
    "modeldate": [
      56295.44140625,
      56296.44140625,
      56297.44140625,
      56298.44140625,
      56299.44140625,
      56300.44140625,
      56301.44140625,
      56302.44140625,
      56303.44140625,
      56304.44140625,
      56305.44140625,
      56306.44140625,
      56307.44140625,
      56308.44140625,
      56309.44140625,
      56310.44140625,
      56311.44140625,
      56312.44140625,
      56313.44140625,
      56314.44140625,
      56315.44140625,
      56316.44140625,
      56317.44140625,
      56318.44140625,
      56319.44140625,
      56320.44140625,
      56321.44140625,
      56322.44140625,
      56323.44140625,
      56324.44140625,
      56325.44140625,
      56326.44140625,
      56327.44140625,
      56328.44140625,
      56329.44140625,
      56330.44140625,
      56331.44140625,
      56332.44140625,
      56333.44140625,
      56334.44140625,
      56335.44140625,
      56336.44140625,
      56337.44140625,
      56338.44140625,
      56339.44140625,
      56340.44140625,
      56341.44140625,
      56342.44140625,
      56343.44140625,
      56344.44140625,
      56345.44140625,
      56346.44140625,
      56347.44140625,
      56348.44140625,
      56349.44140625,
      56350.44140625,
      56351.44140625,
      56352.44140625,
      56353.44140625,
      56354.44140625,
      56355.44140625,
      56356.44140625,
      56357.44140625,
      56358.44140625
    ],
    "modelerr": [
      0.019616513111914712,
      0.043421355616046306,
      0.061982876535722174,
      0.06477782793662891,
      0.05718938772285671,
      0.04436647145156464,
      0.03135662960547329,
      0.023850927230116822,
      0.02507883991874269,
      0.02995676103550384,
      0.03318876067962193,
      0.03297254495338698,
      0.029353785869510034,
      0.023980525698845068,
      0.021361955912331403,
      0.02725641745498606,
      0.04003310740775319,
      0.055423686029932466,
      0.07107805351275533,
      0.08541991685095589,
      0.09727954688267837,
      0.1057531971549612,
      0.11009848953860193,
      0.10976666758846496,
      0.10447849647456618,
      0.09412309792105156,
      0.07896279301458417,
      0.05963831287886261,
      0.03812973243233328,
      0.023800893763581916,
      0.03814223603405724,
      0.06698535406110358,
      0.0986835613564003,
      0.13015420424375165,
      0.1595133461465747,
      0.18508113834477055,
      0.20526986014663512,
      0.2184871729527229,
      0.22323586495858724,
      0.2180819528507109,
      0.2018013891408572,
      0.17331164493342982,
      0.13191548526031674,
      0.07783760615620772,
      0.02489755621871477,
      0.0835517563914353,
      0.17883763225942745,
      0.28790132458704426,
      0.4081412090453451,
      0.5371666340217892,
      0.6720563067279719,
      0.8092088801343151,
      0.9441857045861651,
      1.0717854632024453,
      1.1858108955524849,
      1.2790955829233037,
      1.3434126674489324,
      1.3693774313754945,
      1.3464201192240006,
      1.2626571708518175,
      1.1048694509312285,
      0.858372606533275,
      0.5070908333634616,
      0.0411606902650539
    ],