{
  "C_Catalina Schmidt": {
    "bsplinemag": [
      18.484921779153396,
      15.49598133601138,
      13.323834624622132,
      12.786107259023034,
      14.429838518563717,
      18.802067682593805,
      27.1146021229306,
      35.406431659035036,
      41.90065919406305,
      45.812979202074395,
      46.359086157128786,
      42.75467453328598,
      34.21543880460572,
      19.957073445147728,
      5.783312859750169,
      -1.310223066975313,
      -2.8306877843040015,
      -0.3121504282127199,
      4.711319865321719,
      10.70565396032248,
      16.13678272081274,
      19.470637010815675,
      19.465749193017576,
      16.19671078386745,
      10.10796176897462,
      1.6439617888659521,
      -8.750829515931766,
      -20.631952504891714,
      -33.554947537487074,
      -47.07535497319102,
      -60.74871517147676,
      -74.13056849181741,
      -86.77645529368621,
      -98.24191593655631,
      -108.08249077990094,
      -115.8537201831932,
      -121.1111445059063,
      -123.41030410751351,
      -122.30673934748785,
      -117.35599058530262,
      -108.11359818043098,
      -94.13510249234608,
      -74.97604388052115,
      -50.191962704429315,
      -19.338399323543776,
      18.029105902662277
    ],
    "dmag": [
      0.08040899783372879,
      0.08624099940061569,
      0.07861799746751785,
      0.07642900198698044,
      0.09178400039672852,
      0.11044999957084656,
      0.08671499788761139,
      0.10360299795866013,
      0.11593999713659286,
      0.08475500345230103,
      0.13193799555301666,
      0.13064099848270416,
      0.13822999596595764,
      0.13395999372005463
    ],
    "goodstatus": false,
    "kernel": [
      5000.000000000004
    ],
    "mag": [
      18.479299545288086,
      18.6289005279541,
      18.409299850463867,
      18.36370086669922,
      18.750099182128906,
      19.139799118041992,
      18.558799743652344,
      18.99329948425293,
      19.273099899291992,
      18.58329963684082,
      19.56089973449707,
      19.55190086364746,
      19.67889976501465,
      19.627099990844727
    ],
    "mjd": [
      57283.44140625,
      57283.48046875,
      57283.51953125,
      57283.55859375,
      57288.44140625,
      57288.48046875,
      57288.51953125,
      57288.55859375,
      57296.48046875,
      57296.51953125,
      57304.48046875,
      57304.51953125,
      57304.55859375,
      57328.48046875
    ],
    "modeldate": [
      57283.44140625,
      57284.44140625,
      57285.44140625,
      57286.44140625,
      57287.44140625,
      57288.44140625,
      57289.44140625,
      57290.44140625,
      57291.44140625,
      57292.44140625,
      57293.44140625,
      57294.44140625,
      57295.44140625,
      57296.44140625,
      57297.44140625,
      57298.44140625,
      57299.44140625,
      57300.44140625,
      57301.44140625,
      57302.44140625,
      57303.44140625,
      57304.44140625,
      57305.44140625,
      57306.44140625,
      57307.44140625,
      57308.44140625,
      57309.44140625,
      57310.44140625,
      57311.44140625,
      57312.44140625,
      57313.44140625,
      57314.44140625,
      57315.44140625,
      57316.44140625,
      57317.44140625,
      57318.44140625,
      57319.44140625,
      57320.44140625,
      57321.44140625,
      57322.44140625,
      57323.44140625,
      57324.44140625,
      57325.44140625,
      57326.44140625,
      57327.44140625,
      57328.44140625
    ],
    "modelerr": [
      0.042292034479555624,
      0.12017870312503148,
      0.15767477843458202,
      0.13876468615090293,
      0.08912704538189213,
      0.048578463293390266,
      0.08197891745878841,
      0.13399739994544174,
      0.17120925975606782,
      0.1859960640111417,
      0.17657832522069106,
      0.14514031822721643,
      0.09961416195605438,
      0.06836983736901261,
      0.10236452779900698,
      0.16756372634456004,
      0.22905751721217588,
      0.2713956619332043,
      0.28274056378580015,
      0.25262975399295123,
      0.17371836422312806,
      0.0772534392248676,
      0.22419926894355435,
      0.5129747192518874,
      0.8897435695397599,
      1.3531491883122415,
      1.9024710798634488,
      2.534648826848713,
      3.2435760098579585,
      4.019684813655065,
      4.849629285743083,
      5.715975270662945,
      6.596931485467793,
      7.466088622856068,
      8.29218008538104,
      9.038848083115857,
      9.66445194283078,
      10.12186680104747,
      10.358316381803244,
      10.31522469794043,
      9.928088259726538,
      9.126365141456397,
      7.833400631338206,
      5.966416347125986,
      3.436817378844288,
      0.19720397590203972
    ],
    "modelmag": [
      18.4583740234375,
      18.532135009765625,
      18.6116943359375,
      18.688873291015625,
      18.757781982421875,
      18.81402587890625,
      18.855499267578125,
      18.88128662109375,
      18.891998291015625,
      18.889739990234375,
      18.877410888671875,
      18.859375,
      18.840087890625,
      18.825225830078125,
      18.82061767578125,
      18.83233642578125,
      18.86669921875,
      18.92950439453125,
      19.02679443359375,
      19.16363525390625,
      19.344818115234375,
      19.574005126953125,
      19.85400390625,
      20.1864013671875,
      20.5714111328125,
      21.007720947265625,
      21.49249267578125,
      22.020904541015625,
      22.58624267578125,
      23.1798095703125,
      23.79046630859375,
      24.405059814453125,
      25.007781982421875,
      25.580352783203125,
      26.101898193359375,
      26.54888916015625,
      26.895050048828125,
      27.111236572265625,
      27.165435791015625,
      27.02301025390625,
      26.646087646484375,
      25.994140625,
      25.023727416992188,
      23.688461303710938,
      21.939132690429688,
      19.723846435546875
    ]
  }
}