{
  "C_Catalina Schmidt": {
    "bsplinemag": [
      19.196399920595464,
      16.26099951423124,
      11.338515583858944,
      6.359917781797861,
      2.410754558071871,
      0.5765743627048439,
      1.942925645720666,
      7.59535685714321,
      18.619416446996357,
      28.91574950073068,
      36.132922031320525,
      39.311889271112605,
      39.14011641944127,
      36.305068675640854,
      31.494211239045686,
      25.39500930899012,
      18.69492808480848,
      140.79097714664405,
      492.5600313424496,
      978.1039024437451,
      1500.9487187216691,
      1964.6206084473588,
      2272.645699891953,
      2328.5501213265893,
      2035.8600010224059,
      1298.1014672505407,
      18.80064828213151
    ],
    "dmag": [
      0.11354099959135056,
      0.15044499933719635,
      0.1498900055885315,
      0.08827999979257584,
      0.0997140035033226,
      0.0785209983587265,
      0.08874599635601044,
      0.09196200221776962,
      0.08857300132513046,
      0.07140299677848816,
      0.08728300034999847,
      0.0973220020532608,
      0.1621370017528534
    ],
    "goodstatus": true,
    "kernel": [
      5000.000000000004
    ],
    "mag": [
      19.196399688720703,
      19.823200225830078,
      19.812599182128906,
      18.619400024414062,
      18.90019989013672,
      18.364200592041016,
      18.639400482177734,
      18.658300399780273,
      18.58609962463379,
      18.11050033569336,
      18.555599212646484,
      18.799999237060547,
      19.92799949645996
    ],
    "mjd": [
      56561.44140625,
      56561.48046875,
      56561.51953125,
      56569.44140625,
      56569.48046875,
      56569.51953125,
      56569.55859375,
      56577.44140625,
      56577.48046875,
      56577.51953125,
      56577.55859375,
      56587.44140625,
      56587.48046875
    ],
    "modeldate": [
      56561.44140625,
      56562.44140625,
      56563.44140625,
      56564.44140625,
      56565.44140625,
      56566.44140625,
      56567.44140625,
      56568.44140625,
      56569.44140625,
      56570.44140625,
      56571.44140625,
      56572.44140625,
      56573.44140625,
      56574.44140625,
      56575.44140625,
      56576.44140625,
      56577.44140625,
      56578.44140625,
      56579.44140625,
      56580.44140625,
      56581.44140625,
      56582.44140625,
      56583.44140625,
      56584.44140625,
      56585.44140625,
      56586.44140625,
      56587.44140625
    ],
    "modelerr": [
      0.08443172102436808,
      0.796845678650199,
      1.2446006511296048,
      1.396267192464933,
      1.3244720486794557,
      1.0955588505867118,
      0.7690012699508598,
      0.39763425754969806,
      0.049154184772155815,
      0.3170724143221423,
      0.584334558729739,
      0.7623541895797996,
      0.8349974864076711,
      0.7942953804266946,
      0.6399636925889087,
      0.3796643410986282,
      0.04828802857451608,
      0.40077570563751497,
      0.8623630249058998,
      1.3275653333086401,
      1.7512308968939077,
      2.081426879881377,
      2.2590738225039173,
      2.218017134721509,
      1.8851737889890052,
      1.1810327400753473,
      0.08457843133661963
    ],
    "modelmag": [
      19.55034065246582,
      18.879884719848633,
      18.44944953918457,
      18.214052200317383,
      18.131380081176758,
      18.162172317504883,
      18.270174026489258,
      18.422746658325195,
      18.591096878051758,
      18.75010871887207,
      18.879243850708008,
      18.962038040161133,
      18.986848831176758,
      18.946809768676758,
      18.840089797973633,
      18.669939041137695,
      18.445024490356445,
      18.179323196411133,
      17.892549514770508,
      17.609895706176758,
      17.362337112426758,
      17.18687629699707,
      17.126039505004883,
      17.228395462036133,
      17.548433303833008,
      18.14640998840332,
      19.08854866027832
    ],
    "type": "Ia"
  }
}