{
  "C_Catalina Schmidt": {
    "bsplinemag": [
      18.096571793033355,
      10.469298942429187,
      5.269600255363006,
      2.943291390930941,
      2.945885359797492,
      4.732895172627154,
      7.759833840084437,
      11.48221437283383,
      15.35554978153984,
      18.835353076866966,
      21.377137269479714,
      22.436415370042575,
      21.46870038922005,
      17.929505337676638,
      24.684427864290612,
      32.906149174996486,
      41.48023838366506,
      50.08719383014824,
      58.40751385429802,
      66.12169679596632,
      72.91024099500508,
      78.45364479126627,
      82.43240652460184,
      84.52702453486368,
      84.41799716190381,
      81.78582274557412,
      76.31099962572658,
      67.67402614221314,
      55.55540063488577,
      39.63562144359638,
      19.59518690819693,
      19.72076675489629,
      20.35328868554579,
      20.644228304185315,
      20.66433419720157,
      20.484354950981253,
      20.175039151911058,
      19.807135386377695,
      19.45139224076786,
      19.178558301468264,
      19.05938215486561,
      19.164612387346587,
      19.564997585297906
    ],
    "dmag": [
      0.0723470002412796,
      0.06186399981379509,
      0.07368600368499756,
      0.06579200178384781,
      0.07755099982023239,
      0.07465299963951111,
      0.06936000287532806,
      0.08039499819278717,
      0.168722003698349,
      0.11835300177335739,
      0.11632200330495834,
      0.11748100072145462,
      0.17733900249004364,
      0.15074199438095093,
      0.19298599660396576,
      0.11748799681663513
    ],
    "goodstatus": true,
    "kernel": [
      5000.000000000004
    ],
    "mag": [
      18.100200653076172,
      17.747699737548828,
      18.129499435424805,
      17.87579917907715,
      17.90180015563965,
      17.828399658203125,
      17.69219970703125,
      17.9955997467041,
      19.635400772094727,
      18.83810043334961,
      18.795299530029297,
      18.82080078125,
      19.724599838256836,
      19.28689956665039,
      19.880599975585938,
      18.82069969177246
    ],
    "mjd": [
      56636.44140625,
      56636.48046875,
      56636.51953125,
      56636.55859375,
      56649.44140625,
      56649.48046875,
      56649.51953125,
      56649.55859375,
      56666.44140625,
      56666.48046875,
      56666.51953125,
      56666.55859375,
      56678.44140625,
      56678.48046875,
      56678.51953125,
      56678.55859375
    ],
    "modeldate": [
      56636.44140625,
      56637.44140625,
      56638.44140625,
      56639.44140625,
      56640.44140625,
      56641.44140625,
      56642.44140625,
      56643.44140625,
      56644.44140625,
      56645.44140625,
      56646.44140625,
      56647.44140625,
      56648.44140625,
      56649.44140625,
      56650.44140625,
      56651.44140625,
      56652.44140625,
      56653.44140625,
      56654.44140625,
      56655.44140625,
      56656.44140625,
      56657.44140625,
      56658.44140625,
      56659.44140625,
      56660.44140625,
      56661.44140625,
      56662.44140625,
      56663.44140625,
      56664.44140625,
      56665.44140625,
      56666.44140625,
      56667.44140625,
      56668.44140625,
      56669.44140625,
      56670.44140625,
      56671.44140625,
      56672.44140625,
      56673.44140625,
      56674.44140625,
      56675.44140625,
      56676.44140625,
      56677.44140625,
      56678.44140625
    ],
    "modelerr": [
      0.05490504998777577,
      0.5905450353027304,
      1.0416669972737105,
      1.339621478180858,
      1.5086054322922866,
      1.5699962088666688,
      1.542534025735101,
      1.4425523951384667,
      1.2844044999867377,
      1.0806810238084716,
      0.8426133022472547,
      0.5803513830548874,
      0.3035648890199641,
      0.04103886990127089,
      0.26969661339206036,
      0.5433348375233304,
      0.8020946617482436,
      1.0384473772523408,
      1.2457540880259041,
      1.4178643306400365,
      1.5491485841436885,
      1.6345974597552244,
      1.6699467171946065,
      1.6518564069194424,
      1.5781014317933815,
      1.4477394965292585,
      1.2613282913392194,
      1.0211762351917089,
      0.7316079461844069,
      0.39993781560094593,
      0.06801671933346035,
      0.37253843480437576,
      0.7732741058075088,
      1.169722551232895,
      1.5407857010230368,
      1.8632941735417252,
      2.1108646360481647,
      2.2536049679485757,
      2.2579459708602903,
      2.086497028186911,
      1.697992132027126,
      1.0474808491342353,
      0.11064931483756886
    ],
    "modelmag": [
      17.96429443359375,
      17.660736083984375,
      17.53203582763672,
      17.52789306640625,
      17.605133056640625,
      17.727127075195312,
      17.863460540771484,
      17.99002456665039,
      18.08810806274414,
      18.144573211669922,
      18.150970458984375,
      18.1036376953125,
      18.002792358398438,
      17.852298736572266,
      17.65941619873047,
      17.433670043945312,
      17.187171936035156,
      16.933513641357422,
      16.68726348876953,
      16.4639892578125,
      16.278846740722656,
      16.146881103515625,
      16.081905364990234,
      16.096370697021484,
      16.2005615234375,
      16.401912689208984,
      16.70500946044922,
      17.110637664794922,
      17.61534881591797,
      18.211158752441406,
      18.884918212890625,
      19.617855072021484,
      20.3851318359375,
      21.155426025390625,
      21.890701293945312,
      22.54566192626953,
      23.0675048828125,
      23.39539337158203,
      23.460617065429688,
      23.18585205078125,
      22.485328674316406,
      21.264434814453125,
      19.419464111328125
    ],
    "type": "Ia"
  }
}