{
  "C_Catalina Schmidt": {
    "bsplinemag": [
      18.790649978064597,
      18.91781999491823,
      17.98504241608395,
      16.301436886459452,
      14.176123050942433,
      11.91822055443059,
      9.836849041821619,
      8.241128158013217,
      7.440177547903083,
      7.743116856388911,
      9.459065728368396,
      12.897143808739242,
      18.366470742399137,
      13.577343773106913,
      11.87036574222449,
      13.605607052688445,
      18.350971495778527,
      18.60322216935389,
      18.43501876542748,
      18.109478741541793,
      17.65440884324223,
      17.097615816074168,
      16.46690640558298,
      15.790087357314045,
      15.094965416812753,
      14.409347329624486,
      13.76103984129461,
      13.177849697368515,
      12.68758364339158,
      12.318048424909186,
      12.097050787466712,
      12.052397476609539,
      12.211895237883045,
      12.603350816832618,
      13.254570959003628,
      14.19336240994146,
      15.447531915191494,
      17.044886220299112,
      19.013232070809696
    ],
    "dmag": [
      0.09395500272512436,
      0.08959600329399109,
      0.09780599921941757,
      0.07909300178289413,
      0.09229200333356857,
      0.08468899875879288,
      0.07775700092315674,
      0.0788009986281395,
      0.09631100296974182,
      0.08754199743270874,
      0.09208200126886368,
      0.12036900222301483,
      0.12518399953842163
    ],
    "goodstatus": false,
    "kernel": [
      5000.000000000004
    ],
    "mag": [
      18.85140037536621,
      18.73579978942871,
      18.90410041809082,
      18.330299377441406,
      18.675399780273438,
      18.484600067138672,
      18.293800354003906,
      18.29680061340332,
      18.724899291992188,
      18.50790023803711,
      18.61039924621582,
      19.1835994720459,
      19.26930046081543
    ],
    "mjd": [
      56412.44140625,
      56412.48046875,
      56412.55859375,
      56424.44140625,
      56424.48046875,
      56424.51953125,
      56424.55859375,
      56428.44140625,
      56428.48046875,
      56428.51953125,
      56428.55859375,
      56450.51953125,
      56450.55859375
    ],
    "modeldate": [
      56412.44140625,
      56413.44140625,
      56414.44140625,
      56415.44140625,
      56416.44140625,
      56417.44140625,
      56418.44140625,
      56419.44140625,
      56420.44140625,
      56421.44140625,
      56422.44140625,
      56423.44140625,
      56424.44140625,
      56425.44140625,
      56426.44140625,
      56427.44140625,
      56428.44140625,
      56429.44140625,
      56430.44140625,
      56431.44140625,
      56432.44140625,
      56433.44140625,
      56434.44140625,
      56435.44140625,
      56436.44140625,
      56437.44140625,
      56438.44140625,
      56439.44140625,
      56440.44140625,
      56441.44140625,
      56442.44140625,
      56443.44140625,
      56444.44140625,
      56445.44140625,
      56446.44140625,
      56447.44140625,
      56448.44140625,
      56449.44140625,
      56450.44140625
    ],
    "modelerr": [
      0.07035656713702454,
      0.7185293771237158,
      1.2129505775365057,
      1.4881402697334494,
      1.5864225500842364,
      1.546955145098676,
      1.4055165391381104,
      1.1945744648233767,
      0.9434015805614333,
      0.6781845136975192,
      0.4222523449865965,
      0.19689422997912423,
      0.04282980910075857,
      0.11747604450574102,
      0.16398400745105307,
      0.13308329184063142,
      0.0442534767983289,
      0.20910298911922265,
      0.5081795173105316,
      0.8985534593135707,
      1.37392348716957,
      1.926353137543182,
      2.5452277350317885,
      3.2169874976724206,
      3.925102334601885,
      4.649881244496589,
      5.368428804428401,
      6.054498839361628,
      6.6784140281984135,
      7.206925818853235,
      7.603114064840221,
      7.826264699066986,
      7.831741289588457,
      7.570894579166409,
      6.990933370801714,
      6.034833959967535,
      4.641280824706325,
      2.7447314512149146,
      0.28602613732473847
    ],
    "modelmag": [
      18.79533576965332,
      19.29808235168457,
      19.60405158996582,
      19.74925422668457,
      19.767045974731445,
      19.68797492980957,
      19.54026985168457,
      19.348955154418945,
      19.136491775512695,
      18.92277717590332,
      18.72484016418457,
      18.557268142700195,
      18.431840896606445,
      18.35807991027832,
      18.34282112121582,
      18.39042854309082,
      18.503190994262695,
      18.68095588684082,
      18.921586990356445,
      19.220598220825195,
      19.57206916809082,
      19.967607498168945,
      20.397661209106445,
      20.850847244262695,
      21.31419563293457,
      21.773576736450195,
      22.213640213012695,
      22.61802864074707,
      22.96916389465332,
      23.24901008605957,
      23.43882942199707,
      23.51921272277832,
      23.470537185668945,
      23.27293586730957,
      22.906450271606445,
      22.35118293762207,
      21.58763313293457,
      20.596452713012695,
      19.35875129699707
    ],
    "type": "Ia"
  }
}