{
  "C_Catalina Schmidt": {
    "dmag": [
      0.09395500272512436, 
      0.08959600329399109, 
      0.09780599921941757, 
      0.07909300178289413, 
      0.09229200333356857, 
      0.08468899875879288, 
      0.07775700092315674, 
      0.0788009986281395, 
      0.09631100296974182, 
      0.08754199743270874, 
      0.09208200126886368, 
      0.12036900222301483, 
      0.12518399953842163
    ], 
    "goodstatus": true, 
    "kernel": [
      1.0000010000005, 
      499999.99999999971, 
      1.0000000001
    ], 
    "mag": [
      18.85140037536621, 
      18.73579978942871, 
      18.90410041809082, 
      18.330299377441406, 
      18.675399780273438, 
      18.484600067138672, 
      18.293800354003906, 
      18.29680061340332, 
      18.724899291992188, 
      18.50790023803711, 
      18.61039924621582, 
      19.1835994720459, 
      19.26930046081543
    ], 
    "mjd": [
      56412.44140625, 
      56412.48046875, 
      56412.55859375, 
      56424.44140625, 
      56424.48046875, 
      56424.51953125, 
      56424.55859375, 
      56428.44140625, 
      56428.48046875, 
      56428.51953125, 
      56428.55859375, 
      56450.51953125, 
      56450.55859375
    ], 
    "modeldate": [
      56412.44140625, 
      56413.44140625, 
      56414.44140625, 
      56415.44140625, 
      56416.44140625, 
      56417.44140625, 
      56418.44140625, 
      56419.44140625, 
      56420.44140625, 
      56421.44140625, 
      56422.44140625, 
      56423.44140625, 
      56424.44140625, 
      56425.44140625, 
      56426.44140625, 
      56427.44140625, 
      56428.44140625, 
      56429.44140625, 
      56430.44140625, 
      56431.44140625, 
      56432.44140625, 
      56433.44140625, 
      56434.44140625, 
      56435.44140625, 
      56436.44140625, 
      56437.44140625, 
      56438.44140625, 
      56439.44140625, 
      56440.44140625, 
      56441.44140625, 
      56442.44140625, 
      56443.44140625, 
      56444.44140625, 
      56445.44140625, 
      56446.44140625, 
      56447.44140625, 
      56448.44140625, 
      56449.44140625, 
      56450.44140625
    ], 
    "modelerr": [
      0.0935726695576707, 
      1.0355556358336926, 
      1.0355324410371263, 
      1.0355110291162757, 
      1.0354914004372038, 
      1.0354735553354832, 
      1.0354574941161827, 
      1.035443217053854, 
      1.0354307243925214, 
      1.035420016345673, 
      1.0354110930962515, 
      1.035403954796646, 
      0.07886442196952248, 
      1.0353950335036448, 
      1.0353932506622165, 
      1.035393253074534, 
      0.07857493221292632, 
      1.0353986136280742, 
      1.0354039716767058, 
      1.035411114793904, 
      1.035420042856958, 
      1.0354307557125981, 
      1.035443253177003, 
      1.0354575350358055, 
      1.0354736010441021, 
      1.0354914509264628, 
      1.035511084376941, 
      1.0355325010590872, 
      1.0355557006059612, 
      1.0355806826201468, 
      1.0356074466737684, 
      1.0356359923085068, 
      1.0356663190356183, 
      1.0356984263359545, 
      1.0357323136599812, 
      1.0357679804278017, 
      1.0358054260291796, 
      1.0358446498235625, 
      1.0358856511401076
    ], 
    "modelmag": [
      18.851122236262476, 
      18.753372752243717, 
      18.73619533466809, 
      18.70532640089709, 
      18.668518825991917, 
      18.62942941069879, 
      18.58960399921868, 
      18.550220400975785, 
      18.512590743407017, 
      18.478949757609968, 
      18.45270807683183, 
      18.44581155698804, 
      18.331501760298373, 
      18.28537916676255, 
      18.27606004553764, 
      18.306893968145513, 
      18.298172786866044, 
      18.557698292147208, 
      18.592873590088658, 
      18.625587543268146, 
      18.656923725868655, 
      18.686859880689227, 
      18.71614127548522, 
      18.74491648924908, 
      18.773262310778875, 
      18.801484483822406, 
      18.8296570678424, 
      18.85781267213476, 
      18.886148810047604, 
      18.914621247173585, 
      18.943349698795437, 
      18.972545178496322, 
      19.001994349332723, 
      19.032466513083897, 
      19.063392537755938, 
      19.09607540638225, 
      19.130745288403702, 
      19.168710793812526, 
      19.226071906777012
    ]
  }
}