{
  "C_Catalina Schmidt": {
    "bsplinemag": [
      18.209607459743978,
      21.951482007099212,
      26.02958525438685,
      29.97462223068383,
      33.7551264949129,
      37.33963160599677,
      40.69667112285818,
      43.794778604419854,
      46.60248760960451,
      49.08833169733489,
      51.220844426533695,
      52.96855935612369,
      54.300010045027584,
      55.18373005216811,
      55.58825293646798,
      55.48211225684995,
      54.8338415722367,
      53.61197444155101,
      51.78504442371556,
      49.32158507765313,
      46.190129962286406,
      42.35921263653813,
      37.79736665933103,
      32.47312558958782,
      26.355022986231262,
      19.411592408184053,
      18.666359905361233,
      16.84951756994515,
      13.645509783854123,
      9.37799718024636,
      4.370640392280044,
      -1.0528999468866282,
      -6.568963204095466,
      -11.853888746188284,
      -16.58401594000687,
      -20.43568415239305,
      -23.08523275018863,
      -24.20900110023541,
      -23.4833285693752,
      -20.584554524449807,
      -15.189018332301035,
      -6.973059359770698,
      4.3869830262994025,
      19.21476945906745
    ],
    "dmag": [
      0.07240399718284607,
      0.06625299900770187,
      0.07117900252342224,
      0.07288499921560287,
      0.1233230009675026,
      0.1123649999499321,
      0.09080299735069275,
      0.09955199807882309,
      0.1162320002913475,
      0.15599699318408966
    ],
    "goodstatus": false,
    "kernel": [
      5000.000000000004
    ],
    "mag": [
      18.22439956665039,
      18.01810073852539,
      18.18600082397461,
      18.237300872802734,
      19.425500869750977,
      19.21380043029785,
      18.74530029296875,
      18.948200225830078,
      19.214500427246094,
      19.869300842285156
    ],
    "mjd": [
      56368.44140625,
      56368.48046875,
      56368.51953125,
      56368.55859375,
      56393.44140625,
      56393.48046875,
      56393.51953125,
      56393.55859375,
      56411.44140625,
      56411.48046875
    ],
    "modeldate": [
      56368.44140625,
      56369.44140625,
      56370.44140625,
      56371.44140625,
      56372.44140625,
      56373.44140625,
      56374.44140625,
      56375.44140625,
      56376.44140625,
      56377.44140625,
      56378.44140625,
      56379.44140625,
      56380.44140625,
      56381.44140625,
      56382.44140625,
      56383.44140625,
      56384.44140625,
      56385.44140625,
      56386.44140625,
      56387.44140625,
      56388.44140625,
      56389.44140625,
      56390.44140625,
      56391.44140625,
      56392.44140625,
      56393.44140625,
      56394.44140625,
      56395.44140625,
      56396.44140625,
      56397.44140625,
      56398.44140625,
      56399.44140625,
      56400.44140625,
      56401.44140625,
      56402.44140625,
      56403.44140625,
      56404.44140625,
      56405.44140625,
      56406.44140625,
      56407.44140625,
      56408.44140625,
      56409.44140625,
      56410.44140625,
      56411.44140625
    ],
    "modelerr": [
      0.05925731037608619,
      0.7181191370951312,
      1.389083007386496,
      2.015584664347805,
      2.625763010213074,
      3.2298624007025323,
      3.824986631083344,
      4.400017625600018,
      4.939902722949201,
      5.428421333934106,
      5.849989349812,
      6.1906820649892085,
      6.438728918901227,
      6.584789533560959,
      6.621972669931582,
      6.545851379343755,
      6.354291791674078,
      6.0473756804664465,
      5.627237383605,
      5.09792540559486,
      4.4652859259426085,
      3.7368363445073567,
      2.9216934392485463,
      2.030506291323123,
      1.0756316170275566,
      0.08598187774630914,
      0.9746788474111975,
      2.034634162579875,
      3.0960641548153394,
      4.138790083921224,
      5.141087519932311,
      6.079282361141754,
      6.927511705810613,
      7.657518678767544,
      8.238407805091612,
      8.636420111494353,
      8.814683386687808,
      8.73294132046875,
      8.347355952772274,
      7.610190283242316,
      6.4696561022106565,
      4.869654194188514,
      2.749839864750091,
      0.10224800581724572
    ],
    "modelmag": [
      18.125652313232422,
      19.050785064697266,
      20.62527847290039,
      22.710689544677734,
      25.174968719482422,
      27.89303970336914,
      30.747150421142578,
      33.62727737426758,
      36.43168258666992,
      39.06696701049805,
      41.44870376586914,
      43.501590728759766,
      45.159786224365234,
      46.36716842651367,
      47.077571868896484,
      47.25503921508789,
      46.87393569946289,
      45.9192008972168,
      44.38626480102539,
      42.28140640258789,
      39.6216926574707,
      36.43490219116211,
      32.7597541809082,
      28.645610809326172,
      24.152812957763672,
      19.352054595947266,
      14.324703216552734,
      9.16250991821289,
      3.9672813415527344,
      -1.1491279602050781,
      -6.065120697021484,
      -10.649677276611328,
      -14.762653350830078,
      -18.255084991455078,
      -20.96945571899414,
      -22.740291595458984,
      -23.394298553466797,
      -22.751056671142578,
      -20.623233795166016,
      -16.817241668701172,
      -11.133625030517578,
      -3.3676414489746094,
      6.690303802490234,
      19.253963470458984
    ]
  }
}