{
  "C_Catalina Schmidt": {
    "bsplinemag": [
      16.83965925073598,
      15.519832185038448,
      14.26062611979352,
      13.05235857719053,
      11.909767535355021,
      10.84759097241252,
      9.880566866488563,
      9.023433195708687,
      8.290927938198426,
      7.697789072083313,
      7.258754575488883,
      6.988562426540674,
      6.901950603364217,
      7.013657084085047,
      7.338419846828697,
      7.890976869720707,
      8.686066130886605,
      9.738425608451932,
      11.062793280542218,
      12.673907125282996,
      14.586505120799808,
      16.815325245218183,
      22.084364084666326,
      25.97245210217756,
      27.869370220732378,
      27.99821130542645,
      26.58206822135543,
      23.844033833614972,
      20.007201007300747,
      15.294662607508378,
      9.929511499333557,
      4.13484054787193,
      -1.8662573817808563,
      -7.850689424529138,
      -13.59536271527726,
      -18.87718438892955,
      -23.47306158039038,
      -27.15990142456407,
      -29.714611056354993,
      -30.91409761066744,
      -30.5352682224058,
      -28.355030026474406,
      -24.150290157777583,
      -17.697955751219702,
      -8.774933941705083,
      2.8418681358619136,
      17.375543346576954
    ],
    "dmag": [
      0.03866399824619293,
      0.03317100182175636,
      0.035760000348091125,
      0.03551099821925163,
      0.037891000509262085,
      0.0394739992916584,
      0.03471599891781807,
      0.03856699913740158,
      0.04885200038552284,
      0.06300000101327896,
      0.05247100070118904,
      0.04846300184726715
    ],
    "goodstatus": false,
    "kernel": [
      207.30427150619545
    ],
    "mag": [
      16.842500686645508,
      16.508100509643555,
      16.672000885009766,
      16.65679931640625,
      16.798500061035156,
      16.88800048828125,
      16.60740089416504,
      16.837099075317383,
      17.354000091552734,
      17.910900115966797,
      17.510299682617188,
      17.33639907836914
    ],
    "mjd": [
      57019.44140625,
      57019.48046875,
      57019.51953125,
      57019.55859375,
      57040.44140625,
      57040.48046875,
      57040.51953125,
      57040.55859375,
      57065.44140625,
      57065.48046875,
      57065.51953125,
      57065.55859375
    ],
    "modeldate": [
      57019.44140625,
      57020.44140625,
      57021.44140625,
      57022.44140625,
      57023.44140625,
      57024.44140625,
      57025.44140625,
      57026.44140625,
      57027.44140625,
      57028.44140625,
      57029.44140625,
      57030.44140625,
      57031.44140625,
      57032.44140625,
      57033.44140625,
      57034.44140625,
      57035.44140625,
      57036.44140625,
      57037.44140625,
      57038.44140625,
      57039.44140625,
      57040.44140625,
      57041.44140625,
      57042.44140625,
      57043.44140625,
      57044.44140625,
      57045.44140625,
      57046.44140625,
      57047.44140625,
      57048.44140625,
      57049.44140625,
      57050.44140625,
      57051.44140625,
      57052.44140625,
      57053.44140625,
      57054.44140625,
      57055.44140625,
      57056.44140625,
      57057.44140625,
      57058.44140625,
      57059.44140625,
      57060.44140625,
      57061.44140625,
      57062.44140625,
      57063.44140625,
      57064.44140625,
      57065.44140625
    ],
    "modelerr": [
      0.03706437444208661,
      9.105246994087187,
      35.29777871537432,
      74.1381799517799,
      121.97836705029077,
      175.2355558970403,
      230.0199894200475,
      282.1351198182291,
      327.3408952968185,
      361.74742390691466,
      382.22590000568846,
      386.7571949015222,
      374.66944100365555,
      346.74174156338205,
      305.17008566950716,
      253.40629954354642,
      195.89067865708563,
      137.70569220456642,
      84.18088577727568,
      40.480660565908444,
      11.204166550149818,
      0.03554741156875253,
      9.392392187405969,
      40.31852245441045,
      92.25719243210392,
      163.0934153997611,
      249.24216587568878,
      345.8558378815546,
      447.13152711000447,
      546.701421692334,
      638.0827019073776,
      715.1560525358401,
      772.6370400921081,
      806.501096941704,
      814.3230932200921,
      795.4960890733164,
      751.3011970818558,
      684.8129001977295,
      600.6389610970264,
      504.51433975503545,
      402.7916268787711,
      301.8975199929857,
      207.85437558569467,
      125.99162001785662,
      60.979873987632566,
      17.284407232403122,
      0.047626823971080263
    ],
    "modelmag": [
      16.8031005859375,
      61.56260681152344,
      195.44293212890625,
      393.2874298095703,
      628.1862182617188,
      873.278923034668,
      1103.5371627807617,
      1297.393222808838,
      1438.0943031311035,
      1514.6725311279297,
      1522.4578018188477,
      1463.0872077941895,
      1344.0116577148438,
      1177.5372009277344,
      979.4818115234375,
      767.5598297119141,
      559.6327819824219,
      371.9804992675781,
      217.74368286132812,
      105.68121337890625,
      39.35577392578125,
      16.82904052734375,
      30.89886474609375,
      69.86572265625,
      118.76339721679688,
      160.94900512695312,
      179.90567016601562,
      161.09054565429688,
      93.65341186523438,
      -28.150665283203125,
      -203.99795532226562,
      -427.102783203125,
      -684.4544067382812,
      -957.7037048339844,
      -1224.6498413085938,
      -1461.2335815429688,
      -1643.8861694335938,
      -1752.0555114746094,
      -1770.7016906738281,
      -1692.5545654296875,
      -1519.9319763183594,
      -1265.9516906738281,
      -955.006103515625,
      -622.4281616210938,
      -313.329345703125,
      -80.65948486328125,
      17.4090576171875
    ],
    "type": "II P"
  }
}