{
  "C_Catalina Schmidt": {
    "bsplinemag": [
      18.18989320775545,
      20.04173034130013,
      21.524478935186487,
      22.666636979717662,
      23.496702465196787,
      24.043173381926998,
      24.334547720211432,
      24.399323470353213,
      24.265998622655484,
      23.963071167421393,
      23.519039094954042,
      22.962400395556596,
      22.321653059532185,
      21.625295077183928,
      20.901824438814977,
      20.17973913472846,
      19.48753715522751,
      18.853716490615266,
      18.302472109758877,
      17.83622290104744,
      17.450515435066386,
      17.14089366344946,
      16.902901537830427,
      16.73208300984303,
      16.62398203112102,
      16.57414255329814,
      16.578108528008155,
      16.631423906884805,
      16.72963264156184,
      16.868278683673015,
      17.042905984852077,
      17.249058496732772,
      17.48228017094886,
      17.738114959134087,
      18.012106812922205,
      18.299799683946958,
      18.5967375238421,
      18.898464284241385,
      19.20052391677855,
      19.497493292105887,
      19.77843596747958,
      20.03046464061261,
      20.240689747172674,
      20.396221722827494,
      20.484171003244782,
      20.491648024092235,
      20.40576322103757,
      20.2136270297485,
      19.902349885892733,
      19.459042225137978,
      19.161871216595127,
      19.32147899739487,
      19.860915567745874,
      20.70202239000307,
      21.766640926521394,
      22.976612639655787,
      24.253778991761184,
      25.51998144519252,
      26.697061462304724,
      27.70686050545273,
      28.471220036991493,
      28.911981519275926,
      28.950986414660985,
      28.510076185501585,
      27.51109229415267,
      25.875876202969188,
      23.526269374306057,
      20.384113270518228,
      17.093707679256806,
      14.62499498012738,
      13.030638429683288,
      12.357829070220356,
      12.653757944034421,
      13.965616093421303,
      16.340594560676834,
      19.82588438809685
    ],
    "dmag": [
      0.07255300134420395,
      0.07770299911499023,
      0.07617200165987015,
      0.08117199689149857,
      0.09480900317430496,
      0.09604199975728989,
      0.08977200090885162,
      0.09866400063037872,
      0.12895900011062622,
      0.11385899782180786,
      0.11607299745082855,
      0.12025299668312073,
      0.13856199383735657,
      0.1273999959230423,
      0.11634500324726105,
      0.13287599384784698,
      0.21383599936962128,
      0.2078150063753128,
      0.15664400160312653,
      0.18018899857997894,
      0.16255000233650208,
      0.1746709942817688,
      0.2061309963464737
    ],
    "goodstatus": true,
    "kernel": [
      5000.000000000004
    ],
    "mag": [
      18.159400939941406,
      18.330400466918945,
      18.30620002746582,
      18.4468994140625,
      18.825599670410156,
      18.858400344848633,
      18.7096004486084,
      18.90369987487793,
      19.29360008239746,
      19.161300659179688,
      19.159500122070312,
      19.280099868774414,
      19.612600326538086,
      19.427400588989258,
      19.22570037841797,
      19.522499084472656,
      20.510400772094727,
      20.439699172973633,
      19.80739974975586,
      20.116500854492188,
      19.872800827026367,
      20.030899047851562,
      20.395599365234375
    ],
    "mjd": [
      56383.44140625,
      56383.48046875,
      56383.51953125,
      56383.55859375,
      56400.44140625,
      56400.48046875,
      56400.51953125,
      56400.55859375,
      56421.44140625,
      56421.48046875,
      56421.51953125,
      56421.55859375,
      56432.44140625,
      56432.48046875,
      56432.51953125,
      56432.55859375,
      56450.44140625,
      56450.48046875,
      56450.51953125,
      56450.55859375,
      56458.44140625,
      56458.51953125,
      56458.55859375
    ],
    "modeldate": [
      56383.44140625,
      56384.44140625,
      56385.44140625,
      56386.44140625,
      56387.44140625,
      56388.44140625,
      56389.44140625,
      56390.44140625,
      56391.44140625,
      56392.44140625,
      56393.44140625,
      56394.44140625,
      56395.44140625,
      56396.44140625,
      56397.44140625,
      56398.44140625,
      56399.44140625,
      56400.44140625,
      56401.44140625,
      56402.44140625,
      56403.44140625,
      56404.44140625,
      56405.44140625,
      56406.44140625,
      56407.44140625,
      56408.44140625,
      56409.44140625,
      56410.44140625,
      56411.44140625,
      56412.44140625,
      56413.44140625,
      56414.44140625,
      56415.44140625,
      56416.44140625,
      56417.44140625,
      56418.44140625,
      56419.44140625,
      56420.44140625,
      56421.44140625,
      56422.44140625,
      56423.44140625,
      56424.44140625,
      56425.44140625,
      56426.44140625,
      56427.44140625,
      56428.44140625,
      56429.44140625,
      56430.44140625,
      56431.44140625,
      56432.44140625,
      56433.44140625,
      56434.44140625,
      56435.44140625,
      56436.44140625,
      56437.44140625,
      56438.44140625,
      56439.44140625,
      56440.44140625,
      56441.44140625,
      56442.44140625,
      56443.44140625,
      56444.44140625,
      56445.44140625,
      56446.44140625,
      56447.44140625,
      56448.44140625,
      56449.44140625,
      56450.44140625,
      56451.44140625,
      56452.44140625,
      56453.44140625,
      56454.44140625,
      56455.44140625,
      56456.44140625,
      56457.44140625,
      56458.44140625
    ],
    "modelerr": [
      0.05906790572360142,
      0.6753478672664104,
      1.2135261676546243,
      1.595814284301425,
      1.8443097057050535,
      1.9794331689061937,
      2.019873112385211,
      1.982606234692618,
      1.8830107905017421,
      1.734903478438582,
      1.5506557923119073,
      1.341237758214426,
      1.1163027801509124,
      0.8843203470441517,
      0.6525944211028699,
      0.42753701033084457,
      0.21551962226341806,
      0.048602996633317595,
      0.17592631817749793,
      0.33220353985851997,
      0.46780146950845247,
      0.580146348839478,
      0.6685920172212224,
      0.7332508329743767,
      0.7748006502762224,
      0.7943779211343259,
      0.7935124680153123,
      0.7740509990874196,
      0.7381120114390932,
      0.6880217219849208,
      0.6262537778333064,
      0.5553876729133633,
      0.47807098282998045,
      0.3969819653159735,
      0.31482745334296686,
      0.234411618233174,
      0.1590882957541103,
      0.0947265625,
      0.06000497797342981,
      0.07836571801813627,
      0.11514537413130364,
      0.1474609375,
      0.17002146641453264,
      0.18124642204173214,
      0.18072871520529288,
      0.1687518649528023,
      0.1463215240602705,
      0.11558350514401677,
      0.08204868676287097,
      0.06383985582034243,
      0.08764342406304161,
      0.13861340646790526,
      0.19841649702765293,
      0.26012332925622,
      0.31990956339825494,
      0.3747564160470214,
      0.4219784080079823,
      0.459128239587768,
      0.4839953503661222,
      0.49471011911949864,
      0.4898008580266899,
      0.4683189953728142,
      0.42997038805821686,
      0.37530124008986204,
      0.30599226713694483,
      0.22566096391708143,
      0.14323379046750614,
      0.09282995811184488,
      0.13408633431505548,
      0.2147782659435738,
      0.29033976678330037,
      0.34326970618818586,
      0.3595169450482904,
      0.32472575427693234,
      0.2259745367778694,
      0.1027620343588351
    ],