{
  "C_Catalina Schmidt": {
    "bsplinemag": [
      19.396765629276782,
      17.830922220307237,
      18.206778040272596,
      19.536773117973127,
      20.833386010190345,
      21.109095273705762,
      19.376379465300886,
      16.269110924959993,
      13.574947644683094,
      11.286157945189244,
      9.38348554968687,
      7.847674181384386,
      6.6594675634902245,
      5.799609419212795,
      5.248843471760521,
      4.987913444341821,
      4.997563060165116,
      5.258536042438826,
      5.751576114371372,
      6.457426999171169,
      7.3568324200466435,
      8.430536100206211,
      9.659281762858294,
      11.023813131211313,
      12.504873928473682,
      14.083207877853825,
      15.739558702560167,
      17.45467012580112,
      19.209285870785106,
      20.82040932315342,
      22.077661262742428,
      23.007620333689644,
      23.63819307480522,
      23.997286024899317,
      24.112805722782078,
      24.012658707263668,
      23.72475151715423,
      23.27699069126391,
      22.697282768402868,
      22.01353428738127,
      21.253651787009254,
      20.445541806096973,
      19.61711088345458,
      18.796265557892237,
      18.010912368220094,
      17.28895785324829,
      16.658308551787,
      16.146871002646357,
      15.782551744636528,
      15.593257316567664,
      15.606894257249909,
      15.851369105493422,
      16.354588400108355,
      17.144458679904858,
      18.24888648369309,
      19.6957783502832,
      21.48980111992229,
      23.531094423788662,
      25.690422900189564,
      27.83854962635221,
      29.846237679503798,
      31.584250136871542,
      32.92335007568265,
      33.73430057316433,
      33.88786470654378,
      33.25480555304822,
      31.705886189904845,
      29.11186969434088,
      25.34351914358352,
      20.27159761485997
    ],
    "dmag": [
      0.13261699676513672,
      0.12471500039100647,
      0.12601199746131897,
      0.11103600263595581,
      0.12769000232219696,
      0.12525999546051025,
      0.12488400191068649,
      0.10247199982404709,
      0.11613299697637558,
      0.11052100360393524,
      0.13414600491523743,
      0.11949200183153152,
      0.14871899783611298,
      0.1546580046415329,
      0.15015099942684174,
      0.14892500638961792,
      0.18939000368118286,
      0.14419299364089966
    ],
    "goodstatus": false,
    "kernel": [
      5000.000000000004
    ],
    "mag": [
      19.404199600219727,
      19.26759910583496,
      19.289199829101562,
      19.006099700927734,
      19.35449981689453,
      19.31100082397461,
      19.299999237060547,
      18.861299514770508,
      19.262800216674805,
      19.150400161743164,
      19.577499389648438,
      19.326499938964844,
      19.770299911499023,
      19.85300064086914,
      19.78499984741211,
      19.765399932861328,
      20.14299964904785,
      19.53019905090332
    ],
    "mjd": [
      56032.44140625,
      56032.48046875,
      56032.51953125,
      56032.55859375,
      56038.44140625,
      56038.48046875,
      56038.51953125,
      56038.55859375,
      56060.44140625,
      56060.48046875,
      56060.51953125,
      56060.55859375,
      56087.44140625,
      56087.48046875,
      56087.51953125,
      56087.55859375,
      56101.48046875,
      56101.55859375
    ],
    "modeldate": [
      56032.44140625,
      56033.44140625,
      56034.44140625,
      56035.44140625,
      56036.44140625,
      56037.44140625,
      56038.44140625,
      56039.44140625,
      56040.44140625,
      56041.44140625,
      56042.44140625,
      56043.44140625,
      56044.44140625,
      56045.44140625,
      56046.44140625,
      56047.44140625,
      56048.44140625,
      56049.44140625,
      56050.44140625,
      56051.44140625,
      56052.44140625,
      56053.44140625,
      56054.44140625,
      56055.44140625,
      56056.44140625,
      56057.44140625,
      56058.44140625,
      56059.44140625,
      56060.44140625,
      56061.44140625,
      56062.44140625,
      56063.44140625,
      56064.44140625,
      56065.44140625,
      56066.44140625,
      56067.44140625,
      56068.44140625,
      56069.44140625,
      56070.44140625,
      56071.44140625,
      56072.44140625,
      56073.44140625,
      56074.44140625,
      56075.44140625,
      56076.44140625,
      56077.44140625,
      56078.44140625,
      56079.44140625,
      56080.44140625,
      56081.44140625,
      56082.44140625,
      56083.44140625,
      56084.44140625,
      56085.44140625,
      56086.44140625,
      56087.44140625,
      56088.44140625,
      56089.44140625,
      56090.44140625,
      56091.44140625,
      56092.44140625,
      56093.44140625,
      56094.44140625,
      56095.44140625,
      56096.44140625,
      56097.44140625,
      56098.44140625,
      56099.44140625,
      56100.44140625,
      56101.44140625
    ],
    "modelerr": [
      0.0736220617566156,
      0.45428581191522005,
      0.6971237080934677,
      0.738429140486763,
      0.617392204234956,
      0.3711040294628903,
      0.06403003893666213,
      0.3870718528816231,
      0.8297049367907906,
      1.2893452652106583,
      1.7446042391946706,
      2.1779294598017995,
      2.5746226247158024,
      2.922532930604675,
      3.211903521902361,
      3.4352100721198267,
      3.5869905010317753,
      3.6637162490274067,
      3.6636309989831406,
      3.58660410417592,
      3.4339882685839176,
      3.20848045176953,
      2.9139812550200377,
      2.5554628274744595,
      2.138837973358837,
      1.67085134951549,
      1.1590213040754607,
      0.6119514188495542,
      0.06803424354453964,
      0.56561181490373,
      1.169415142893328,
      1.7754372232866436,
      2.3737840049200263,
      2.955328225433504,
      3.5112184161744713,
      4.032927230745979,
      4.512265074048756,
      4.941513940896673,
      5.313462966708047,
      5.621516950739686,
      5.859763211423429,
      6.0230595609888935,
      6.107099260447068,
      6.108486959790227,
      6.024841382483197,
      5.854844765629082,
      5.598342757577204,
      5.256408277162915,
      4.831441980571981,
      4.327245354347263,
      3.7491054103640833,
      3.103924829334771,
      2.400273319416781,
      1.6486042534973815,
      0.8618378460948589,
      0.0893701426646637,
      0.7717772881441363,
      1.5737196365348192,
      2.3439337086205563,
      3.0584965443176135,
      3.6918069934797124,
      4.215807192112431,
      4.599785505352555,
      4.810248851643747,
      4.810825056426523,
      4.562132885938728,
      4.021728745345123,
      3.1440319351971913,
      1.8807355259636658,
      0.20804677965403373
    ],