{
  "C_Catalina Schmidt": {
    "dmag": [
      0.06832700222730637, 
      0.061517998576164246, 
      0.06404399871826172, 
      0.06245899945497513, 
      0.0689539983868599, 
      0.06741400063037872, 
      0.06506499648094177, 
      0.06603199988603592, 
      0.07632400095462799, 
      0.07545699924230576, 
      0.07945100218057632, 
      0.08065500110387802, 
      0.08807799965143204, 
      0.08968900144100189, 
      0.08126600086688995, 
      0.08517099916934967
    ], 
    "goodstatus": true, 
    "kernel": [
      1.0000010000005, 
      499999.99999999971, 
      1.0000000001
    ], 
    "mag": [
      17.98979949951172, 
      17.758699417114258, 
      17.84440040588379, 
      17.79290008544922, 
      17.96179962158203, 
      17.91550064086914, 
      17.829299926757812, 
      17.867300033569336, 
      18.149599075317383, 
      18.12299919128418, 
      18.235599517822266, 
      18.266700744628906, 
      18.4512996673584, 
      18.48979949951172, 
      18.271799087524414, 
      18.37470054626465
    ], 
    "mjd": [
      56429.44140625, 
      56429.48046875, 
      56429.51953125, 
      56429.55859375, 
      56443.44140625, 
      56443.48046875, 
      56443.51953125, 
      56443.55859375, 
      56451.44140625, 
      56451.48046875, 
      56451.51953125, 
      56451.55859375, 
      56458.44140625, 
      56458.48046875, 
      56458.51953125, 
      56458.55859375
    ], 
    "modeldate": [
      56429.44140625, 
      56430.44140625, 
      56431.44140625, 
      56432.44140625, 
      56433.44140625, 
      56434.44140625, 
      56435.44140625, 
      56436.44140625, 
      56437.44140625, 
      56438.44140625, 
      56439.44140625, 
      56440.44140625, 
      56441.44140625, 
      56442.44140625, 
      56443.44140625, 
      56444.44140625, 
      56445.44140625, 
      56446.44140625, 
      56447.44140625, 
      56448.44140625, 
      56449.44140625, 
      56450.44140625, 
      56451.44140625, 
      56452.44140625, 
      56453.44140625, 
      56454.44140625, 
      56455.44140625, 
      56456.44140625, 
      56457.44140625, 
      56458.44140625
    ], 
    "modelerr": [
      0.06817750883763092, 
      1.0293591898543, 
      1.0293322646587098, 
      1.0293071570928627, 
      1.0292838675899332, 
      1.0292623965517849, 
      1.0292427443489538, 
      1.0292249113206324, 
      1.0292088977746578, 
      1.0291947039874971, 
      1.029182330204238, 
      1.0291717766385782, 
      1.0291630434728172, 
      1.0291561308578476, 
      0.06880028156035056, 
      1.0291477677267926, 
      1.029146317355416, 
      1.029146687824243, 
      1.0291488791270713, 
      1.029152891226276, 
      1.0291587240528097, 
      1.0291663775062057, 
      0.07611570634249808, 
      1.0291871457346493, 
      1.0292002601517116, 
      1.02921519447968, 
      1.0292319484610781, 
      1.0292505218070547, 
      1.029270914197394, 
      0.0877584042042389
    ], 
    "modelmag": [
      17.989797976499833, 
      17.820253007512598, 
      17.826101002416596, 
      17.834569247452645, 
      17.844396087738275, 
      17.85483025617537, 
      17.86557504623278, 
      17.87649972808731, 
      17.88746568711839, 
      17.89831334221949, 
      17.908931589895467, 
      17.91907544645519, 
      17.928087901196218, 
      17.93431795733984, 
      17.961610442674157, 
      17.889977175758016, 
      17.93029922655151, 
      17.968128422644646, 
      18.004629051709387, 
      18.04022887264192, 
      18.074789992046828, 
      18.107545000847054, 
      18.149531243163672, 
      18.283609602549244, 
      18.31417840048574, 
      18.34297720329101, 
      18.371476015950808, 
      18.40044864380646, 
      18.431301897692617, 
      18.451330528150848
    ]
  }
}