{
  "C_Catalina Schmidt": {
    "bsplinemag": [
      17.94212554277475,
      20.80679954410923,
      23.390849225960785,
      25.43691592680703,
      26.98594031035807,
      28.078863040324013,
      28.75662478041497,
      29.060166194341058,
      29.030427945812367,
      28.70835069853903,
      28.13487511623115,
      27.350941862598837,
      26.397491601352197,
      25.31546499620134,
      24.14580271085639,
      22.929445409027444,
      21.707333754424617,
      20.520408410758016,
      19.409610041737757,
      18.415879311073944,
      17.580156882476693,
      16.94338341965611,
      16.54649958632231,
      16.430446046185402,
      16.636163462955487,
      17.20459250034269,
      18.176673822057115,
      19.327044907627712,
      20.303397856152525,
      21.08721345068409,
      21.661976520885396,
      22.01117189641948,
      22.118284406949343,
      21.966798882137994,
      21.540200151648445,
      20.821973045143707,
      19.795602392286796,
      18.444573022740716,
      17.356332581126328,
      16.69468435994,
      16.388674400156876,
      16.387612960434097,
      16.640810299428797,
      17.097576675798102,
      17.707222348199142,
      18.419057575289067,
      19.18239261572499,
      19.94653772816406,
      20.6608031712634,
      21.274499203680143,
      21.73693608407142,
      21.997424071094375,
      22.00527342340613,
      21.709794399663824,
      21.06029725852458,
      20.00609225864555,
      18.496489658683846,
      16.858132849395968,
      15.499890703322198,
      14.404576710280235,
      13.55418544494179,
      12.930711481978571,
      12.516149396062298,
      12.292493761864678,
      12.24173915405743,
      12.345880147312258,
      12.586911316300881,
      12.94682723569501,
      13.407622480166355,
      13.95129162438663,
      14.55982924302755,
      15.215229910760826,
      15.899488202258167,
      16.594598692191287,
      17.2825559552319,
      17.94535456605172,
      18.564989099322453
    ],
    "dmag": [
      0.06893599778413773,
      0.06532900035381317,
      0.06777200102806091,
      0.07257600128650665,
      0.07777100056409836,
      0.07494200021028519,
      0.07891800254583359,
      0.08201400190591812,
      0.08730299770832062,
      0.08635099977254868,
      0.07529100030660629,
      0.0873429998755455,
      0.08749199658632278,
      0.08873199671506882,
      0.08198700100183487,
      0.08106400072574615,
      0.08280900120735168,
      0.0849749967455864,
      0.08019199967384338
    ],
    "goodstatus": true,
    "kernel": [
      5000.000000000004
    ],
    "mag": [
      17.96380043029785,
      17.841699600219727,
      17.915599822998047,
      18.0625,
      18.232200622558594,
      18.14620018005371,
      18.270999908447266,
      18.34869956970215,
      18.482099533081055,
      18.446500778198242,
      18.150100708007812,
      18.41390037536621,
      18.457700729370117,
      18.516000747680664,
      18.309600830078125,
      18.297700881958008,
      18.53179931640625,
      18.63170051574707,
      18.38610076904297
    ],
    "mjd": [
      56624.44140625,
      56624.48046875,
      56624.51953125,
      56624.55859375,
      56650.44140625,
      56650.48046875,
      56650.51953125,
      56650.55859375,
      56661.44140625,
      56661.48046875,
      56661.51953125,
      56661.55859375,
      56680.44140625,
      56680.48046875,
      56680.51953125,
      56680.55859375,
      56700.44140625,
      56700.48046875,
      56700.55859375
    ],
    "modeldate": [
      56624.44140625,
      56625.44140625,
      56626.44140625,
      56627.44140625,
      56628.44140625,
      56629.44140625,
      56630.44140625,
      56631.44140625,
      56632.44140625,
      56633.44140625,
      56634.44140625,
      56635.44140625,
      56636.44140625,
      56637.44140625,
      56638.44140625,
      56639.44140625,
      56640.44140625,
      56641.44140625,
      56642.44140625,
      56643.44140625,
      56644.44140625,
      56645.44140625,
      56646.44140625,
      56647.44140625,
      56648.44140625,
      56649.44140625,
      56650.44140625,
      56651.44140625,
      56652.44140625,
      56653.44140625,
      56654.44140625,
      56655.44140625,
      56656.44140625,
      56657.44140625,
      56658.44140625,
      56659.44140625,
      56660.44140625,
      56661.44140625,
      56662.44140625,
      56663.44140625,
      56664.44140625,
      56665.44140625,
      56666.44140625,
      56667.44140625,
      56668.44140625,
      56669.44140625,
      56670.44140625,
      56671.44140625,
      56672.44140625,
      56673.44140625,
      56674.44140625,
      56675.44140625,
      56676.44140625,
      56677.44140625,
      56678.44140625,
      56679.44140625,
      56680.44140625,
      56681.44140625,
      56682.44140625,
      56683.44140625,
      56684.44140625,
      56685.44140625,
      56686.44140625,
      56687.44140625,
      56688.44140625,
      56689.44140625,
      56690.44140625,
      56691.44140625,
      56692.44140625,
      56693.44140625,
      56694.44140625,
      56695.44140625,
      56696.44140625,
      56697.44140625,
      56698.44140625,
      56699.44140625,
      56700.44140625
    ],
    "modelerr": [
      0.05651420428214956,
      0.6770899454429748,
      1.2556030581405162,
      1.7096697844290139,
      2.054840430308583,
      2.305164869622422,
      2.473271924547794,
      2.5704228803592826,
      2.606737276992487,
      2.591282785652644,
      2.5322076375293094,
      2.4368767552884343,
      2.3119209183100384,
      2.1633760210399497,
      1.996713441333778,
      1.8169287145526292,
      1.6285496602718874,
      1.4357333730365565,
      1.2422418162628488,
      1.0515029867713002,
      0.8665717060688245,
      0.6902338637828823,
      0.5249302772363894,
      0.37287747196678667,
      0.23617977814317584,
      0.1178670887239014,
      0.03970420185596899,
      0.08876518012232296,
      0.15266580042253192,
      0.20069250379399217,
      0.2310132851351531,
      0.2437311018440271,
      0.2395157649639367,
      0.21948119981062728,
      0.18512235564636323,
      0.13849467386409017,
      0.08358313947701405,
      0.04190693562719791,
      0.08389064082434894,
      0.15929647268831001,
      0.24072612272478733,
      0.32298097687910543,
      0.4029134032397705,
      0.47772425393638146,
      0.5447779092698848,
      0.6015430794095282,
      0.6455875872604019,
      0.6746690009206163,
      0.6867008766738675,
      0.679843577738034,
      0.6525125799026041,
      0.6034283127324883,
      0.5317075666203813,
      0.4368723044905779,
      0.3190124926856344,
      0.17955874930480079,
      0.04361857701977987,
      0.17919057050827766,
      0.38001960703810855,
      0.5988374892247282,
      0.8309204136532473,
      1.0719300458914809,
      1.316898423734746,
      1.5600961122493595,
      1.7949027474497705,
      2.013726101430995,
      2.2080281124674968,
      2.36812590578152,
      2.4832499133783736,
      2.5413589186999945,
      2.5291395455110273,
      2.431931713406669,
      2.233569340073803,
      1.916387150603587,
      1.4611050922735587,
      0.8469339272806086,
      0.0681357950879391
    ],