{
  "C_Catalina Schmidt": {
    "bsplinemag": [
      18.89535410059171,
      18.866743435639506,
      18.844836292624755,
      18.829427986943596,
      18.820313833992174,
      18.817289149166637,
      18.82014924786313,
      18.82868944547778,
      18.842705057406757,
      18.86199139904618,
      18.886343785792203,
      18.915557533040968,
      18.949427956188625,
      18.9877503706313,
      19.030320091765166,
      19.076932434986336,
      19.12738271569097,
      19.181466249275203,
      19.238978351135184,
      19.299714336667062,
      19.363469521266975,
      19.430039220331057,
      19.49921874925546,
      19.570803423436335,
      19.644588558269813,
      19.720369469152043,
      19.79794147147917,
      19.877099880647332,
      19.95764001205268,
      20.03935718109135,
      20.122046703159494,
      20.20550389365324,
      20.289524067968753,
      20.373902541502158,
      20.458434629649606,
      20.54291564780724,
      20.627140911371207,
      20.710905735737644,
      20.794005436302704,
      20.87623532846252,
      20.95739072761324,
      21.037266949151004,
      21.11565930847196,
      21.192363120972253,
      21.267173702048023,
      21.33988636709541,
      21.410296431510567,
      21.478199210689628,
      21.543390020028742,
      21.60566417492405,
      21.664816990771698,
      21.720643782967826,
      21.77293986690858,
      21.821500557990102,
      21.866121171608533,
      21.906597023160025,
      21.942723428040715,
      21.974295701646753,
      22.001109159374266,
      22.02295911661941,
      22.03964088877834,
      22.05094979124718,
      22.056681139422075,
      22.056630248699175,
      22.050592434474627,
      22.038363012144565,
      22.019737297105138,
      21.99451060475249,
      21.962478250482768,
      21.923435549692094,
      21.87717781777664,
      21.82350037013254,
      21.76219852215593,
      21.693067589242958,
      21.61590288678977,
      21.53049973019251,
      21.43665343484731,
      21.334159316150334,
      21.2228126894977,
      21.10240887028558,
      20.972743173910096,
      20.83361091576739,
      20.68480741125362,
      20.526127975764922,
      20.35736792469745
    ],
    "dmag": [
      0.10245800018310547,
      0.09883300215005875,
      0.09718000143766403,
      0.09754200279712677,
      0.09951899945735931,
      0.10386499762535095,
      0.1031859964132309,
      0.10376899689435959,
      0.12810200452804565,
      0.18555499613285065,
      0.2633660137653351,
      0.18624000251293182,
      0.2074670046567917
    ],
    "goodstatus": false,
    "kernel": [
      5000.000000000004
    ],
    "mag": [
      18.956100463867188,
      18.883499145507812,
      18.840700149536133,
      18.85930061340332,
      18.854000091552734,
      18.958099365234375,
      18.928499221801758,
      18.936399459838867,
      19.422000885009766,
      20.25480079650879,
      21.03219985961914,
      20.240400314331055,
      20.48110008239746
    ],
    "mjd": [
      56567.44140625,
      56567.48046875,
      56567.51953125,
      56567.55859375,
      56577.44140625,
      56577.48046875,
      56577.51953125,
      56577.55859375,
      56591.55859375,
      56597.51953125,
      56605.44140625,
      56651.44140625,
      56651.51953125
    ],
    "modeldate": [
      56567.44140625,
      56568.44140625,
      56569.44140625,
      56570.44140625,
      56571.44140625,
      56572.44140625,
      56573.44140625,
      56574.44140625,
      56575.44140625,
      56576.44140625,
      56577.44140625,
      56578.44140625,
      56579.44140625,
      56580.44140625,
      56581.44140625,
      56582.44140625,
      56583.44140625,
      56584.44140625,
      56585.44140625,
      56586.44140625,
      56587.44140625,
      56588.44140625,
      56589.44140625,
      56590.44140625,
      56591.44140625,
      56592.44140625,
      56593.44140625,
      56594.44140625,
      56595.44140625,
      56596.44140625,
      56597.44140625,
      56598.44140625,
      56599.44140625,
      56600.44140625,
      56601.44140625,
      56602.44140625,
      56603.44140625,
      56604.44140625,
      56605.44140625,
      56606.44140625,
      56607.44140625,
      56608.44140625,
      56609.44140625,
      56610.44140625,
      56611.44140625,
      56612.44140625,
      56613.44140625,
      56614.44140625,
      56615.44140625,
      56616.44140625,
      56617.44140625,
      56618.44140625,
      56619.44140625,
      56620.44140625,
      56621.44140625,
      56622.44140625,
      56623.44140625,
      56624.44140625,
      56625.44140625,
      56626.44140625,
      56627.44140625,
      56628.44140625,
      56629.44140625,
      56630.44140625,
      56631.44140625,
      56632.44140625,
      56633.44140625,
      56634.44140625,
      56635.44140625,
      56636.44140625,
      56637.44140625,
      56638.44140625,
      56639.44140625,
      56640.44140625,
      56641.44140625,
      56642.44140625,
      56643.44140625,
      56644.44140625,
      56645.44140625,
      56646.44140625,
      56647.44140625,
      56648.44140625,
      56649.44140625,
      56650.44140625,
      56651.44140625
    ],
    "modelerr": [
      0.05201513275619443,
      0.18401402196115466,
      0.29881775283265716,
      0.35542380918695204,
      0.36619466109662746,
      0.3428318593375701,
      0.2955227219677342,
      0.23308053172935794,
      0.16332989565806325,
      0.09497792037566793,
      0.05162867143705587,
      0.07984555595132256,
      0.13164953546902086,
      0.17903882574192356,
      0.217139720463864,
      0.24462062189690092,
      0.2612400516641846,
      0.2673722191907205,
      0.2638273557787868,
      0.2517713733983485,
      0.23266896168944104,
      0.20830675591378733,
      0.1809106741670814,
      0.15335762881870119,
      0.129638441987202,
      0.11489248474350752,
      0.11336961128189084,
      0.12436131387678467,
      0.142686776345248,
      0.16300989993870724,
      0.18161437142260126,
      0.19618943756012006,
      0.20540803077398243,
      0.20884628724973314,
      0.20736149773033274,
      0.2039449720776224,
      0.20508510032780256,
      0.22113912271843644,
      0.2626835136174633,
      0.3349773080456609,
      0.438194813084166,
      0.5712047547300109,
      0.7334780795846603,
      0.9252451700632335,
      1.1472244603399737,
      1.4003821124000337,
      1.6857426287690593,
      2.0042861072798974,
      2.3568433100619126,
      2.7440475719598876,
      3.1662526780277918,
      3.623493210272562,
      4.115435870089324,
      4.6413266971167735,
      5.19994667282637,
      5.789584117046064,
      6.4079701044978306,
      7.052254832974878,
      7.718957597048988,
      8.403930344014684,
      9.102319435438796,
      9.808528752569268,
      10.51615795581746,
      11.217987502174264,
      11.905914101655878,
      12.570920333249365,
      13.203007732525178,
      13.791161811247228,
      14.323290692618746,
      14.78617346223711,
      15.165381553546299,
      15.445239686770194,
      15.60872797727616,
      15.637429458739595,
      15.511442775187808,
      15.20929109179095,
      14.707843359908042,
      13.982217155499951,
      13.005685718326264,
      11.749566374548857,
      10.18313633894191,
      8.273531616943574,
      5.985689103586972,
      3.2826763867462354,
      0.18284421466356954
    ],