{
  "C_Catalina Schmidt": {
    "bsplinemag": [
      19.696431694291128,
      26.819893546082618,
      32.460307706878254,
      35.83035979400652,
      36.92988494753549,
      35.75871830753329,
      32.316695014067996,
      26.60365020720773,
      18.619419027020566,
      29.14711783845346,
      33.484739129994956,
      32.16550796065839,
      27.57713780207919,
      22.10734212589281,
      18.14383440373469,
      26.342918610700696,
      32.79139491089307,
      36.6257675004865,
      38.23799810090813,
      38.020048433585096,
      36.36388021994456,
      33.66145518141368,
      30.304735039419562,
      26.685681515389405,
      23.196256330750337,
      20.228421206929507,
      18.174137865354062,
      17.425368027451157,
      18.37407341464793,
      24.257597100729885,
      26.98976472875223,
      26.715042088082082,
      24.58936120799792,
      21.768654117778212,
      19.40885284670144,
      18.665889424046068,
      19.256403839396196,
      19.791778981186013,
      20.06289447404935,
      19.863299343231542,
      18.98654261397791,
      17.28459136491747,
      14.843084888213976,
      11.806080529414858,
      8.317635634067567,
      4.521807547719534,
      0.5626536159182058,
      -3.41576881578899,
      -7.269402401854598,
      -10.854189796731195,
      -14.026073654871329,
      -16.64099663072757,
      -18.554901378752483,
      -19.62373055339861,
      -19.703426809118533,
      -18.649932800364795,
      -16.31919118158997,
      -12.567144607246611,
      -7.249735731787277,
      -0.22290720966454458,
      8.657398304669044,
      19.535238156760922,
      18.530552323028665,
      21.698071132953196,
      27.137166013291235,
      32.29163909241876,
      34.6052924987118,
      31.521928360546333,
      20.485348806298383
    ],
    "dmag": [
      0.15172700583934784,
      0.12298300117254257,
      0.16558200120925903,
      0.1584949940443039,
      0.10321100056171417,
      0.092009998857975,
      0.08516799658536911,
      0.11004500091075897,
      0.06980899721384048,
      0.06720300018787384,
      0.06105099990963936,
      0.07153700292110443,
      0.07708700001239777,
      0.08027499914169312,
      0.07011199742555618,
      0.08045800030231476,
      0.07335899770259857,
      0.0800509974360466,
      0.0825589969754219,
      0.07815200090408325,
      0.0933770015835762,
      0.10069700330495834,
      0.1009799987077713,
      0.10385400056838989,
      0.11580400168895721,
      0.15590600669384003,
      0.14616799354553223,
      0.1259939968585968,
      0.18879899382591248,
      0.1437319964170456,
      0.13323800265789032,
      0.16633400321006775
    ],
    "goodstatus": true,
    "kernel": [
      5000.000000000004
    ],
    "mag": [
      19.71969985961914,
      19.252899169921875,
      19.913700103759766,
      19.825899124145508,
      18.603300094604492,
      18.33650016784668,
      18.170900344848633,
      18.737699508666992,
      18.130800247192383,
      18.053199768066406,
      17.833999633789062,
      18.18000030517578,
      18.35379981994629,
      18.442899703979492,
      18.145599365234375,
      18.447999954223633,
      18.557300567626953,
      18.749099731445312,
      18.816999435424805,
      18.696399688720703,
      18.77560043334961,
      18.9419002532959,
      18.94809913635254,
      19.010000228881836,
      19.41790008544922,
      20.077199935913086,
      19.933700561523438,
      19.60449981689453,
      20.503700256347656,
      19.896400451660156,
      19.728200912475586,
      20.221099853515625
    ],
    "mjd": [
      56770.44140625,
      56770.48046875,
      56770.51953125,
      56770.55859375,
      56778.44140625,
      56778.48046875,
      56778.51953125,
      56778.55859375,
      56784.44140625,
      56784.48046875,
      56784.51953125,
      56784.55859375,
      56798.44140625,
      56798.48046875,
      56798.51953125,
      56798.55859375,
      56805.44140625,
      56805.48046875,
      56805.51953125,
      56805.55859375,
      56810.44140625,
      56810.48046875,
      56810.51953125,
      56810.55859375,
      56831.44140625,
      56831.48046875,
      56831.51953125,
      56831.55859375,
      56838.44140625,
      56838.48046875,
      56838.51953125,
      56838.55859375
    ],
    "modeldate": [
      56770.44140625,
      56771.44140625,
      56772.44140625,
      56773.44140625,
      56774.44140625,
      56775.44140625,
      56776.44140625,
      56777.44140625,
      56778.44140625,
      56779.44140625,
      56780.44140625,
      56781.44140625,
      56782.44140625,
      56783.44140625,
      56784.44140625,
      56785.44140625,
      56786.44140625,
      56787.44140625,
      56788.44140625,
      56789.44140625,
      56790.44140625,
      56791.44140625,
      56792.44140625,
      56793.44140625,
      56794.44140625,
      56795.44140625,
      56796.44140625,
      56797.44140625,
      56798.44140625,
      56799.44140625,
      56800.44140625,
      56801.44140625,
      56802.44140625,
      56803.44140625,
      56804.44140625,
      56805.44140625,
      56806.44140625,
      56807.44140625,
      56808.44140625,
      56809.44140625,
      56810.44140625,
      56811.44140625,
      56812.44140625,
      56813.44140625,
      56814.44140625,
      56815.44140625,
      56816.44140625,
      56817.44140625,
      56818.44140625,
      56819.44140625,
      56820.44140625,
      56821.44140625,
      56822.44140625,
      56823.44140625,
      56824.44140625,
      56825.44140625,
      56826.44140625,
      56827.44140625,
      56828.44140625,
      56829.44140625,
      56830.44140625,
      56831.44140625,
      56832.44140625,
      56833.44140625,
      56834.44140625,
      56835.44140625,
      56836.44140625,
      56837.44140625,
      56838.44140625
    ],
    "modelerr": [
      0.07452010161314593,
      0.06734388028373418,
      0.07419625995597809,
      0.07878142199257307,
      0.07803950400002753,
      0.07298457298831794,
      0.06527646471511095,
      0.05650998538741917,
      0.047990868653537556,
      0.04071223356577311,
      0.03528486672878841,
      0.03204851383090222,
      0.030827527573563666,
      0.03129574288859779,
      0.03292913144548314,
      0.03538607603904968,
      0.03832930059919993,
      0.04143203796014927,
      0.04446845730479482,
      0.04713368561939921,
      0.04915903495567664,
      0.05037112782933124,
      0.05064020375962568,
      0.049881221832508336,
      0.048184231064644124,
      0.04566930840269501,
      0.04255616908105649,
      0.03928161203343509,
      0.036231653240408494,
      0.033850253930541044,
      0.03249914314901121,
      0.03217473341706166,
      0.03262361931345716,
      0.0333678702407615,
      0.03384320986555363,
      0.03384320986555363,
      0.0333678702407615,
      0.03305198828275478,
      0.034137809165915106,
      0.03824835161634012,
      0.04642011544492239,
      0.05866694646826402,
      0.07430222485010649,
      0.09258564463791122,
      0.11272213515826726,
      0.13394757090634002,
      0.1554514506314366,
      0.17640406158684652,
      0.1959231177592623,
      0.21311337078506606,
      0.22705865661745178,
      0.23689139840325812,
      0.2417983343175874,
      0.24107548543755974,
      0.2341816422458033,
      0.2207992479422104,
      0.20093945159676288,
      0.1750459338258807,
      0.14427203052818177,
      0.11107083756338228,
      0.08101938237128335,
      0.06658910371923367,
      0.07809142344879984,
      0.10306783305400972,
      0.126027651341235,
      0.13756712228859636,
      0.13073907133274743,
      0.10196313333898059,
      0.07595245841933891
    ],