{
  "C_Catalina Schmidt": {
    "dmag": [
      0.1322689950466156, 
      0.20940500497817993, 
      0.18896199762821198, 
      0.1420309990644455, 
      0.101282998919487, 
      0.09933999925851822, 
      0.11146499961614609, 
      0.12095099687576294, 
      0.16499200463294983, 
      0.1136310026049614, 
      0.11033400148153305, 
      0.17579099535942078
    ], 
    "goodstatus": true, 
    "kernel": [
      1.0000010000005, 
      499999.99999999971, 
      1.0000000001
    ], 
    "mag": [
      19.51490020751953, 
      20.535999298095703, 
      20.320499420166016, 
      19.677400588989258, 
      18.94409942626953, 
      18.900800704956055, 
      19.148099899291992, 
      19.33209991455078, 
      19.99049949645996, 
      19.16699981689453, 
      19.101900100708008, 
      20.131399154663086
    ], 
    "mjd": [
      56028.44140625, 
      56028.48046875, 
      56028.51953125, 
      56028.55859375, 
      56035.44140625, 
      56035.48046875, 
      56035.51953125, 
      56035.55859375, 
      56046.44140625, 
      56046.48046875, 
      56046.51953125, 
      56046.55859375
    ], 
    "modeldate": [
      56028.44140625, 
      56029.44140625, 
      56030.44140625, 
      56031.44140625, 
      56032.44140625, 
      56033.44140625, 
      56034.44140625, 
      56035.44140625, 
      56036.44140625, 
      56037.44140625, 
      56038.44140625, 
      56039.44140625, 
      56040.44140625, 
      56041.44140625, 
      56042.44140625, 
      56043.44140625, 
      56044.44140625, 
      56045.44140625, 
      56046.44140625
    ], 
    "modelerr": [
      0.13121541260717076, 
      1.0385022840294662, 
      1.0384900380519828, 
      1.0384795637575197, 
      1.038470861325155, 
      1.0384639309036734, 
      1.0384587726115624, 
      0.10080756510333179, 
      1.0384537727378829, 
      1.038453931241762, 
      1.0384558620459032, 
      1.038459565117257, 
      1.0384650403924651, 
      1.0384722877778638, 
      1.0384813071494872, 
      1.0384920983530725, 
      1.0385046612040656, 
      1.038518995487629, 
      0.16296046335442022
    ], 
    "modelmag": [
      19.515155864314373, 
      19.733039796828383, 
      19.54941097926639, 
      19.409103049683996, 
      19.285105722924513, 
      19.169938207422273, 
      19.05808415725374, 
      18.944145342368476, 
      19.346815053740823, 
      19.43168685673316, 
      19.503348154267925, 
      19.56749438639852, 
      19.62546268872053, 
      19.67662691793076, 
      19.718627080489476, 
      19.74976008062838, 
      19.75903888758165, 
      19.722281297612202, 
      19.97580402635806
    ]
  }
}