{
  "C_Catalina Schmidt": {
    "bsplinemag": [
      18.9318561123518,
      18.564987238095497,
      18.137229835212164,
      17.54011649131007,
      16.81599770983178,
      16.00722399421986,
      15.156145847916875,
      14.30511377436539,
      13.49647827700796,
      12.772589859287159,
      12.175799024645546,
      11.748456276525689,
      11.532912118370149,
      11.571517053621491,
      11.90662158572228,
      12.580576218115084,
      13.635731454242457,
      15.114437797546971,
      17.05904575147119,
      19.51190581945768,
      19.11054600092797,
      15.14228152528522,
      13.22144184661986,
      18.97940853734934,
      -38.361298533169126,
      -225.92941552610262,
      -506.28673226910206,
      -841.6608381411968,
      -1194.2793225214166,
      -1526.3697747887902,
      -1800.1597843223483,
      -1977.8769405011183,
      -2021.7488327041315,
      -1894.003050310417,
      -1556.8671826990035,
      -972.5688192489212,
      -103.33554933919882
    ],
    "dmag": [
      0.10673300176858902,
      0.10080800205469131,
      0.09875500202178955,
      0.09933599829673767,
      0.13729900121688843,
      0.1551620066165924,
      0.16286399960517883,
      0.15541400015354156,
      0.10820800065994263,
      0.1869640052318573,
      0.15756100416183472,
      0.10690200328826904
    ],
    "goodstatus": true,
    "kernel": [
      5000.000000000004
    ],
    "mag": [
      18.94420051574707,
      18.81290054321289,
      18.763200759887695,
      18.781299591064453,
      19.431100845336914,
      19.722299575805664,
      19.830400466918945,
      19.720600128173828,
      18.93589973449707,
      20.150100708007812,
      19.770000457763672,
      18.92460060119629
    ],
    "mjd": [
      56513.44140625,
      56513.48046875,
      56513.51953125,
      56513.55859375,
      56532.44140625,
      56532.48046875,
      56532.51953125,
      56532.55859375,
      56536.44140625,
      56536.51953125,
      56536.55859375,
      56549.55859375
    ],
    "modeldate": [
      56513.44140625,
      56514.44140625,
      56515.44140625,
      56516.44140625,
      56517.44140625,
      56518.44140625,
      56519.44140625,
      56520.44140625,
      56521.44140625,
      56522.44140625,
      56523.44140625,
      56524.44140625,
      56525.44140625,
      56526.44140625,
      56527.44140625,
      56528.44140625,
      56529.44140625,
      56530.44140625,
      56531.44140625,
      56532.44140625,
      56533.44140625,
      56534.44140625,
      56535.44140625,
      56536.44140625,
      56537.44140625,
      56538.44140625,
      56539.44140625,
      56540.44140625,
      56541.44140625,
      56542.44140625,
      56543.44140625,
      56544.44140625,
      56545.44140625,
      56546.44140625,
      56547.44140625,
      56548.44140625,
      56549.44140625
    ],
    "modelerr": [
      0.08682074519880027,
      0.9679172997890662,
      1.757421288932165,
      2.3320306365812637,
      2.720228297526077,
      2.9481990845174386,
      3.0399339696338616,
      3.017458422610631,
      2.901164373591268,
      2.709960321649705,
      2.461474260194458,
      2.1722053990060863,
      1.8576051639652678,
      1.532110945337191,
      1.209214689290087,
      0.9013880833676238,
      0.6201944618437906,
      0.37655824524307907,
      0.18307096028989644,
      0.07699685959790473,
      0.10774764169470942,
      0.13380866359608087,
      0.11255703645840552,
      0.07974396743200626,
      0.17255060752777177,
      0.3564065154399494,
      0.5864889982708742,
      0.844397120097791,
      1.1118452481368275,
      1.3673775677034823,
      1.585606432404929,
      1.736849008360899,
      1.7868709551087292,
      1.6966811601560605,
      1.422452369254539,
      0.9160661175116303,
      0.15543611270176547
    ],
    "modelmag": [
      18.883956909179688,
      17.982101440429688,
      17.339508056640625,
      16.919662475585938,
      16.688385009765625,
      16.613739013671875,
      16.666122436523438,
      16.818328857421875,
      17.04534912109375,
      17.324676513671875,
      17.636077880859375,
      17.961502075195312,
      18.285324096679688,
      18.5941162109375,
      18.8765869140625,
      19.123641967773438,
      19.328338623046875,
      19.485641479492188,
      19.592529296875,
      19.647918701171875,
      19.652435302734375,
      19.6085205078125,
      19.520172119140625,
      19.392898559570312,
      19.2337646484375,
      19.051055908203125,
      18.854339599609375,
      18.654281616210938,
      18.462600708007812,
      18.291763305664062,
      18.155227661132812,
      18.066925048828125,
      18.041519165039062,
      18.093902587890625,
      18.239349365234375,
      18.493453979492188,
      18.871658325195312
    ],
    "type": "II"
  }
}