{
  "C_Catalina Schmidt": {
    "dmag": [
      0.13261699676513672, 
      0.12471500039100647, 
      0.12601199746131897, 
      0.11103600263595581, 
      0.12769000232219696, 
      0.12525999546051025, 
      0.12488400191068649, 
      0.10247199982404709, 
      0.11613299697637558, 
      0.11052100360393524, 
      0.13414600491523743, 
      0.11949200183153152, 
      0.14871899783611298, 
      0.1546580046415329, 
      0.15015099942684174, 
      0.14892500638961792, 
      0.18939000368118286, 
      0.14419299364089966
    ], 
    "goodstatus": true, 
    "kernel": [
      1.0000010000005, 
      499999.99999999971, 
      1.0000000001
    ], 
    "mag": [
      19.404199600219727, 
      19.26759910583496, 
      19.289199829101562, 
      19.006099700927734, 
      19.35449981689453, 
      19.31100082397461, 
      19.299999237060547, 
      18.861299514770508, 
      19.262800216674805, 
      19.150400161743164, 
      19.577499389648438, 
      19.326499938964844, 
      19.770299911499023, 
      19.85300064086914, 
      19.78499984741211, 
      19.765399932861328, 
      20.14299964904785, 
      19.53019905090332
    ], 
    "mjd": [
      56032.44140625, 
      56032.48046875, 
      56032.51953125, 
      56032.55859375, 
      56038.44140625, 
      56038.48046875, 
      56038.51953125, 
      56038.55859375, 
      56060.44140625, 
      56060.48046875, 
      56060.51953125, 
      56060.55859375, 
      56087.44140625, 
      56087.48046875, 
      56087.51953125, 
      56087.55859375, 
      56101.48046875, 
      56101.55859375
    ], 
    "modeldate": [
      56032.44140625, 
      56033.44140625, 
      56034.44140625, 
      56035.44140625, 
      56036.44140625, 
      56037.44140625, 
      56038.44140625, 
      56039.44140625, 
      56040.44140625, 
      56041.44140625, 
      56042.44140625, 
      56043.44140625, 
      56044.44140625, 
      56045.44140625, 
      56046.44140625, 
      56047.44140625, 
      56048.44140625, 
      56049.44140625, 
      56050.44140625, 
      56051.44140625, 
      56052.44140625, 
      56053.44140625, 
      56054.44140625, 
      56055.44140625, 
      56056.44140625, 
      56057.44140625, 
      56058.44140625, 
      56059.44140625, 
      56060.44140625, 
      56061.44140625, 
      56062.44140625, 
      56063.44140625, 
      56064.44140625, 
      56065.44140625, 
      56066.44140625, 
      56067.44140625, 
      56068.44140625, 
      56069.44140625, 
      56070.44140625, 
      56071.44140625, 
      56072.44140625, 
      56073.44140625, 
      56074.44140625, 
      56075.44140625, 
      56076.44140625, 
      56077.44140625, 
      56078.44140625, 
      56079.44140625, 
      56080.44140625, 
      56081.44140625, 
      56082.44140625, 
      56083.44140625, 
      56084.44140625, 
      56085.44140625, 
      56086.44140625, 
      56087.44140625, 
      56088.44140625, 
      56089.44140625, 
      56090.44140625, 
      56091.44140625, 
      56092.44140625, 
      56093.44140625, 
      56094.44140625, 
      56095.44140625, 
      56096.44140625, 
      56097.44140625, 
      56098.44140625, 
      56099.44140625, 
      56100.44140625, 
      56101.44140625
    ], 
    "modelerr": [
      0.13152841635308035, 
      1.0270728016369295, 
      1.0270263065632326, 
      1.0269816011803259, 
      1.0269386862423264, 
      1.026897562473183, 
      0.12671688365670541, 
      1.026820691186258, 
      1.02678494496529, 
      1.0267509925067535, 
      1.026718834383359, 
      1.026688471137496, 
      1.0266599032812123, 
      1.0266331312961927, 
      1.026608155633741, 
      1.0265849767147621, 
      1.0265635949297442, 
      1.026544010638745, 
      1.0265262241713757, 
      1.02651023582679, 
      1.0264960458736692, 
      1.0264836545502156, 
      1.0264730620641394, 
      1.0264642685926528, 
      1.0264572742824618, 
      1.0264520792497613, 
      1.0264486835802298, 
      1.026447087329026, 
      0.11539882409188112, 
      1.0264492931496294, 
      1.0264530951791437, 
      1.0264586965424023, 
      1.0264660971419592, 
      1.0264752968498532, 
      1.0264862955076148, 
      1.0264990929262718, 
      1.0265136888863566, 
      1.026530083137915, 
      1.026548275400517, 
      1.0265682653632666, 
      1.0265900526848155, 
      1.026613636993376, 
      1.0266390178867357, 
      1.026666194932274, 
      1.0266951676669787, 
      1.0267259355974658, 
      1.0267584981999966, 
      1.026792854920501, 
      1.0268290051745983, 
      1.0268669483476205, 
      1.026906683794637, 
      1.0269482108404797, 
      1.0269915287797704, 
      1.0270366368769486, 
      1.0270835343662994, 
      0.14718866117004795, 
      1.0271826943080815, 
      1.0272349550785966, 
      1.02728900187752, 
      1.0273448337888496, 
      1.0274024498666294, 
      1.0274618491349878, 
      1.0275230305881748, 
      1.0275859931906028, 
      1.0276507358768865, 
      1.0277172575518858, 
      1.0277855570907481, 
      1.0278556333389532, 
      1.0279274851123585, 
      1.028001111197246
    ], 
    "modelmag": [
      19.404216844052932, 
      19.11175104081748, 
      19.13870690847498, 
      19.183894968959287, 
      19.235576278735504, 
      19.288978500351227, 
      19.354026565382263, 
      19.05858147278109, 
      19.023334406717513, 
      19.00743365668269, 
      19.004615066716937, 
      19.006630678160533, 
      19.01277440294441, 
      19.0212398468967, 
      19.032072002867288, 
      19.043332023463144, 
      19.05680059222923, 
      19.070269162485257, 
      19.084719219027505, 
      19.099604862358742, 
      19.11459906337634, 
      19.12994056856125, 
      19.145282073457835, 
      19.160010626603547, 
      19.1747074694236, 
      19.18711698197291, 
      19.197998924323183, 
      19.2061487473047, 
      19.262275623860106, 
      19.449259247704088, 
      19.440236127575698, 
      19.438373044291147, 
      19.442683622135796, 
      19.44913348360548, 
      19.45867645094238, 
      19.46849523275384, 
      19.481025901233064, 
      19.493556564087466, 
      19.50673339547988, 
      19.521130115184327, 
      19.53552682819707, 
      19.550408282242874, 
      19.56616103586098, 
      19.58191378172087, 
      19.59802172618096, 
      19.614910606622384, 
      19.63179947823954, 
      19.649137947067103, 
      19.667154960192846, 
      19.68517196342883, 
      19.704322316045303, 
      19.72375267334171, 
      19.744654670675555, 
      19.766712547441177, 
      19.791908974673564, 
      19.771544627459036, 
      19.802445233759737, 
      19.8266591481056, 
      19.852128817588337, 
      19.87809082441531, 
      19.902708523742103, 
      19.92512831861393, 
      19.943759609052478, 
      19.956892387614392, 
      19.9648777653745, 
      19.961060761888277, 
      19.948158873241812, 
      19.91222885138751, 
      19.83368694676993, 
      19.591333300712623
    ]
  }
}