{
  "C_Catalina Schmidt": {
    "dmag": [
      0.0941929966211319, 
      0.08187200129032135, 
      0.08535400032997131, 
      0.09183300286531448, 
      0.0825589969754219, 
      0.10004699975252151, 
      0.08585800230503082, 
      0.09457699954509735
    ], 
    "goodstatus": true, 
    "kernel": [
      1.0000010000005, 
      499999.99999999971, 
      1.0000000001
    ], 
    "mag": [
      19.07900047302246, 
      18.769100189208984, 
      18.850900650024414, 
      19.013900756835938, 
      18.451499938964844, 
      18.869199752807617, 
      18.520000457763672, 
      18.70240020751953
    ], 
    "mjd": [
      56187.44140625, 
      56187.48046875, 
      56187.51953125, 
      56187.55859375, 
      56196.44140625, 
      56196.48046875, 
      56196.51953125, 
      56196.55859375
    ], 
    "modeldate": [
      56187.44140625, 
      56188.44140625, 
      56189.44140625, 
      56190.44140625, 
      56191.44140625, 
      56192.44140625, 
      56193.44140625, 
      56194.44140625, 
      56195.44140625, 
      56196.44140625
    ], 
    "modelerr": [
      0.0938240519519158, 
      1.0544820015881173, 
      1.0544768535598301, 
      1.0544733891883078, 
      1.0544716085317, 
      1.0544715116198962, 
      1.0544730984545225, 
      1.0544763690089438, 
      1.0544813232282628, 
      0.08231023826427192
    ], 
    "modelmag": [
      19.07883027842483, 
      18.896252331593733, 
      18.85419270610049, 
      18.802080482230963, 
      18.748264979446382, 
      18.695891306384823, 
      18.647745231683526, 
      18.608692913599537, 
      18.59348202516347, 
      18.45304030429074
    ]
  }
}