{
  "C_Catalina Schmidt": {
    "bsplinemag": [
      18.87808937849963,
      19.665784994538388,
      20.16316043124104,
      20.197108092943186,
      19.906759980865445,
      19.431248096228444,
      18.909704440252806,
      18.481261014159152,
      18.285049819168115,
      18.460202856500302,
      19.145852127376347,
      19.13378621944,
      17.133255407317336,
      13.493644312299802,
      8.567382770716181,
      2.7069006188952676,
      -3.7353723068341442,
      -10.407006170143283,
      -16.955571134703334,
      -23.028637364185524,
      -28.273775022261056,
      -32.338554272601144,
      -34.870545278876975,
      -35.51731820475982,
      -33.926443213920805,
      -29.745490470031193,
      -22.622030136762184,
      -12.203632377784981,
      1.862132643229197,
      19.927694762609143,
      43.38849262264819,
      129.55799634810938,
      262.92486501146453,
      426.62082436318576,
      603.7776001537451,
      777.5269181336151,
      931.0005040532677,
      1047.330083663175,
      1109.6473827138097,
      1101.0841269556433,
      1004.7720421391483,
      803.8428540147971,
      481.42828833306174,
      20.660070844414236,
      -145326.7170069835,
      -610426.4290005511,
      -1374729.066307035,
      -2416950.3231546716,
      -3715805.893771698,
      -5250011.472386352,
      -6998282.753226868,
      -8939335.430521484,
      -11051885.198498439,
      -13314647.751385966,
      -15706338.783412306,
      -18205673.988805696,
      -20791369.061794363,
      -23442139.69660655,
      -26136701.5874705,
      -28853770.428614452,
      -31572061.91426662,
      -34270291.73865527,
      -36927175.59600861,
      -39521429.180554904,
      -42031768.18652237,
      -44436908.30813926,
      -46715565.239633806,
      -48846454.67523423,
      -50808292.30916878,
      -52579793.8356657,
      -54139674.94895321,
      -55466651.34325955,
      -56539438.71281298,
      -57336752.751841724,
      -57837309.15457401,
      -58019823.61523806,
      -57863011.82806215,
      -57345589.4872745,
      -56446272.28710332,
      -55143775.92177688,
      -53416816.08552343,
      -51244108.472571164,
      -48604368.777148336,
      -45476312.693483196,
      -41838655.915803984,
      -37670114.1383389,
      -32949403.055316217,
      -27655238.360964153,
      -21766335.749510955,
      -15261410.915184855,
      -8119179.552214091,
      -318357.35482689604
    ],
    "dmag": [
      0.09741400182247162,
      0.09127499908208847,
      0.08557599782943726,
      0.09366700053215027,
      0.104762002825737,
      0.12137000262737274,
      0.12121599912643433,
      0.11007799953222275,
      0.15071000158786774,
      0.21892300248146057,
      0.1652970016002655,
      0.1643889993429184,
      0.2122820019721985,
      0.24193799495697021,
      0.1513579934835434,
      0.29384100437164307
    ],
    "goodstatus": false,
    "kernel": [
      5000.000000000004
    ],
    "mag": [
      18.868900299072266,
      18.725400924682617,
      18.583599090576172,
      18.782499313354492,
      19.029199600219727,
      19.354299545288086,
      19.351499557495117,
      19.138500213623047,
      19.910900115966797,
      20.74489974975586,
      20.11549949645996,
      20.1018009185791,
      20.659299850463867,
      20.959199905395508,
      19.912599563598633,
      21.418899536132812
    ],
    "mjd": [
      57062.44140625,
      57062.48046875,
      57062.51953125,
      57062.55859375,
      57072.44140625,
      57072.48046875,
      57072.51953125,
      57072.55859375,
      57091.44140625,
      57091.48046875,
      57091.51953125,
      57091.55859375,
      57105.44140625,
      57105.48046875,
      57105.51953125,
      57153.48046875
    ],
    "modeldate": [
      57062.44140625,
      57063.44140625,
      57064.44140625,
      57065.44140625,
      57066.44140625,
      57067.44140625,
      57068.44140625,
      57069.44140625,
      57070.44140625,
      57071.44140625,
      57072.44140625,
      57073.44140625,
      57074.44140625,
      57075.44140625,
      57076.44140625,
      57077.44140625,
      57078.44140625,
      57079.44140625,
      57080.44140625,
      57081.44140625,
      57082.44140625,
      57083.44140625,
      57084.44140625,
      57085.44140625,
      57086.44140625,
      57087.44140625,
      57088.44140625,
      57089.44140625,
      57090.44140625,
      57091.44140625,
      57092.44140625,
      57093.44140625,
      57094.44140625,
      57095.44140625,
      57096.44140625,
      57097.44140625,
      57098.44140625,
      57099.44140625,
      57100.44140625,
      57101.44140625,
      57102.44140625,
      57103.44140625,
      57104.44140625,
      57105.44140625,
      57106.44140625,
      57107.44140625,
      57108.44140625,
      57109.44140625,
      57110.44140625,
      57111.44140625,
      57112.44140625,
      57113.44140625,
      57114.44140625,
      57115.44140625,
      57116.44140625,
      57117.44140625,
      57118.44140625,
      57119.44140625,
      57120.44140625,
      57121.44140625,
      57122.44140625,
      57123.44140625,
      57124.44140625,
      57125.44140625,
      57126.44140625,
      57127.44140625,
      57128.44140625,
      57129.44140625,
      57130.44140625,
      57131.44140625,
      57132.44140625,
      57133.44140625,
      57134.44140625,
      57135.44140625,
      57136.44140625,
      57137.44140625,
      57138.44140625,
      57139.44140625,
      57140.44140625,
      57141.44140625,
      57142.44140625,
      57143.44140625,
      57144.44140625,
      57145.44140625,
      57146.44140625,
      57147.44140625,
      57148.44140625,
      57149.44140625,
      57150.44140625,
      57151.44140625,
      57152.44140625,
      57153.44140625
    ],