{
  "C_Catalina Schmidt": {
    "bsplinemag": [
      19.004426060322487,
      27.334402544095077,
      30.82813947385149,
      30.203845216598417,
      27.040644206261273,
      22.917660876765503,
      19.414019662036537,
      18.108844995999807,
      17.9228844113997,
      17.87282567074759,
      17.97693995043175,
      18.205313887388,
      18.528034118552185,
      18.915187280860128,
      19.33686001124766,
      19.763138946650628,
      20.16411072400486,
      20.509861980246182,
      20.770479352310435,
      20.916049477133445,
      20.916658991651055,
      20.742394532799086,
      20.363342737513385,
      19.74959024272977,
      18.87122368538408,
      17.733325849488168,
      16.540492000613806,
      15.567913940514643,
      15.09086532848255,
      15.384619823809437,
      16.724451085787177,
      19.385632773707673,
      -512.321896811888,
      -1877.9266537924882,
      -3488.0823357483528,
      -4750.932474969159,
      -5074.620603744585,
      -3867.2902543643095,
      -537.0849591180099
    ],
    "dmag": [
      0.1021289974451065,
      0.09018900245428085,
      0.1070839986205101,
      0.06686799973249435,
      0.07272099703550339,
      0.06664200127124786,
      0.06893300265073776,
      0.09669700264930725,
      0.092849001288414,
      0.083917997777462,
      0.14059099555015564,
      0.1139720007777214,
      0.13020500540733337
    ],
    "goodstatus": true,
    "kernel": [
      5000.000000000004
    ],
    "mag": [
      19.006500244140625,
      18.732799530029297,
      19.106000900268555,
      18.06760025024414,
      18.247299194335938,
      18.054399490356445,
      18.128999710083008,
      18.886199951171875,
      18.904399871826172,
      18.67770004272461,
      19.67300033569336,
      19.206600189208984,
      19.479400634765625
    ],
    "mjd": [
      56685.44140625,
      56685.48046875,
      56685.51953125,
      56692.44140625,
      56692.48046875,
      56692.51953125,
      56692.55859375,
      56709.44140625,
      56709.48046875,
      56709.55859375,
      56716.48046875,
      56716.51953125,
      56723.55859375
    ],
    "modeldate": [
      56685.44140625,
      56686.44140625,
      56687.44140625,
      56688.44140625,
      56689.44140625,
      56690.44140625,
      56691.44140625,
      56692.44140625,
      56693.44140625,
      56694.44140625,
      56695.44140625,
      56696.44140625,
      56697.44140625,
      56698.44140625,
      56699.44140625,
      56700.44140625,
      56701.44140625,
      56702.44140625,
      56703.44140625,
      56704.44140625,
      56705.44140625,
      56706.44140625,
      56707.44140625,
      56708.44140625,
      56709.44140625,
      56710.44140625,
      56711.44140625,
      56712.44140625,
      56713.44140625,
      56714.44140625,
      56715.44140625,
      56716.44140625,
      56717.44140625,
      56718.44140625,
      56719.44140625,
      56720.44140625,
      56721.44140625,
      56722.44140625,
      56723.44140625
    ],
    "modelerr": [
      0.06089632648481929,
      0.39017430054047136,
      0.5967140500027657,
      0.6492506696472122,
      0.5857747169714383,
      0.44025913497224983,
      0.24262124874589525,
      0.036916129241085546,
      0.22276116292021464,
      0.4452080855177727,
      0.6454967318924156,
      0.8131458943033306,
      0.9413935870193467,
      1.0264582425713555,
      1.067178188300106,
      1.0646831298953414,
      1.0220957106473116,
      0.9442081779205014,
      0.8371698440449944,
      0.708179195313277,
      0.5651538551623645,
      0.41648988152310834,
      0.270963099765127,
      0.13890035370025752,
      0.05303192961869322,
      0.1016164782940674,
      0.16312248140341964,
      0.1970031805411033,
      0.1992785794044926,
      0.17158066950405845,
      0.12274229105498942,
      0.08827768504278798,
      0.13421429627815157,
      0.22195162457419196,
      0.30496985239587426,
      0.35694060729685995,
      0.3528675862802726,
      0.26829888385280354,
      0.13084115428185658
    ],
    "modelmag": [
      18.931081771850586,
      18.76654624938965,
      18.61836814880371,
      18.48658561706543,
      18.371328353881836,
      18.27242088317871,
      18.1897029876709,
      18.122953414916992,
      18.0717830657959,
      18.03578758239746,
      18.01436424255371,
      18.006986618041992,
      18.012983322143555,
      18.031675338745117,
      18.06215476989746,
      18.10365867614746,
      18.155241012573242,
      18.21595573425293,
      18.284757614135742,
      18.36066246032715,
      18.4425106048584,
      18.529172897338867,
      18.61946678161621,
      18.712141036987305,
      18.8060359954834,
      18.899839401245117,
      18.9921932220459,
      19.08185386657715,
      19.167348861694336,
      19.247411727905273,
      19.320608139038086,
      19.38551139831543,
      19.440702438354492,
      19.48470115661621,
      19.516019821166992,
      19.533254623413086,
      19.53480339050293,
      19.51917839050293,
      19.484899520874023
    ],
    "type": "Ia"
  }
}