{
  "w_Pan-STARRS1": {
    "bsplinemag": [
      19.87311003363601,
      19.72462923332083,
      19.785122921433835,
      20.029962518329153,
      20.43451944436093,
      20.974165119883303,
      21.62427096525041,
      22.3602084008164,
      23.157348846935406,
      23.991063723961574,
      24.836724452249044,
      25.66970245215196,
      26.46536914402445,
      27.199095948220677,
      27.84625428509476,
      28.382215575000856,
      28.782351238293096,
      29.022032695325624,
      29.07663136645258,
      28.921518672028114,
      28.532066032406355,
      27.88364486794144,
      26.95162659898753,
      25.711382645898748,
      24.13828442902924,
      22.207703368733156,
      19.89501088536462
    ],
    "dmag": [
      0.06582409888505936,
      0.05559929832816124,
      0.04880030080676079,
      0.04164259880781174,
      0.02854759991168976,
      0.02605069987475872,
      0.025966500863432884,
      0.039131298661231995,
      0.09463140368461609,
      0.10893599689006805,
      0.08225119858980179,
      0.10219500213861465
    ],
    "goodstatus": false,
    "kernel": [
      5000.000000000004
    ],
    "mag": [
      19.86949920654297,
      19.900999069213867,
      19.860599517822266,
      19.850400924682617,
      19.81220054626465,
      19.75309944152832,
      19.807199478149414,
      19.834199905395508,
      19.923999786376953,
      19.884899139404297,
      19.922700881958008,
      19.847200393676758
    ],
    "mjd": [
      57308.421875,
      57308.43359375,
      57308.44921875,
      57308.46484375,
      57310.46875,
      57310.48046875,
      57310.49609375,
      57310.51171875,
      57334.40234375,
      57334.4140625,
      57334.42578125,
      57334.4375
    ],
    "modeldate": [
      57308.421875,
      57309.421875,
      57310.421875,
      57311.421875,
      57312.421875,
      57313.421875,
      57314.421875,
      57315.421875,
      57316.421875,
      57317.421875,
      57318.421875,
      57319.421875,
      57320.421875,
      57321.421875,
      57322.421875,
      57323.421875,
      57324.421875,
      57325.421875,
      57326.421875,
      57327.421875,
      57328.421875,
      57329.421875,
      57330.421875,
      57331.421875,
      57332.421875,
      57333.421875,
      57334.421875
    ],
    "modelerr": [
      0.029709015127297376,
      0.26925246706711625,
      0.03390655376808051,
      0.624757338146086,
      1.6008112936705299,
      2.8095477397967925,
      4.170872600013627,
      5.612950919883605,
      7.072170961721472,
      8.493013455846384,
      9.827883815989999,
      11.036809930366015,
      12.087000044983572,
      12.952264184268497,
      13.61228948453129,
      14.051601017997054,
      14.25836536746474,
      14.22291877753644,
      13.936058637047836,
      13.387037867273039,
      12.561409385748805,
      11.438873104366383,
      9.99100332871245,
      8.179321251715415,
      5.953644016499081,
      3.250919065370943,
      0.048095083474751964
    ],
    "modelmag": [
      19.878440856933594,
      19.628623962402344,
      19.774192810058594,
      20.247398376464844,
      20.983421325683594,
      21.92053985595703,
      23.00080108642578,
      24.16960906982422,
      25.376136779785156,
      26.573219299316406,
      27.717811584472656,
      28.77082061767578,
      29.69715118408203,
      30.465919494628906,
      31.050682067871094,
      31.42890167236328,
      31.582664489746094,
      31.49823760986328,
      31.166236877441406,
      30.581687927246094,
      29.74388885498047,
      28.656410217285156,
      27.327171325683594,
      25.768226623535156,
      23.995765686035156,
      22.030128479003906,
      19.895484924316406
    ]
  }
}