{
  "w_Pan-STARRS1": {
    "bsplinemag": [
      19.125837260224998,
      18.993400095774255,
      18.873561298321277,
      18.7660116312057,
      18.670441857767194,
      18.586542741345415,
      18.514005045280022,
      18.452519532910674,
      18.40177696757702,
      18.36146811261872,
      18.331283731375443,
      18.31091458718684,
      18.300051443392565,
      18.298385063332283,
      18.30560621034564,
      18.321405647772306,
      18.345474138951936,
      18.37750244722418,
      18.41718133592871,
      18.464201568405173,
      18.518253907993227,
      18.57902911803254,
      18.646217961862757,
      18.719511202823544,
      18.798599604254555,
      18.883173929495445,
      18.972924941885882,
      19.067543404765512,
      19.166720081474004,
      19.270145735351004,
      19.37751112973618,
      19.48850702796918,
      19.602824193389672,
      19.720153389337312,
      19.84018537915175,
      19.962610926172662,
      20.08712079373968,
      20.213405745192475,
      20.341156543870706,
      20.47006395311403,
      20.599818736262105,
      20.73011165665459,
      20.860633477631136,
      20.991074962531414,
      21.121126874695065,
      21.250479977461758,
      21.37882503417115,
      21.505852808162896,
      21.63125406277665,
      21.754719561352083,
      21.87594006722884,
      21.99460634374659,
      22.11040915424497,
      22.22303926206366,
      22.33218743054231,
      22.437544423020576,
      22.538801002838117,
      22.635647933334596,
      22.72777597784966,
      22.814875899722978,
      22.8966384622942,
      22.97275442890298,
      23.042914562888996,
      23.106809627591886,
      23.16413038635131,
      23.214567602506932,
      23.25781203939841,
      23.2935544603654,
      23.321485628747553,
      23.341296307884537,
      23.352677261116007,
      23.355319251781616,
      23.348913043221028,
      23.3331493987739,
      23.307719081779886,
      23.272312855578647,
      23.226621483509838,
      23.170335728913123,
      23.10314635512815,
      23.024744125494582,
      22.934819803352084,
      22.83306415204031,
      22.719167934898902,
      22.592821915267532,
      22.453716856485865,
      22.301543521893542,
      22.135992674830238,
      21.956755078635595,
      21.76352149664928,
      21.555982692210947,
      21.333829428660255,
      21.096752469336863
    ],
    "dmag": [
      0.03187049925327301,
      0.0335410013794899,
      0.032075099647045135,
      0.03657640144228935,
      0.02211040072143078,
      0.022846100851893425,
      0.019229600206017494,
      0.0981191024184227,
      0.0522942990064621,
      0.04676099866628647,
      0.04991459846496582,
      0.049358200281858444,
      0.1130950003862381,
      0.12015800178050995,
      0.14557699859142303,
      0.09729959815740585
    ],
    "goodstatus": false,
    "kernel": [
      5000.000000000004
    ],
    "mag": [
      19.134599685668945,
      19.138599395751953,
      19.101200103759766,
      19.118900299072266,
      18.99959945678711,
      19.007299423217773,
      18.982099533081055,
      19.03420066833496,
      19.87540054321289,
      19.77630043029785,
      19.860599517822266,
      19.81399917602539,
      20.970600128173828,
      20.903499603271484,
      20.9906005859375,
      20.830400466918945
    ],
    "mjd": [
      57071.5390625,
      57071.55078125,
      57071.5625,
      57071.57421875,
      57072.51171875,
      57072.5234375,
      57072.53515625,
      57072.546875,
      57105.421875,
      57105.4375,
      57105.44921875,
      57105.46484375,
      57163.265625,
      57163.28125,
      57163.296875,
      57163.30859375
    ],
    "modeldate": [
      57071.5390625,
      57072.5390625,
      57073.5390625,
      57074.5390625,
      57075.5390625,
      57076.5390625,
      57077.5390625,
      57078.5390625,
      57079.5390625,
      57080.5390625,
      57081.5390625,
      57082.5390625,
      57083.5390625,
      57084.5390625,
      57085.5390625,
      57086.5390625,
      57087.5390625,
      57088.5390625,
      57089.5390625,
      57090.5390625,
      57091.5390625,
      57092.5390625,
      57093.5390625,
      57094.5390625,
      57095.5390625,
      57096.5390625,
      57097.5390625,
      57098.5390625,
      57099.5390625,
      57100.5390625,
      57101.5390625,
      57102.5390625,
      57103.5390625,
      57104.5390625,
      57105.5390625,
      57106.5390625,
      57107.5390625,
      57108.5390625,
      57109.5390625,
      57110.5390625,
      57111.5390625,
      57112.5390625,
      57113.5390625,
      57114.5390625,
      57115.5390625,
      57116.5390625,
      57117.5390625,
      57118.5390625,
      57119.5390625,
      57120.5390625,
      57121.5390625,
      57122.5390625,
      57123.5390625,
      57124.5390625,
      57125.5390625,
      57126.5390625,
      57127.5390625,
      57128.5390625,
      57129.5390625,
      57130.5390625,
      57131.5390625,
      57132.5390625,
      57133.5390625,
      57134.5390625,
      57135.5390625,
      57136.5390625,
      57137.5390625,
      57138.5390625,
      57139.5390625,
      57140.5390625,
      57141.5390625,
      57142.5390625,
      57143.5390625,
      57144.5390625,
      57145.5390625,
      57146.5390625,
      57147.5390625,
      57148.5390625,
      57149.5390625,
      57150.5390625,
      57151.5390625,
      57152.5390625,
      57153.5390625,
      57154.5390625,
      57155.5390625,
      57156.5390625,
      57157.5390625,
      57158.5390625,
      57159.5390625,
      57160.5390625,
      57161.5390625,
      57162.5390625
    ],