{
  "i_Pan-STARRS1": {
    "bsplinemag": [
      17.84765254495228,
      17.89745930777096,
      17.987160652081258,
      18.115413447433838,
      18.280874563379342,
      18.482200869468418,
      18.71804923525173,
      18.98707653027991,
      19.28793962410362,
      19.619295386273507,
      19.979800686340205,
      20.368112393854396,
      20.782887378366713,
      21.222782509427795,
      21.68645465658831,
      22.172560689398903,
      22.679757477410224,
      23.206701890172916,
      23.75205079723764,
      24.314461068155044,
      24.892589572475764,
      25.48509317975047,
      26.090628759529796,
      26.707853181364406,
      27.335423314804938,
      27.971996029402053,
      28.61622819470639,
      29.266776680268606,
      29.922298355639352,
      30.581450090369273,
      31.242888754009023,
      31.90527121610925,
      32.56725434622061,
      33.22749501389374,
      33.88465008867929,
      34.537376440127936,
      35.18433093779031,
      35.82417045121705,
      36.45555184995882,
      37.07713200356626,
      37.687567781590054,
      38.285516053580814,
      38.869633689089206,
      39.43857755766587,
      39.99100452886147,
      40.52557147222664,
      41.04093525731204,
      41.53575275366832,
      42.00868083084614,
      42.45837635839613,
      42.88349620586894,
      43.28269724281524,
      43.65463633878567,
      43.997970363330886,
      44.31135618600151,
      44.59345067634823,
      44.842910703921675,
      45.05839313827251,
      45.23855484895135,
      45.3820527055089,
      45.48754357749576,
      45.55368433446259,
      45.57913184596008,
      45.56254298153883,
      45.502574610749505,
      45.39788360314278,
      45.24712682826928,
      45.048961155679656,
      44.802043454924565,
      44.50503059555466,
      44.15657944712058,
      43.75534687917296,
      43.299989761262495,
      42.78916496293981,
      42.22152935375555,
      41.59573980326038,
      40.91045318100494,
      40.164326356539874,
      39.35601619941583,
      38.48417957918348,
      37.54747336539347,
      36.544554427596424,
      35.47407963534301,
      34.3347058581839,
      33.1250899656697,
      31.84388882735109,
      30.489759312778716,
      29.06135829150322,
      27.55734263307525,
      25.976369207045465,
      24.317094882964515,
      22.57817653038305
    ],
    "dmag": [
      0.06854069977998734,
      0.07662919908761978,
      0.05813099816441536,
      0.09663630276918411,
      0.030380399897694588,
      0.05053729936480522,
      0.04862910136580467,
      0.030295200645923615,
      0.1851080060005188,
      0.18804499506950378,
      0.1694280058145523
    ],
    "goodstatus": false,
    "kernel": [
      5000.000000000004
    ],
    "mag": [
      17.795900344848633,
      17.80139923095703,
      17.905500411987305,
      17.867000579833984,
      17.899499893188477,
      17.912700653076172,
      17.89550018310547,
      17.892099380493164,
      20.877899169921875,
      20.96030044555664,
      20.81369972229004
    ],
    "mjd": [
      57063.6328125,
      57063.640625,
      57063.6484375,
      57063.65625,
      57064.625,
      57064.6328125,
      57064.64453125,
      57064.65625,
      57155.546875,
      57155.5625,
      57155.58984375
    ],
    "modeldate": [
      57063.6328125,
      57064.6328125,
      57065.6328125,
      57066.6328125,
      57067.6328125,
      57068.6328125,
      57069.6328125,
      57070.6328125,
      57071.6328125,
      57072.6328125,
      57073.6328125,
      57074.6328125,
      57075.6328125,
      57076.6328125,
      57077.6328125,
      57078.6328125,
      57079.6328125,
      57080.6328125,
      57081.6328125,
      57082.6328125,
      57083.6328125,
      57084.6328125,
      57085.6328125,
      57086.6328125,
      57087.6328125,
      57088.6328125,
      57089.6328125,
      57090.6328125,
      57091.6328125,
      57092.6328125,
      57093.6328125,
      57094.6328125,
      57095.6328125,
      57096.6328125,
      57097.6328125,
      57098.6328125,
      57099.6328125,
      57100.6328125,
      57101.6328125,
      57102.6328125,
      57103.6328125,
      57104.6328125,
      57105.6328125,
      57106.6328125,
      57107.6328125,
      57108.6328125,
      57109.6328125,
      57110.6328125,
      57111.6328125,
      57112.6328125,
      57113.6328125,
      57114.6328125,
      57115.6328125,
      57116.6328125,
      57117.6328125,
      57118.6328125,
      57119.6328125,
      57120.6328125,
      57121.6328125,
      57122.6328125,
      57123.6328125,
      57124.6328125,
      57125.6328125,
      57126.6328125,
      57127.6328125,
      57128.6328125,
      57129.6328125,
      57130.6328125,
      57131.6328125,
      57132.6328125,
      57133.6328125,
      57134.6328125,
      57135.6328125,
      57136.6328125,
      57137.6328125,
      57138.6328125,
      57139.6328125,
      57140.6328125,
      57141.6328125,
      57142.6328125,
      57143.6328125,
      57144.6328125,
      57145.6328125,
      57146.6328125,
      57147.6328125,
      57148.6328125,
      57149.6328125,
      57150.6328125,
      57151.6328125,
      57152.6328125,
      57153.6328125,
      57154.6328125
    ],
    "modelerr": [
      0.03860819804838046,
      0.020309213225669358,
      2.3185953793036997,
      6.887613481808665,
      13.5919591315959,
      22.326746252695873,
      32.988490286617065,
      45.475023352064916,
      59.68522338519876,
      75.51889414294844,
      92.87655403716167,
      111.65934866559289,
      131.76879732250256,
      153.106687260385,
      175.57501380352198,
      199.0757069289281,
      223.51071421652952,
      248.78173743071937,
      274.79031247452895,
      301.4376969705595,
      328.6248146621048,
      356.25234801806937,
      384.22064715921925,
      412.4298682867383,
      440.7799442535608,
      469.1707477086616,
      497.5021470085857,
      525.6741658960699,
      553.5870852128155,
      581.1416597618405,
      608.2392644844183,
      634.7821566326844,
      660.6735746756373,
      685.8181540696678,
      710.1220192003129,
      733.4931132185717,
      755.8414615238916,
      777.0795027579289,
      797.1222889118173,
      815.8879005329219,
      833.2976380154964,
      849.2764333429847,
      863.7530846873295,
      876.6606477873178,
      887.9366869396118,
      897.5236293057061,
      905.3690429003294,
      911.4259518669522,
      915.6531963191364,
      918.0155777619792,
      918.4843178432008,
      917.0372006785964,
      913.658885523921,
      908.3411408742987,
      901.0831027012275,
      891.891442749998,
      880.7806548574893,
      867.7731319252316,
      852.8994376340598,
      836.1983758589914,
      817.7171822956858,
      797.5116008464868,
      775.6459705994439,
      752.193305214009,
      727.235346955003,
      700.8625780943441,
      673.1742122568753,
      644.2782012068742,
      614.2911646917516,
      583.3383342184782,
      551.5534698110215,
      519.0787113379641,
      486.0644924559045,
      452.66929652433754,
      419.05958067170843,
      385.4094621293571,
      351.9005221825617,
      318.7215428847599,
      286.0682146136261,
      254.14274744788688,
      223.15356452564305,
      193.31479021449204,
      164.84574754851565,
      137.97020059689186,
      112.91531768757854,
      89.91000382506233,
      69.18188890759544,
      50.95121900075416,
      35.417168229235386,
      22.724263399815822,
      12.87609497525069,
      5.527052326405391
    ],