{
  "w_Pan-STARRS1": {
    "bsplinemag": [
      18.86222146024287,
      17.774299632854895,
      18.410902563222013,
      19.041103470201246,
      19.093592875135617,
      19.132631211138076,
      19.15970199963294,
      19.176288762044514,
      19.1838750197971,
      19.183944294315012,
      19.177980107022552,
      19.167465979344033,
      19.153885432703767,
      19.138721988526054,
      19.123459168235208,
      19.109580493255535,
      19.09856948501133,
      19.091909664926916,
      19.091084554426597,
      19.09757767493469,
      19.112872547875483,
      19.1384526946733,
      19.175801636752432,
      19.226402895537213,
      19.29173999245193,
      19.373296448920897,
      19.472555786368424,
      19.591001526218808,
      19.73011718989637,
      19.89138629882541,
      20.076292374430242,
      20.28631811550207,
      20.5137858965524,
      20.719173020174914,
      20.856041156210345,
      20.877951974499467,
      20.73846714488302,
      20.392364565575487,
      20.15378284786165,
      20.251788287791005,
      20.625347452800938,
      21.21342691032881,
      21.95499322781197,
      22.78901297268781,
      23.654452712393677,
      24.490279014366962,
      25.235458446045005,
      25.828957574865186,
      26.209742968264877,
      26.316781193681425,
      26.089038818552215,
      25.46548241031461,
      24.38507853640597,
      22.786793764263678,
      20.70948794411574,
      20.528683793229323,
      21.00043720597718,
      22.81374315852016,
      24.175471292030412,
      25.125247418862063,
      25.702697351369256,
      25.9474469019061,
      25.899121882826748,
      25.597348106485313,
      25.081751385235933,
      24.391957531432727,
      23.567592357429845,
      22.64828167558139,
      21.67365129824151,
      20.683327037764343,
      19.716934706503995,
      18.814100116814615,
      18.01444908105032,
      17.357607411565255,
      16.88320092071353,
      16.630855420849294,
      16.640196724326657,
      16.950850643499773,
      17.60244299072275,
      18.634599578349732,
      20.086946218734845
    ],
    "dmag": [
      0.016015399247407913,
      0.017336999997496605,
      0.02254669927060604,
      0.01419019978493452,
      0.03376400098204613,
      0.026880700141191483,
      0.029609499499201775,
      0.040446601808071136,
      0.03076460026204586,
      0.15226499736309052,
      0.16297399997711182,
      0.134442999958992,
      0.15838199853897095,
      0.05904940143227577,
      0.10350699722766876,
      0.05853629857301712,
      0.06075479835271835,
      0.07431360334157944,
      0.0674021989107132,
      0.06343580037355423,
      0.07757370173931122,
      0.07764410227537155,
      0.06274030357599258,
      0.06924069672822952,
      0.12715299427509308,
      0.1546899974346161,
      0.13330399990081787,
      0.07851540297269821,
      0.09149769693613052,
      0.09454759955406189,
      0.07830709964036942,
      0.07032640278339386,
      0.12581700086593628,
      0.13312700390815735,
      0.07479549944400787,
      0.18777699768543243,
      0.1500290036201477,
      0.20132200419902802
    ],
    "goodstatus": true,
    "kernel": [
      5000.000000000004
    ],
    "mag": [
      18.84079933166504,
      18.894100189208984,
      18.86370086669922,
      18.802000045776367,
      19.04509925842285,
      19.035200119018555,
      19.042999267578125,
      19.043800354003906,
      19.159700393676758,
      20.219900131225586,
      20.319700241088867,
      20.244300842285156,
      20.356800079345703,
      20.43549919128418,
      20.428699493408203,
      20.38990020751953,
      20.436399459838867,
      21.054500579833984,
      20.872299194335938,
      20.800600051879883,
      20.779699325561523,
      20.862899780273438,
      20.77589988708496,
      20.85449981689453,
      21.05229949951172,
      21.034099578857422,
      20.955699920654297,
      20.865999221801758,
      20.911699295043945,
      20.87310028076172,
      20.789400100708008,
      20.730100631713867,
      20.880699157714844,
      21.240699768066406,
      20.715499877929688,
      21.5310001373291,
      21.61720085144043,
      21.56760025024414
    ],
    "mjd": [
      57190.55859375,
      57190.5703125,
      57190.58203125,
      57190.59375,
      57193.5390625,
      57193.55078125,
      57193.5625,
      57193.57421875,
      57196.55859375,
      57221.51171875,
      57221.5234375,
      57221.53515625,
      57221.546875,
      57227.47265625,
      57227.484375,
      57227.5,
      57227.51171875,
      57244.42578125,
      57244.4375,
      57244.44921875,
      57244.4609375,
      57244.4609375,
      57244.47265625,
      57244.49609375,
      57245.4296875,
      57245.44140625,
      57245.453125,
      57245.46484375,
      57245.46484375,
      57245.4765625,
      57245.48828125,
      57245.5,
      57246.46875,
      57246.48046875,
      57246.4921875,
      57271.33984375,
      57271.36328125,
      57271.375
    ],
    "modeldate": [
      57190.55859375,
      57191.55859375,
      57192.55859375,
      57193.55859375,
      57194.55859375,
      57195.55859375,
      57196.55859375,
      57197.55859375,
      57198.55859375,
      57199.55859375,
      57200.55859375,
      57201.55859375,
      57202.55859375,
      57203.55859375,
      57204.55859375,
      57205.55859375,
      57206.55859375,
      57207.55859375,
      57208.55859375,
      57209.55859375,
      57210.55859375,
      57211.55859375,
      57212.55859375,
      57213.55859375,
      57214.55859375,
      57215.55859375,
      57216.55859375,
      57217.55859375,
      57218.55859375,
      57219.55859375,
      57220.55859375,
      57221.55859375,
      57222.55859375,
      57223.55859375,
      57224.55859375,
      57225.55859375,
      57226.55859375,
      57227.55859375,
      57228.55859375,
      57229.55859375,
      57230.55859375,
      57231.55859375,
      57232.55859375,
      57233.55859375,
      57234.55859375,
      57235.55859375,
      57236.55859375,
      57237.55859375,
      57238.55859375,
      57239.55859375,
      57240.55859375,
      57241.55859375,
      57242.55859375,
      57243.55859375,
      57244.55859375,
      57245.55859375,
      57246.55859375,
      57247.55859375,
      57248.55859375,
      57249.55859375,
      57250.55859375,
      57251.55859375,
      57252.55859375,
      57253.55859375,
      57254.55859375,
      57255.55859375,
      57256.55859375,
      57257.55859375,
      57258.55859375,
      57259.55859375,
      57260.55859375,
      57261.55859375,
      57262.55859375,
      57263.55859375,
      57264.55859375,
      57265.55859375,
      57266.55859375,
      57267.55859375,
      57268.55859375,
      57269.55859375,
      57270.55859375
    ],