{
  "R_PTF48": {
    "bsplinemag": [
      20.73232334448515,
      20.674698164626058,
      20.582935824260197,
      20.46593861555553,
      20.33260883068002,
      20.191848761801637,
      20.052560701088353,
      19.92364694070812,
      19.81400977282891,
      19.732551489618697,
      19.68815615562201,
      19.68005392093656,
      19.68197979125233,
      19.66350879853199,
      19.594220410415,
      19.482975820311452,
      19.438526907118984,
      19.451505592831076,
      19.494170928522376,
      19.591802587197286,
      19.73049432022573,
      19.883684893376312,
      20.024813072417633,
      20.127317623118294,
      20.164637478545657,
      20.124140637855458,
      20.045130691251455,
      19.979013263387497,
      19.965888813319566,
      20.002199052222057,
      20.073848086654724,
      20.16674002317734,
      20.266778968349694,
      20.359868992243893,
      20.429979141150465,
      20.453961441437393,
      20.419090858716356,
      20.34673593880665,
      20.26056222506768,
      20.17370501857163,
      20.097430252635984,
      20.043003860578242,
      20.021691775715897,
      20.044747368569702,
      20.118037270521274,
      20.233672642584526,
      20.381600573733692,
      20.55176815294298,
      20.73412246918662,
      20.91861061143881,
      21.09517966867379,
      21.25377672986577,
      21.38434888398897,
      21.476843220017606,
      21.521206826925894,
      21.507386793688063,
      21.425330209278325,
      21.26516840343238,
      21.071433318331025,
      21.018604688302066
    ],
    "dmag": [
      0.17000000178813934,
      0.23000000417232513,
      0.11999999731779099,
      0.10999999940395355,
      0.10000000149011612,
      0.10000000149011612,
      0.10000000149011612,
      0.09000000357627869,
      0.14000000059604645,
      0.12999999523162842,
      0.2199999988079071,
      0.11999999731779099,
      0.12999999523162842,
      0.12999999523162842,
      0.11999999731779099,
      0.1599999964237213,
      0.17000000178813934,
      0.1599999964237213,
      0.09000000357627869,
      0.05999999865889549,
      0.11999999731779099,
      0.10000000149011612,
      0.11999999731779099,
      0.10000000149011612,
      0.15000000596046448,
      0.10999999940395355,
      0.11999999731779099,
      0.14000000059604645,
      0.18000000715255737,
      0.20999999344348907,
      0.1899999976158142,
      0.3100000023841858,
      0.17000000178813934,
      0.17000000178813934,
      0.1599999964237213,
      0.15000000596046448,
      0.23999999463558197,
      0.20999999344348907,
      0.25999999046325684,
      0.3400000035762787,
      0.3199999928474426,
      0.3100000023841858,
      0.27000001072883606,
      0.36000001430511475,
      0.3700000047683716,
      0.25999999046325684,
      0.23000000417232513,
      0.3199999928474426
    ],
    "goodstatus": true,
    "kernel": [
      5000.000000000004
    ],
    "mag": [
      20.649999618530273,
      20.8799991607666,
      20.010000228881836,
      19.8799991607666,
      19.65999984741211,
      19.75,
      19.760000228881836,
      19.639999389648438,
      19.56999969482422,
      19.829999923706055,
      19.729999542236328,
      19.700000762939453,
      19.670000076293945,
      19.6200008392334,
      19.219999313354492,
      19.530000686645508,
      19.520000457763672,
      19.530000686645508,
      19.610000610351562,
      19.420000076293945,
      19.5,
      19.34000015258789,
      19.75,
      19.540000915527344,
      20.18000030517578,
      19.989999771118164,
      20.079999923706055,
      20.079999923706055,
      19.8799991607666,
      20.6200008392334,
      19.989999771118164,
      20.989999771118164,
      20.469999313354492,
      20.510000228881836,
      20.43000030517578,
      20.200000762939453,
      20.540000915527344,
      20.5,
      19.610000610351562,
      20.260000228881836,
      20.3799991607666,
      21.209999084472656,
      21.010000228881836,
      21.260000228881836,
      21.43000030517578,
      21.049999237060547,
      20.920000076293945,
      21.260000228881836
    ],
    "mjd": [
      56745.38671875,
      56745.421875,
      56752.37890625,
      56752.4140625,
      56754.2578125,
      56754.29296875,
      56755.24609375,
      56755.35546875,
      56756.3671875,
      56756.40234375,
      56757.3515625,
      56757.38671875,
      56759.3359375,
      56759.3671875,
      56760.3671875,
      56760.40234375,
      56761.3359375,
      56761.37109375,
      56762.32421875,
      56762.359375,
      56763.33984375,
      56763.37109375,
      56764.33984375,
      56764.37890625,
      56769.36328125,
      56771.328125,
      56771.359375,
      56772.375,
      56772.4140625,
      56778.296875,
      56778.359375,
      56779.375,
      56780.23828125,
      56780.26953125,
      56781.23828125,
      56781.26953125,
      56782.2734375,
      56782.3125,
      56788.19921875,
      56788.234375,
      56789.203125,
      56795.1953125,
      56802.2109375,
      56803.17578125,
      56803.20703125,
      56804.17578125,
      56804.20703125,
      56805.17578125
    ],
    "modeldate": [
      56745.38671875,
      56746.38671875,
      56747.38671875,
      56748.38671875,
      56749.38671875,
      56750.38671875,
      56751.38671875,
      56752.38671875,
      56753.38671875,
      56754.38671875,
      56755.38671875,
      56756.38671875,
      56757.38671875,
      56758.38671875,
      56759.38671875,
      56760.38671875,
      56761.38671875,
      56762.38671875,
      56763.38671875,
      56764.38671875,
      56765.38671875,
      56766.38671875,
      56767.38671875,
      56768.38671875,
      56769.38671875,
      56770.38671875,
      56771.38671875,
      56772.38671875,
      56773.38671875,
      56774.38671875,
      56775.38671875,
      56776.38671875,
      56777.38671875,
      56778.38671875,
      56779.38671875,
      56780.38671875,
      56781.38671875,
      56782.38671875,
      56783.38671875,
      56784.38671875,
      56785.38671875,
      56786.38671875,
      56787.38671875,
      56788.38671875,
      56789.38671875,
      56790.38671875,
      56791.38671875,
      56792.38671875,
      56793.38671875,
      56794.38671875,
      56795.38671875,
      56796.38671875,
      56797.38671875,
      56798.38671875,
      56799.38671875,
      56800.38671875,
      56801.38671875,
      56802.38671875,
      56803.38671875,
      56804.38671875
    ],