{
  "R_PTF48": {
    "bsplinemag": [
      20.471609133429407,
      20.15651489479855,
      19.960219342056373,
      19.83408880515725,
      19.733841723302433,
      19.64571946279446,
      19.569026795975205,
      19.503117989408796,
      19.44734730965932,
      19.40106902329092,
      19.36363739686768,
      19.334473988299067,
      19.313609512255844,
      19.301398570182407,
      19.298198761292458,
      19.304367684799686,
      19.32026293991779,
      19.346242125860474,
      19.377548803981576,
      19.38441559219804,
      19.38159260163023,
      19.380521701723094,
      19.38132542862689,
      19.384094105753448,
      19.38891805651457,
      19.395887604322077,
      19.40509307258777,
      19.416658344040673,
      19.430889684192984,
      19.448155019944856,
      19.468822326675046,
      19.493259579762277,
      19.521834754585264,
      19.55491582652276,
      19.592870770953482,
      19.636067563256177,
      19.683383480701984,
      19.723621720485813,
      19.741414575046246,
      19.721381009584057,
      19.662580493472863,
      19.64339781719682,
      19.67516545817017,
      19.72076041569033,
      19.75875228150857,
      19.78744252805184,
      19.810216287663494,
      19.830463116470675,
      19.851572570600535,
      19.876934206180234,
      19.909937579336912,
      19.95397224619773,
      20.01242776288983,
      20.07839180168007,
      20.100220086116487,
      20.043852739760837,
      19.980274466396178,
      19.954810705377447,
      19.990254083312415,
      20.064378732704615,
      20.144135150446967,
      20.217142336057464,
      20.278170802405683,
      20.32199794230723,
      20.343401148577737,
      20.337157814032807,
      20.298045331488062,
      20.264259050166974,
      20.451784801702857
    ],
    "dmag": [
      0.14000000059604645,
      0.14000000059604645,
      0.11999999731779099,
      0.10999999940395355,
      0.11999999731779099,
      0.14000000059604645,
      0.11999999731779099,
      0.05999999865889549,
      0.05999999865889549,
      0.05000000074505806,
      0.05000000074505806,
      0.05999999865889549,
      0.05000000074505806,
      0.05000000074505806,
      0.05999999865889549,
      0.05999999865889549,
      0.05999999865889549,
      0.07999999821186066,
      0.05999999865889549,
      0.05000000074505806,
      0.05999999865889549,
      0.09000000357627869,
      0.10999999940395355,
      0.07000000029802322,
      0.10999999940395355,
      0.09000000357627869,
      0.15000000596046448,
      0.11999999731779099,
      0.1599999964237213,
      0.12999999523162842,
      0.07999999821186066,
      0.05999999865889549,
      0.10000000149011612,
      0.10000000149011612,
      0.09000000357627869,
      0.09000000357627869,
      0.09000000357627869,
      0.10000000149011612,
      0.1599999964237213,
      0.11999999731779099,
      0.05999999865889549,
      0.09000000357627869,
      0.10999999940395355,
      0.09000000357627869,
      0.10000000149011612,
      0.17000000178813934,
      0.11999999731779099,
      0.1899999976158142,
      0.15000000596046448,
      0.12999999523162842,
      0.17000000178813934,
      0.07999999821186066,
      0.07000000029802322,
      0.05999999865889549,
      0.07999999821186066,
      0.07999999821186066,
      0.09000000357627869,
      0.07000000029802322,
      0.07999999821186066,
      0.12999999523162842,
      0.10999999940395355,
      0.3100000023841858,
      0.17000000178813934,
      0.1899999976158142,
      0.3499999940395355,
      0.2800000011920929,
      0.33000001311302185,
      0.33000001311302185,
      0.1599999964237213,
      0.28999999165534973,
      0.30000001192092896,
      0.20999999344348907,
      0.15000000596046448,
      0.18000000715255737,
      0.12999999523162842,
      0.18000000715255737,
      0.11999999731779099,
      0.11999999731779099,
      0.10999999940395355,
      0.10000000149011612,
      0.10999999940395355,
      0.09000000357627869,
      0.11999999731779099,
      0.36000001430511475
    ],
    "goodstatus": true,
    "kernel": [
      5000.000000000004
    ],
    "mag": [
      20.450000762939453,
      20.469999313354492,
      20.110000610351562,
      20.020000457763672,
      19.940000534057617,
      20.059999465942383,
      19.709999084472656,
      19.690000534057617,
      19.770000457763672,
      19.510000228881836,
      19.329999923706055,
      19.420000076293945,
      19.31999969482422,
      19.219999313354492,
      19.3700008392334,
      19.329999923706055,
      19.389999389648438,
      19.43000030517578,
      19.469999313354492,
      19.299999237060547,
      19.3799991607666,
      19.399999618530273,
      19.280000686645508,
      19.329999923706055,
      19.489999771118164,
      19.389999389648438,
      19.700000762939453,
      19.43000030517578,
      19.329999923706055,
      19.329999923706055,
      19.360000610351562,
      19.389999389648438,
      19.350000381469727,
      19.3700008392334,
      19.389999389648438,
      19.440000534057617,
      19.520000457763672,
      19.5,
      19.469999313354492,
      19.520000457763672,
      19.56999969482422,
      19.690000534057617,
      19.600000381469727,
      19.770000457763672,
      19.850000381469727,
      19.81999969482422,
      19.450000762939453,
      19.8799991607666,
      19.639999389648438,
      19.530000686645508,
      19.510000228881836,
      19.84000015258789,
      19.600000381469727,
      19.670000076293945,
      19.829999923706055,
      19.829999923706055,
      19.75,
      19.760000228881836,
      19.770000457763672,
      19.969999313354492,
      19.81999969482422,
      20.09000015258789,
      19.84000015258789,
      20.030000686645508,
      20.520000457763672,
      20.290000915527344,
      20.229999542236328,
      20.459999084472656,
      19.75,
      20.43000030517578,
      20.1200008392334,
      19.75,
      20.219999313354492,
      20.360000610351562,
      20.020000457763672,
      19.940000534057617,
      20.420000076293945,
      20.40999984741211,
      20.309999465942383,
      20.190000534057617,
      20.360000610351562,
      20.190000534057617,
      20.520000457763672,
      20.219999313354492
    ],