{
  "R_PTF48": {
    "bsplinemag": [
      20.607900270597824,
      20.394606824499622,
      20.236782884056705,
      20.12576908604515,
      20.05290606724106,
      20.00953446442053,
      19.98699491435963,
      19.976628053834474,
      19.969774519621147,
      19.957774948495732,
      19.931969977234328,
      19.883700242613013
    ],
    "dmag": [
      0.3100000023841858,
      0.17000000178813934,
      0.1599999964237213,
      0.1599999964237213,
      0.15000000596046448,
      0.12999999523162842,
      0.1899999976158142,
      0.10999999940395355,
      0.10000000149011612,
      0.14000000059604645,
      0.10999999940395355,
      0.10000000149011612,
      0.12999999523162842,
      0.10999999940395355,
      0.07999999821186066,
      0.11999999731779099,
      0.10000000149011612,
      0.09000000357627869,
      0.11999999731779099,
      0.07000000029802322,
      0.07000000029802322,
      0.10000000149011612,
      0.07999999821186066,
      0.07999999821186066,
      0.12999999523162842,
      0.10000000149011612,
      0.09000000357627869,
      0.11999999731779099,
      0.10000000149011612,
      0.07000000029802322,
      0.17000000178813934,
      0.09000000357627869,
      0.07000000029802322,
      0.17000000178813934,
      0.07000000029802322
    ],
    "goodstatus": true,
    "kernel": [
      5000.000000000004
    ],
    "mag": [
      21.18000030517578,
      20.65999984741211,
      20.75,
      20.3799991607666,
      20.15999984741211,
      20.3700008392334,
      20.34000015258789,
      20.049999237060547,
      20.1299991607666,
      20.100000381469727,
      20.170000076293945,
      20.139999389648438,
      20.040000915527344,
      20.149999618530273,
      20.020000457763672,
      19.989999771118164,
      20.09000015258789,
      20.020000457763672,
      20.15999984741211,
      19.959999084472656,
      20.09000015258789,
      19.90999984741211,
      19.93000030517578,
      19.969999313354492,
      20.049999237060547,
      19.850000381469727,
      19.940000534057617,
      19.940000534057617,
      20.100000381469727,
      19.899999618530273,
      20.0,
      19.8799991607666,
      19.889999389648438,
      19.899999618530273,
      19.93000030517578
    ],
    "mjd": [
      56510.35546875,
      56510.3984375,
      56510.43359375,
      56511.36328125,
      56511.41015625,
      56511.44921875,
      56512.34765625,
      56512.3984375,
      56512.43359375,
      56513.34765625,
      56513.40234375,
      56513.44140625,
      56514.34375,
      56514.40234375,
      56514.4375,
      56515.33984375,
      56515.3828125,
      56515.41796875,
      56516.3359375,
      56516.390625,
      56516.4296875,
      56517.3359375,
      56517.37890625,
      56517.4140625,
      56518.34375,
      56518.37890625,
      56518.4140625,
      56519.328125,
      56519.3671875,
      56519.40625,
      56520.32421875,
      56520.36328125,
      56520.40625,
      56521.32421875,
      56521.4375
    ],
    "modeldate": [
      56510.35546875,
      56511.35546875,
      56512.35546875,
      56513.35546875,
      56514.35546875,
      56515.35546875,
      56516.35546875,
      56517.35546875,
      56518.35546875,
      56519.35546875,
      56520.35546875,
      56521.35546875
    ],
    "modelerr": [
      0.09938412798339347,
      0.049458817430080466,
      0.041832910137898235,
      0.03635646575973884,
      0.03046186320406684,
      0.02857175554360897,
      0.027930370402490412,
      0.02674426550318194,
      0.02864675809350123,
      0.032798546140130204,
      0.033467752906628505,
      0.05579240959799102
    ],
    "modelmag": [
      20.70755958557129,
      20.378206253051758,
      20.189950942993164,
      20.094240188598633,
      20.051790237426758,
      20.03269386291504,
      20.016496658325195,
      19.99224281311035,
      19.95836067199707,
      19.922731399536133,
      19.90275001525879,
      19.92508888244629
    ]
  },
  "r_PTF60": {
    "bsplinemag": [
      20.13503638364929,
      20.123706805330208,
      20.113805822759968,
      20.105296566930452,
      20.098142168833547,
      20.092305759461134,
      20.087750469805083,
      20.084439430857294,
      20.08233577360965,
      20.08140262905401,
      20.08160312818229,
      20.082900401986347,
      20.085257581458073,
      20.088637797589353,
      20.093004181372063,
      20.098319863798086,
      20.104547975859315,
      20.111651648547625,
      20.11959401285489,
      20.128338199773005,
      20.13784734029385,
      20.148084565409306,
      20.15901300611126,
      20.17059579339158,
      20.182796058242168,
      20.195576931654898,
      20.208901544621646,
      20.222733028134304,
      20.237034513184753,
      20.25176913076487,
      20.266900011866547,
      20.282390287481658,
      20.298203088602087,
      20.314301546219724,
      20.330648791326436,
      20.347207954914126,
      20.363942167974667,
      20.38081456149993,
      20.39778826648181,
      20.41482641391219,
      20.431892134782956,
      20.44894856008598,
      20.465958820813142,
      20.482886047956345,
      20.49969337250745,
      20.516343925458358,
      20.532800837800934,
      20.549027240527067,
      20.564986264628644,
      20.580641041097543,
      20.595954700925653,
      20.61089037510485,
      20.625411194627016,
      20.639480290484038,
      20.653060793667787,
      20.666115835170164,
      20.678608545983042,
      20.690502057098307,
      20.70175949950783,
      20.71234400420351,
      20.72221870217722,
      20.731346724420842,
      20.73969120192626,
      20.747215265685362,
      20.753882046690023,
      20.759654675932133,
      20.764496284403567,
      20.76837000309621,
      20.771238963001945,
      20.773066295112656,
      20.773815130420225,
      20.773448599916534,
      20.771929834593465,
      20.769221965442906,
      20.765288123456727,
      20.760091439626823
    ],
    "dmag": [
      0.18000000715255737,
      0.10999999940395355,
      0.1599999964237213,
      0.12999999523162842,
      0.2199999988079071,
      0.20000000298023224,
      0.10999999940395355,
      0.27000001072883606,
      0.2800000011920929,
      0.3199999928474426,
      0.23999999463558197,
      0.23999999463558197,
      0.3199999928474426,
      0.4000000059604645,
      0.18000000715255737,
      0.23999999463558197
    ],
    "goodstatus": true,
    "kernel": [
      5000.000000000004
    ],
    "mag": [
      20.209999084472656,
      20.020000457763672,
      20.229999542236328,
      20.06999969482422,
      20.299999237060547,
      20.1200008392334,
      20.09000015258789,
      20.579999923706055,
      20.559999465942383,
      20.8700008392334,
      20.440000534057617,
      20.459999084472656,
      20.790000915527344,
      20.940000534057617,
      20.760000228881836,
      20.799999237060547
    ],
    "mjd": [
      56533.29296875,
      56537.30078125,
      56540.484375,
      56549.26953125,
      56553.234375,
      56554.23046875,
      56559.43359375,
      56564.20703125,
      56568.19140625,
      56572.203125,
      56578.1640625,
      56591.4921875,
      56596.2421875,
      56597.17578125,
      56605.1796875,
      56609.171875
    ],