{
  "R_PTF48": {
    "bsplinemag": [
      20.15192830332446,
      20.09484939635313,
      20.044066172162463,
      19.999270789873663,
      19.96015540860792,
      19.92641218748643,
      19.897733285630384,
      19.873810862160976,
      19.854337076199396,
      19.83900408686685,
      19.827504053284517,
      19.819529134573596,
      19.81477148985529,
      19.812923278250782,
      19.813676658881267,
      19.81672379086794,
      19.821756833332,
      19.82846794539463,
      19.83654928617704,
      19.845693014800407,
      19.85559129038593,
      19.86593627205481,
      19.87642011892823,
      19.88673499012739,
      19.896573044773483,
      19.905626441987703,
      19.913587340891247,
      19.920147900605297,
      19.92500028025106,
      19.92783663894972,
      19.92834913582248,
      19.92622992999053,
      19.92117118057505,
      19.912865046697263
    ],
    "dmag": [
      0.11999999731779099,
      0.15000000596046448,
      0.11999999731779099,
      0.14000000059604645,
      0.10000000149011612,
      0.10000000149011612,
      0.09000000357627869,
      0.09000000357627869,
      0.07999999821186066,
      0.09000000357627869,
      0.10000000149011612,
      0.09000000357627869,
      0.07999999821186066,
      0.07999999821186066,
      0.09000000357627869,
      0.07999999821186066,
      0.09000000357627869,
      0.09000000357627869,
      0.09000000357627869,
      0.07999999821186066,
      0.09000000357627869,
      0.09000000357627869,
      0.10000000149011612,
      0.09000000357627869,
      0.15000000596046448,
      0.09000000357627869,
      0.07999999821186066,
      0.07999999821186066,
      0.07999999821186066,
      0.07999999821186066,
      0.07999999821186066,
      0.07999999821186066,
      0.09000000357627869,
      0.09000000357627869,
      0.09000000357627869,
      0.07999999821186066,
      0.07999999821186066,
      0.09000000357627869,
      0.10999999940395355,
      0.10999999940395355,
      0.09000000357627869,
      0.10999999940395355,
      0.07999999821186066,
      0.09000000357627869,
      0.10000000149011612,
      0.10000000149011612,
      0.15000000596046448,
      0.10999999940395355,
      0.10000000149011612,
      0.11999999731779099,
      0.10999999940395355,
      0.12999999523162842,
      0.10999999940395355,
      0.14000000059604645,
      0.1599999964237213,
      0.14000000059604645,
      0.10000000149011612,
      0.10999999940395355
    ],
    "goodstatus": true,
    "kernel": [
      5000.000000000004
    ],
    "mag": [
      20.270000457763672,
      20.1299991607666,
      20.25,
      20.100000381469727,
      20.09000015258789,
      20.06999969482422,
      20.0,
      19.989999771118164,
      19.780000686645508,
      19.8799991607666,
      20.040000915527344,
      19.920000076293945,
      19.850000381469727,
      19.799999237060547,
      19.920000076293945,
      19.770000457763672,
      19.90999984741211,
      19.969999313354492,
      19.850000381469727,
      19.8700008392334,
      19.81999969482422,
      19.860000610351562,
      19.889999389648438,
      19.90999984741211,
      20.040000915527344,
      19.940000534057617,
      19.799999237060547,
      19.790000915527344,
      19.770000457763672,
      19.770000457763672,
      19.770000457763672,
      19.799999237060547,
      19.8700008392334,
      19.84000015258789,
      19.81999969482422,
      19.809999465942383,
      19.739999771118164,
      19.860000610351562,
      19.969999313354492,
      19.93000030517578,
      19.780000686645508,
      19.8799991607666,
      19.809999465942383,
      19.84000015258789,
      20.020000457763672,
      20.0,
      20.059999465942383,
      19.979999542236328,
      19.90999984741211,
      20.0,
      19.790000915527344,
      20.049999237060547,
      19.739999771118164,
      20.030000686645508,
      19.8799991607666,
      19.90999984741211,
      19.889999389648438,
      19.979999542236328
    ],
    "mjd": [
      56443.38671875,
      56443.4296875,
      56444.3359375,
      56444.3671875,
      56445.2734375,
      56445.31640625,
      56446.21875,
      56446.296875,
      56447.23046875,
      56447.30078125,
      56448.2265625,
      56448.30078125,
      56449.21484375,
      56449.28515625,
      56450.23046875,
      56450.29296875,
      56451.21875,
      56451.2890625,
      56452.21875,
      56452.2890625,
      56453.21484375,
      56453.2890625,
      56454.21875,
      56454.2890625,
      56455.19921875,
      56455.31640625,
      56456.21875,
      56456.29296875,
      56457.203125,
      56457.28125,
      56458.2109375,
      56458.28125,
      56459.203125,
      56459.28515625,
      56460.21484375,
      56460.28125,
      56461.203125,
      56461.265625,
      56462.22265625,
      56462.265625,
      56463.203125,
      56463.2578125,
      56469.19140625,
      56469.234375,
      56471.2265625,
      56471.265625,
      56472.21484375,
      56472.2578125,
      56473.26171875,
      56473.296875,
      56474.2109375,
      56474.24609375,
      56475.28125,
      56475.31640625,
      56476.27734375,
      56476.3125,
      56477.2734375,
      56477.30859375
    ],
    "modeldate": [
      56443.38671875,
      56444.38671875,
      56445.38671875,
      56446.38671875,
      56447.38671875,
      56448.38671875,
      56449.38671875,
      56450.38671875,
      56451.38671875,
      56452.38671875,
      56453.38671875,
      56454.38671875,
      56455.38671875,
      56456.38671875,
      56457.38671875,
      56458.38671875,
      56459.38671875,
      56460.38671875,
      56461.38671875,
      56462.38671875,
      56463.38671875,
      56464.38671875,
      56465.38671875,
      56466.38671875,
      56467.38671875,
      56468.38671875,
      56469.38671875,
      56470.38671875,
      56471.38671875,
      56472.38671875,
      56473.38671875,
      56474.38671875,
      56475.38671875,
      56476.38671875
    ],
    "modelerr": [
      0.073206371451158,
      0.04397785253592852,
      0.03238155201482276,
      0.029451091503906682,
      0.028100575331910467,
      0.02625845636669678,
      0.024453093799900225,
      0.023233158697988903,
      0.022954412643638983,
      0.023181791934510195,
      0.023478154844084585,
      0.023478154844084585,
      0.02303735568766689,
      0.02242907046456221,
      0.021716167927672936,
      0.021639179498203456,
      0.022365200176950754,
      0.02414895120874656,
      0.026806596154903915,
      0.03002036357214726,
      0.033346427888601315,
      0.03631053211441056,
      0.03858966759468601,
      0.03983608994994363,
      0.03991381897985509,
      0.0388728305419827,
      0.03712864425703199,
      0.03538607603904968,
      0.03458189689380034,
      0.035176589168609135,
      0.03663085807326377,
      0.03775901353355704,
      0.03845970442874066,
      0.04443091080498955
    ],
    "modelmag": [
      20.256141662597656,
      20.12799835205078,
      20.034828186035156,
      19.968948364257812,
      19.923782348632812,
      19.893878936767578,
      19.874950408935547,
      19.863296508789062,
      19.856204986572266,
      19.851680755615234,
      19.848262786865234,
      19.845020294189453,
      19.841373443603516,
      19.83736801147461,
      19.833049774169922,
      19.828693389892578,
      19.824756622314453,
      19.82187271118164,
      19.820419311523438,
      19.82099151611328,
      19.82402801513672,
      19.829578399658203,
      19.837886810302734,
      19.84881591796875,
      19.861980438232422,
      19.876922607421875,
      19.892845153808594,
      19.908668518066406,
      19.923194885253906,
      19.934940338134766,
      19.942214965820312,
      19.94318389892578,
      19.935909271240234,
      19.91818618774414
    ]
  }
}