{
  "R_PTF48": {
    "bsplinemag": [
      18.72382926058287,
      18.340168291642712,
      18.157891677323324,
      18.01922152845688,
      17.96443167468914,
      17.94300824109564,
      17.898107502418313,
      17.88419314293086,
      17.926401720172375,
      17.91733982215055,
      17.988849371149936,
      18.002580190681506,
      17.990013757375095,
      18.03674083093368,
      18.055482469780593,
      18.09307244225252,
      18.06198446353756,
      18.107966287199766,
      18.076898078976892,
      18.09890748599732,
      18.161411459312554
    ],
    "dmag": [
      0.029999999329447746,
      0.019999999552965164,
      0.019999999552965164,
      0.019999999552965164,
      0.019999999552965164,
      0.019999999552965164,
      0.019999999552965164,
      0.019999999552965164,
      0.009999999776482582,
      0.019999999552965164,
      0.009999999776482582,
      0.019999999552965164,
      0.009999999776482582,
      0.019999999552965164,
      0.019999999552965164,
      0.019999999552965164,
      0.009999999776482582,
      0.009999999776482582,
      0.009999999776482582,
      0.009999999776482582,
      0.019999999552965164,
      0.019999999552965164,
      0.019999999552965164,
      0.019999999552965164,
      0.019999999552965164,
      0.019999999552965164,
      0.019999999552965164,
      0.019999999552965164,
      0.019999999552965164,
      0.019999999552965164,
      0.019999999552965164,
      0.019999999552965164,
      0.019999999552965164,
      0.019999999552965164,
      0.019999999552965164,
      0.019999999552965164,
      0.019999999552965164,
      0.019999999552965164,
      0.019999999552965164,
      0.019999999552965164,
      0.019999999552965164,
      0.019999999552965164
    ],
    "goodstatus": true,
    "kernel": [
      5000.000000000004
    ],
    "mag": [
      18.719999313354492,
      18.639999389648438,
      18.34000015258789,
      18.299999237060547,
      18.18000030517578,
      18.1200008392334,
      18.0,
      18.010000228881836,
      17.959999084472656,
      17.979999542236328,
      17.950000762939453,
      17.93000030517578,
      17.889999389648438,
      17.8799991607666,
      17.8700008392334,
      17.940000534057617,
      17.920000076293945,
      17.93000030517578,
      17.90999984741211,
      17.93000030517578,
      17.989999771118164,
      17.979999542236328,
      18.030000686645508,
      17.989999771118164,
      18.0,
      17.969999313354492,
      18.030000686645508,
      18.059999465942383,
      18.030000686645508,
      18.079999923706055,
      18.06999969482422,
      18.1200008392334,
      18.049999237060547,
      18.06999969482422,
      18.09000015258789,
      18.1299991607666,
      18.079999923706055,
      18.06999969482422,
      18.079999923706055,
      18.1299991607666,
      18.170000076293945,
      18.1299991607666
    ],
    "mjd": [
      56443.18359375,
      56443.31640625,
      56444.21875,
      56444.3203125,
      56445.22265625,
      56445.3203125,
      56446.22265625,
      56446.30078125,
      56447.21875,
      56447.3046875,
      56448.21484375,
      56448.3046875,
      56449.20703125,
      56449.29296875,
      56450.22265625,
      56450.30078125,
      56451.20703125,
      56451.29296875,
      56452.20703125,
      56452.296875,
      56453.20703125,
      56453.29296875,
      56454.20703125,
      56454.29296875,
      56455.1953125,
      56455.31640625,
      56456.21875,
      56456.30078125,
      56457.21484375,
      56457.28515625,
      56458.19921875,
      56458.28515625,
      56459.19140625,
      56459.2890625,
      56460.203125,
      56460.28515625,
      56461.19140625,
      56461.26953125,
      56462.21484375,
      56462.26953125,
      56463.1953125,
      56463.265625
    ],
    "modeldate": [
      56443.18359375,
      56444.18359375,
      56445.18359375,
      56446.18359375,
      56447.18359375,
      56448.18359375,
      56449.18359375,
      56450.18359375,
      56451.18359375,
      56452.18359375,
      56453.18359375,
      56454.18359375,
      56455.18359375,
      56456.18359375,
      56457.18359375,
      56458.18359375,
      56459.18359375,
      56460.18359375,
      56461.18359375,
      56462.18359375,
      56463.18359375
    ],
    "modelerr": [
      0.015363410861867455,
      0.008286407592029853,
      0.006974051199748877,
      0.006253051013118016,
      0.005258950006967289,
      0.004421574774481161,
      0.004256737249551439,
      0.004312383235511644,
      0.0042003541342981576,
      0.004256737249551439,
      0.004528134031003762,
      0.005167483029423029,
      0.005859375,
      0.006291063831408753,
      0.006253051013118016,
      0.006098630857810936,
      0.0065509804028314154,
      0.007307924583542854,
      0.007751224544134543,
      0.007689460814464659,
      0.012333330996401454
    ],
    "modelmag": [
      18.658859252929688,
      18.373924255371094,
      18.17363739013672,
      18.040481567382812,
      17.9588623046875,
      17.915695190429688,
      17.900314331054688,
      17.903099060058594,
      17.918106079101562,
      17.939529418945312,
      17.963668823242188,
      17.987571716308594,
      18.010116577148438,
      18.03026580810547,
      18.047515869140625,
      18.062454223632812,
      18.076156616210938,
      18.08917236328125,
      18.10289764404297,
      18.116851806640625,
      18.132461547851562
    ],
    "type": "II"
  },
  "r_PTF60": {
    "bsplinemag": [
      18.52039076042337,
      18.000889497897578,
      17.998456735349528,
      18.115966320478375,
      18.087689124840757,
      17.994891986729233,
      17.94373547777792,
      17.939849064860137,
      17.96899662291043,
      18.016070789694762,
      18.063209913436467,
      18.097036213562962,
      18.11822512555958,
      18.12988771637044,
      18.135135052939663,
      18.137078202211388,
      18.13882823112973,
      18.143495133434357,
      18.153174550219216,
      18.167062712369546,
      18.18384113669238,
      18.20219133999479,
      18.22079483908382,
      18.23833315076653,
      18.253487791849967,
      18.264940279141197,
      18.27137212944727,
      18.271464859575225,
      18.26392439760371,
      18.252196718711307,
      18.250092324366978,
      18.267008739047537,
      18.29542779123408,
      18.324761519510773,
      18.347303786922115,
      18.362874124395823,
      18.37250519857198,
      18.37722967609067,
      18.378080223591983,
      18.376089494148413,
      18.372281776103446,
      18.367658764283885,
      18.363218376704197,
      18.359958531378837,
      18.35887714632226,
      18.360972139548917,
      18.36724087342251,
      18.37827786350101,
      18.393564656857155,
      18.41239221235076,
      18.434051488841643,
      18.45783344518963,
      18.483029040254543,
      18.508929232896204,
      18.53482498197443,
      18.560007246349038,
      18.583766984879862,
      18.605395156426713,
      18.62418271984941,
      18.639420634007784,
      18.65039985776165,
      18.656411349970824,
      18.656746069495142,
      18.650694975194405,
      18.63754902592845,
      18.617399140430557
    ],