{
  "R_PTF48": {
    "bsplinemag": [
      20.486485064526562,
      20.16541587849646,
      19.984485087818797,
      19.897746141465873,
      19.859252488410018,
      19.823057577623537,
      19.743214919802497,
      19.70627079350066,
      19.734131314505554,
      19.78690949316088,
      19.776320669357784,
      19.79538577023095
    ],
    "dmag": [
      0.1599999964237213,
      0.11999999731779099,
      0.11999999731779099,
      0.10999999940395355,
      0.10000000149011612,
      0.10000000149011612,
      0.07999999821186066,
      0.07000000029802322,
      0.07999999821186066,
      0.07999999821186066,
      0.07999999821186066,
      0.07000000029802322,
      0.07000000029802322,
      0.07000000029802322,
      0.09000000357627869,
      0.07000000029802322,
      0.07999999821186066,
      0.07999999821186066,
      0.09000000357627869,
      0.07999999821186066,
      0.07999999821186066,
      0.10999999940395355,
      0.09000000357627869,
      0.12999999523162842
    ],
    "goodstatus": true,
    "kernel": [
      5000.000000000004
    ],
    "mag": [
      20.639999389648438,
      20.40999984741211,
      20.110000610351562,
      20.100000381469727,
      19.979999542236328,
      20.049999237060547,
      19.90999984741211,
      19.860000610351562,
      19.899999618530273,
      19.860000610351562,
      19.829999923706055,
      19.81999969482422,
      19.65999984741211,
      19.780000686645508,
      19.889999389648438,
      19.610000610351562,
      19.670000076293945,
      19.84000015258789,
      19.829999923706055,
      19.719999313354492,
      19.760000228881836,
      19.799999237060547,
      19.68000030517578,
      20.059999465942383
    ],
    "mjd": [
      56452.203125,
      56452.27734375,
      56453.203125,
      56453.2734375,
      56454.203125,
      56454.2734375,
      56455.1875,
      56455.2578125,
      56456.19921875,
      56456.28125,
      56457.19140625,
      56457.2578125,
      56458.1953125,
      56458.26171875,
      56459.1875,
      56459.2734375,
      56460.203125,
      56460.26171875,
      56461.1875,
      56461.24609375,
      56462.2109375,
      56462.25,
      56463.19140625,
      56463.23828125
    ],
    "modeldate": [
      56452.203125,
      56453.203125,
      56454.203125,
      56455.203125,
      56456.203125,
      56457.203125,
      56458.203125,
      56459.203125,
      56460.203125,
      56461.203125,
      56462.203125,
      56463.203125
    ],
    "modelerr": [
      0.088794720625095,
      0.04618325030400717,
      0.039662145490531764,
      0.03336072432136469,
      0.02850492093618442,
      0.028496555588700925,
      0.02870495792324037,
      0.028117539157984314,
      0.03128050269149798,
      0.0363433477850164,
      0.038192209505910485,
      0.06703516524113481
    ],
    "modelmag": [
      20.44792366027832,
      20.188974380493164,
      20.014841079711914,
      19.902132034301758,
      19.831758499145508,
      19.788782119750977,
      19.762720108032227,
      19.747346878051758,
      19.7407169342041,
      19.745141983032227,
      19.767358779907227,
      19.818124771118164
    ],
    "type": "II"
  },
  "r_PTF60": {
    "bsplinemag": [
      20.043240268661158,
      19.99575695721842,
      19.95311326468434,
      19.915133907612496,
      19.881643602556466,
      19.852467066069824,
      19.827429014706148,
      19.80635416501902,
      19.789067233562005,
      19.7753929368887,
      19.76515599155267,
      19.758181114107494,
      19.754293021106744,
      19.753316429104004,
      19.755076054652854,
      19.759396614306862,
      19.76610282461961,
      19.77501940214468,
      19.785971063435642,
      19.798782525046075,
      19.813278503529556,
      19.82928371543967,
      19.84662287732998,
      19.865120705754077,
      19.88460191726553,
      19.904891228417924,
      19.925813355764827,
      19.947193015859824,
      19.96885492525648,
      19.990623800508384,
      20.012324358169117,
      20.033781314792247,
      20.05481938693135,
      20.07526329114001,
      20.094937743971805,
      20.1136674619803,
      20.13127716171909,
      20.147591559741738,
      20.162435372601827,
      20.175633316852934,
      20.187010109048636,
      20.19639046574251,
      20.20359910348813,
      20.20846073883909,
      20.21080008834894,
      20.21044186857128,
      20.207210796059684,
      20.200931587367712,
      20.191428959048956,
      20.178527627656994,
      20.162052309745402,
      20.141827721867752,
      20.11767858057763,
      20.0894296024286
    ],
    "dmag": [
      0.3400000035762787,
      0.20000000298023224,
      0.23000000417232513,
      0.1899999976158142,
      0.1899999976158142,
      0.25,
      0.27000001072883606,
      0.17000000178813934,
      0.18000000715255737,
      0.1899999976158142,
      0.27000001072883606,
      0.25,
      0.23999999463558197,
      0.20999999344348907,
      0.2199999988079071
    ],
    "goodstatus": true,
    "kernel": [
      5000.000000000004
    ],
    "mag": [
      20.110000610351562,
      20.010000228881836,
      19.81999969482422,
      19.81999969482422,
      19.75,
      19.860000610351562,
      19.780000686645508,
      19.75,
      19.690000534057617,
      19.959999084472656,
      19.950000762939453,
      20.18000030517578,
      19.90999984741211,
      20.1299991607666,
      20.06999969482422
    ],
    "mjd": [
      56453.296875,
      56456.19140625,
      56457.18359375,
      56458.18359375,
      56459.20703125,
      56460.2734375,
      56467.28125,
      56470.2265625,
      56473.2890625,
      56473.29296875,
      56477.2265625,
      56482.26953125,
      56486.23828125,
      56490.26953125,
      56507.2421875
    ],
    "modeldate": [
      56453.296875,
      56454.296875,
      56455.296875,
      56456.296875,
      56457.296875,
      56458.296875,
      56459.296875,
      56460.296875,
      56461.296875,
      56462.296875,
      56463.296875,
      56464.296875,
      56465.296875,
      56466.296875,
      56467.296875,
      56468.296875,
      56469.296875,
      56470.296875,
      56471.296875,
      56472.296875,
      56473.296875,
      56474.296875,
      56475.296875,
      56476.296875,
      56477.296875,
      56478.296875,
      56479.296875,
      56480.296875,
      56481.296875,
      56482.296875,
      56483.296875,
      56484.296875,
      56485.296875,
      56486.296875,
      56487.296875,
      56488.296875,
      56489.296875,
      56490.296875,
      56491.296875,
      56492.296875,
      56493.296875,
      56494.296875,
      56495.296875,
      56496.296875,
      56497.296875,
      56498.296875,
      56499.296875,
      56500.296875,
      56501.296875,
      56502.296875,
      56503.296875,
      56504.296875,
      56505.296875,
      56506.296875
    ],