{
  "R_PTF48": {
    "bsplinemag": [
      20.023676739751807,
      19.930270939208675,
      19.851426007727728,
      19.786220571854358,
      19.733733258133995,
      19.693042693112034,
      19.663227503333893,
      19.643366315344977,
      19.632537755690702,
      19.629820450916473,
      19.634293027567704,
      19.645034112189798,
      19.661122331328183,
      19.681636311528244,
      19.70565467933541,
      19.732256061295086,
      19.760519083952683,
      19.789573603188167,
      19.818834618674973,
      19.847815758305295,
      19.876030744854276,
      19.902993301097073,
      19.92821714980884,
      19.951216013764743,
      19.97150361573991,
      19.988593678509517,
      20.00199992484871,
      20.011236077532637,
      20.015815859336467,
      20.01525299303534,
      20.009061201404418,
      19.99675420721885
    ],
    "dmag": [
      0.2199999988079071,
      0.15000000596046448,
      0.07999999821186066,
      0.07999999821186066,
      0.09000000357627869,
      0.07000000029802322,
      0.07000000029802322,
      0.05999999865889549,
      0.05999999865889549,
      0.05000000074505806,
      0.07999999821186066,
      0.05999999865889549,
      0.07999999821186066,
      0.05999999865889549,
      0.07000000029802322,
      0.05999999865889549,
      0.07999999821186066,
      0.07000000029802322,
      0.07000000029802322,
      0.07000000029802322,
      0.07000000029802322,
      0.07000000029802322,
      0.23999999463558197,
      0.23999999463558197,
      0.3499999940395355,
      0.14000000059604645,
      0.18000000715255737,
      0.15000000596046448,
      0.11999999731779099,
      0.12999999523162842,
      0.10999999940395355
    ],
    "goodstatus": true,
    "kernel": [
      5000.000000000004
    ],
    "mag": [
      20.25,
      20.049999237060547,
      19.649999618530273,
      19.799999237060547,
      19.600000381469727,
      19.719999313354492,
      19.65999984741211,
      19.549999237060547,
      19.56999969482422,
      19.600000381469727,
      19.799999237060547,
      19.709999084472656,
      19.729999542236328,
      19.690000534057617,
      19.850000381469727,
      19.760000228881836,
      19.8799991607666,
      19.799999237060547,
      19.8799991607666,
      19.81999969482422,
      19.8799991607666,
      19.829999923706055,
      19.799999237060547,
      19.889999389648438,
      20.479999542236328,
      19.81999969482422,
      20.110000610351562,
      19.829999923706055,
      20.020000457763672,
      20.079999923706055,
      20.020000457763672
    ],
    "mjd": [
      56500.35546875,
      56500.39453125,
      56504.3828125,
      56504.41796875,
      56506.33984375,
      56506.453125,
      56508.39453125,
      56508.48828125,
      56510.390625,
      56510.48046875,
      56512.3828125,
      56512.4453125,
      56514.3515625,
      56514.47265625,
      56516.375,
      56516.46484375,
      56518.375,
      56518.44921875,
      56518.48828125,
      56520.390625,
      56520.44140625,
      56520.4765625,
      56527.28515625,
      56527.3203125,
      56527.359375,
      56529.3984375,
      56529.43359375,
      56529.47265625,
      56532.26953125,
      56532.3125,
      56532.34765625
    ],
    "modeldate": [
      56500.35546875,
      56501.35546875,
      56502.35546875,
      56503.35546875,
      56504.35546875,
      56505.35546875,
      56506.35546875,
      56507.35546875,
      56508.35546875,
      56509.35546875,
      56510.35546875,
      56511.35546875,
      56512.35546875,
      56513.35546875,
      56514.35546875,
      56515.35546875,
      56516.35546875,
      56517.35546875,
      56518.35546875,
      56519.35546875,
      56520.35546875,
      56521.35546875,
      56522.35546875,
      56523.35546875,
      56524.35546875,
      56525.35546875,
      56526.35546875,
      56527.35546875,
      56528.35546875,
      56529.35546875,
      56530.35546875,
      56531.35546875
    ],
    "modelerr": [
      0.12118428445281114,
      0.08177799914279407,
      0.06058230440227124,
      0.04962724979403091,
      0.04267924488947687,
      0.03682560084954063,
      0.031546143174244326,
      0.027387311840586247,
      0.024772755652276997,
      0.023790874443515297,
      0.02376079113397742,
      0.024158822025103478,
      0.024335812098392796,
      0.02414895120874656,
      0.02365015827795378,
      0.023047702580480365,
      0.022661721456781823,
      0.022933630011362068,
      0.0241982650261013,
      0.0266370736269255,
      0.030383494504109463,
      0.03534562709151144,
      0.04143779201030689,
      0.04838667633530271,
      0.055937513639139395,
      0.06354038258073254,
      0.07044800311277903,
      0.07556221365420827,
      0.07741375461955631,
      0.07437919540753755,
      0.06565885124881833,
      0.056133233840624665
    ],
    "modelmag": [
      20.130516052246094,
      19.999488830566406,
      19.889305114746094,
      19.79924774169922,
      19.72850799560547,
      19.675819396972656,
      19.63977813720703,
      19.618675231933594,
      19.61066436767578,
      19.61383819580078,
      19.62616729736328,
      19.645668029785156,
      19.670387268066406,
      19.698387145996094,
      19.727989196777344,
      19.757545471191406,
      19.785606384277344,
      19.811058044433594,
      19.83301544189453,
      19.850685119628906,
      19.86389923095703,
      19.872581481933594,
      19.877098083496094,
      19.87816619873047,
      19.87696075439453,
      19.874839782714844,
      19.873695373535156,
      19.875877380371094,
      19.88402557373047,
      19.90111541748047,
      19.93053436279297,
      19.97608184814453
    ]
  },
  "r_PTF60": {
    "bsplinemag": [
      20.46932701039135,
      20.461322647626957,
      20.45527243256512,
      20.45114539341239,
      20.448910558375317,
      20.448536955660444,
      20.44999361347432,
      20.4532495600235,
      20.458273823514524,
      20.465035432153943,
      20.47350341414832,
      20.48364679770418,
      20.49543461102808,
      20.50883588232658,
      20.52381963980621,
      20.540354911673536,
      20.558410726135094,
      20.57795611139744,
      20.598960095667117,
      20.62139170715068,
      20.64521997405467,
      20.670413924585638,
      20.696942586950136,
      20.724774989354707,
      20.75388016000591,
      20.784227127110277,
      20.815784918874375,
      20.848522563504737,
      20.88240908920792,
      20.91741352419047,
      20.953504896658938,
      20.990652234819862,
      21.02882456687981,
      21.067990921045315,
      21.108120325522925,
      21.149181808519202,
      21.19114439824068,
      21.233977122893915,
      21.277649010685458
    ],
    "dmag": [
      0.30000001192092896,
      0.1899999976158142,
      0.10999999940395355,
      0.10000000149011612,
      0.1599999964237213,
      0.25999999046325684,
      0.3400000035762787,
      0.38999998569488525,
      0.28999999165534973,
      0.28999999165534973,
      0.2800000011920929,
      0.36000001430511475,
      0.3799999952316284
    ],
    "goodstatus": true,
    "kernel": [
      5000.000000000004
    ],
    "mag": [
      20.350000381469727,
      20.56999969482422,
      20.5,
      20.40999984741211,
      20.690000534057617,
      20.799999237060547,
      20.739999771118164,
      20.940000534057617,
      20.639999389648438,
      20.940000534057617,
      21.020000457763672,
      20.950000762939453,
      21.399999618530273
    ],
    "mjd": [
      56528.25390625,
      56533.2421875,
      56537.32421875,
      56540.5,
      56546.2734375,
      56550.19140625,
      56552.2109375,
      56553.18359375,
      56555.1796875,
      56556.20703125,
      56559.171875,
      56562.453125,
      56567.15234375
    ],