{
  "w_Pan-STARRS1": {
    "bsplinemag": [
      19.014809663440193,
      20.32327420529819,
      19.481392181525923,
      19.211247711362972,
      20.215604379686052,
      21.099414522557993,
      21.862895494964548,
      22.50969480480162,
      23.043459959965123,
      23.467838468350973,
      23.786477837855063,
      24.003025576373318,
      24.12112919180164,
      24.14443619203594,
      24.076594084972122,
      23.921250378506095,
      23.682052580533778,
      23.36264819895107,
      22.966684741653882,
      22.49780971653812,
      21.9596706314997,
      21.355914994434528,
      20.690190313238503,
      19.966144095807554,
      19.18742385003757,
      18.357677083824477,
      17.48055130506417,
      16.559694021652568,
      15.598752741485573,
      14.601374972459093,
      13.571208222469046,
      12.511899999411334,
      11.427097811181863,
      10.320449165676552,
      9.195601570791297,
      8.056202534422013,
      6.905899564464608,
      5.748340168814998,
      4.58717185536908,
      3.4260421320227783,
      2.268598506671988,
      1.1184884872126188,
      -0.020640418459410892,
      -1.1451407024482076,
      -2.251364856857852,
      -3.3356653737924296,
      -4.394394745356035,
      -5.423905463652769,
      -6.420550020786713,
      -7.380680908861967,
      -8.300650619982612,
      -9.176811646252744,
      -10.00551647977645,
      -10.783117612657833,
      -11.505967537000974,
      -12.170418744909956,
      -12.77282372848889,
      -13.309534979841859,
      -13.77690499107295,
      -14.171286254286258,
      -14.48903126158587,
      -14.726492505075882,
      -14.880022476860383,
      -14.945973669043461,
      -14.920698573729206,
      -14.800549683021725,
      -14.581879489025086,
      -14.261040483843402,
      -13.834385159580744,
      -13.298266008341221,
      -12.64903552222891,
      -11.88304619334791,
      -10.996650513802317,
      -9.986200975696212,
      -8.848050071133683,
      -7.5785502922188375,
      -6.174054131055751,
      -4.630914079748518,
      -2.94548263040123,
      -1.114112275117991,
      0.8668444939971263,
      3.001035184840026,
      5.29210730530661,
      7.743708363292791,
      10.359485866694474,
      13.143087323407578,
      16.098160241328006,
      19.228352128351666
    ],
    "dmag": [
      0.036603301763534546,
      0.0371554009616375,
      0.027810199186205864,
      0.026945000514388084,
      0.0283633004873991,
      0.024950599297881126,
      0.029101600870490074,
      0.025488199666142464,
      0.020750099793076515,
      0.015075399540364742,
      0.01713559962809086,
      0.018508700653910637,
      0.09598910063505173,
      0.09913390129804611,
      0.10102300345897675,
      0.09314259886741638,
      0.08169329911470413,
      0.08281979709863663,
      0.05436110123991966,
      0.05665519833564758,
      0.1687290072441101,
      0.1712139993906021,
      0.1981630027294159,
      0.20874999463558197,
      0.17149700224399567,
      0.1697089970111847
    ],
    "goodstatus": false,
    "kernel": [
      5000.000000000004
    ],
    "mag": [
      18.951099395751953,
      18.95170021057129,
      19.07659912109375,
      19.09480094909668,
      19.077299118041992,
      19.112199783325195,
      19.093599319458008,
      19.105199813842773,
      19.22800064086914,
      19.253599166870117,
      19.24250030517578,
      19.285200119018555,
      20.177099227905273,
      20.16200065612793,
      20.135099411010742,
      20.146299362182617,
      20.152999877929688,
      20.15369987487793,
      20.081899642944336,
      20.084299087524414,
      22.081600189208984,
      22.093399047851562,
      21.96500015258789,
      22.055500030517578,
      21.969900131225586,
      21.982099533081055
    ],
    "mjd": [
      57017.53125,
      57017.53125,
      57017.54296875,
      57017.54296875,
      57017.5546875,
      57017.5546875,
      57017.56640625,
      57017.56640625,
      57020.5546875,
      57020.56640625,
      57020.578125,
      57020.59375,
      57040.296875,
      57040.296875,
      57040.30859375,
      57040.30859375,
      57040.32421875,
      57040.32421875,
      57040.3359375,
      57040.3359375,
      57105.36328125,
      57105.36328125,
      57105.390625,
      57105.390625,
      57105.40234375,
      57105.40234375
    ],
    "modeldate": [
      57017.53125,
      57018.53125,
      57019.53125,
      57020.53125,
      57021.53125,
      57022.53125,
      57023.53125,
      57024.53125,
      57025.53125,
      57026.53125,
      57027.53125,
      57028.53125,
      57029.53125,
      57030.53125,
      57031.53125,
      57032.53125,
      57033.53125,
      57034.53125,
      57035.53125,
      57036.53125,
      57037.53125,
      57038.53125,
      57039.53125,
      57040.53125,
      57041.53125,
      57042.53125,
      57043.53125,
      57044.53125,
      57045.53125,
      57046.53125,
      57047.53125,
      57048.53125,
      57049.53125,
      57050.53125,
      57051.53125,
      57052.53125,
      57053.53125,
      57054.53125,
      57055.53125,
      57056.53125,
      57057.53125,
      57058.53125,
      57059.53125,
      57060.53125,
      57061.53125,
      57062.53125,
      57063.53125,
      57064.53125,
      57065.53125,
      57066.53125,
      57067.53125,
      57068.53125,
      57069.53125,
      57070.53125,
      57071.53125,
      57072.53125,
      57073.53125,
      57074.53125,
      57075.53125,
      57076.53125,
      57077.53125,
      57078.53125,
      57079.53125,
      57080.53125,
      57081.53125,
      57082.53125,
      57083.53125,
      57084.53125,
      57085.53125,
      57086.53125,
      57087.53125,
      57088.53125,
      57089.53125,
      57090.53125,
      57091.53125,
      57092.53125,
      57093.53125,
      57094.53125,
      57095.53125,
      57096.53125,
      57097.53125,
      57098.53125,
      57099.53125,
      57100.53125,
      57101.53125,
      57102.53125,
      57103.53125,
      57104.53125
    ],