{
  "g_ESO Schmidt_Swope": {
    "bsplinemag": [
      19.18045303399139,
      19.21180354931761,
      19.23888215006695,
      19.297518963979595,
      19.34920382375247,
      19.38943141697269,
      19.425985459978428,
      19.46664966910784,
      19.519207760699103,
      19.591440254726134,
      19.67543875442389,
      19.7232168378219
    ],
    "dmag": [
      0.017000000923871994,
      0.019999999552965164,
      0.02199999988079071,
      0.02500000037252903,
      0.03700000047683716,
      0.01899999938905239,
      0.017999999225139618,
      0.017999999225139618,
      0.017000000923871994,
      0.02199999988079071,
      0.032999999821186066
    ],
    "goodstatus": true,
    "kernel": [
      5000.000000000004
    ],
    "mag": [
      19.17799949645996,
      19.22599983215332,
      19.209999084472656,
      19.316999435424805,
      19.509000778198242,
      19.56399917602539,
      19.60300064086914,
      19.68400001525879,
      19.66699981689453,
      19.71500015258789,
      19.722000122070312
    ],
    "mjd": [
      56047.1640625,
      56048.13671875,
      56049.1953125,
      56050.1015625,
      56055.11328125,
      56056.1015625,
      56056.109375,
      56057.09765625,
      56057.10546875,
      56058.16796875,
      56059.125
    ],
    "modeldate": [
      56047.1640625,
      56048.1640625,
      56049.1640625,
      56050.1640625,
      56051.1640625,
      56052.1640625,
      56053.1640625,
      56054.1640625,
      56055.1640625,
      56056.1640625,
      56057.1640625,
      56058.1640625
    ],
    "modelerr": [
      0.016355599828558814,
      0.013210692635223323,
      0.014385663928375229,
      0.01790068630842125,
      0.025353037081537442,
      0.03135662960547329,
      0.03241834506386295,
      0.027716144426403078,
      0.018720985852227357,
      0.010078011445581198,
      0.01000678785738242,
      0.013531646934131853
    ],
    "modelmag": [
      19.17609405517578,
      19.221900939941406,
      19.249549865722656,
      19.271644592285156,
      19.297584533691406,
      19.333900451660156,
      19.383949279785156,
      19.447547912597656,
      19.52130889892578,
      19.598487854003906,
      19.668739318847656,
      19.71839141845703
    ],
    "type": "Ia"
  },
  "i_ESO Schmidt_Swope": {
    "bsplinemag": [
      19.767999627556,
      19.580426049828347,
      19.637030952996014,
      19.698941217111813,
      19.727815974311177,
      19.736642369239508,
      19.738274570233088,
      19.745566745628224,
      19.771373063761196,
      20.086191547391266,
      19.997681619836584,
      20.08856461767503
    ],
    "dmag": [
      0.035999998450279236,
      0.03099999949336052,
      0.03700000047683716,
      0.04100000113248825,
      0.12800000607967377,
      0.035999998450279236,
      0.03099999949336052,
      0.03999999910593033,
      0.03099999949336052,
      0.029999999329447746,
      0.04699999839067459
    ],
    "goodstatus": true,
    "kernel": [
      5000.000000000004
    ],
    "mag": [
      19.76799964904785,
      19.58099937438965,
      19.63800048828125,
      19.695999145507812,
      20.1200008392334,
      19.791000366210938,
      19.88599967956543,
      19.910999298095703,
      19.92799949645996,
      20.082000732421875,
      20.009000778198242
    ],
    "mjd": [
      56047.17578125,
      56048.1484375,
      56049.1875,
      56050.109375,
      56056.0625,
      56056.0703125,
      56056.09375,
      56057.1328125,
      56057.140625,
      56058.18359375,
      56059.140625
    ],
    "modeldate": [
      56047.17578125,
      56048.17578125,
      56049.17578125,
      56050.17578125,
      56051.17578125,
      56052.17578125,
      56053.17578125,
      56054.17578125,
      56055.17578125,
      56056.17578125,
      56057.17578125,
      56058.17578125
    ],
    "modelerr": [
      0.03363829033134733,
      0.021945512748285382,
      0.023539005455456934,
      0.030804316983569346,
      0.04486876956117243,
      0.05626474822933581,
      0.05889003864501473,
      0.05111817315743125,
      0.03532538524938657,
      0.019482360686777347,
      0.017713239401579154,
      0.021114988584413723
    ],
    "modelmag": [
      19.720321655273438,
      19.6529541015625,
      19.62586212158203,
      19.627426147460938,
      19.648765563964844,
      19.6827392578125,
      19.724647521972656,
      19.77141571044922,
      19.82183837890625,
      19.87653350830078,
      19.937660217285156,
      20.008934020996094
    ],
    "type": "Ia"
  },
  "r_ESO Schmidt_Swope": {
    "bsplinemag": [
      19.289009182229233,
      19.271072101943773,
      19.276007126829764,
      19.29885499402971,
      19.334656440686103,
      19.37845220394145,
      19.425283020938235,
      19.47018962881897,
      19.508212764726157,
      19.534405904835584,
      19.566505510537006,
      19.63979924596608
    ],
    "dmag": [
      0.019999999552965164,
      0.024000000208616257,
      0.024000000208616257,
      0.02500000037252903,
      0.07999999821186066,
      0.01899999938905239,
      0.017999999225139618,
      0.01899999938905239,
      0.019999999552965164,
      0.023000000044703484,
      0.024000000208616257
    ],
    "goodstatus": true,
    "kernel": [
      5000.000000000004
    ],
    "mag": [
      19.288000106811523,
      19.277999877929688,
      19.26799964904785,
      19.298999786376953,
      19.48699951171875,
      19.542999267578125,
      19.541000366210938,
      19.558000564575195,
      19.530000686645508,
      19.676000595092773,
      19.617000579833984
    ],
    "mjd": [
      56047.16796875,
      56048.14453125,
      56049.19140625,
      56050.10546875,
      56055.12109375,
      56056.078125,
      56056.0859375,
      56057.1171875,
      56057.125,
      56058.17578125,
      56059.1328125
    ],
    "modeldate": [
      56047.16796875,
      56048.16796875,
      56049.16796875,
      56050.16796875,
      56051.16796875,
      56052.16796875,
      56053.16796875,
      56054.16796875,
      56055.16796875,
      56056.16796875,
      56057.16796875,
      56058.16796875
    ],
    "modelerr": [
      0.019173978433663925,
      0.014970419645269425,
      0.015609733753072052,
      0.01882259303456678,
      0.027028032232613373,
      0.03401887392255929,
      0.03570134064537287,
      0.03093561340128351,
      0.021035800027869155,
      0.010940115479691445,
      0.010940115479691445,
      0.013601941676937616
    ],
    "modelmag": [
      19.28826141357422,
      19.27330780029297,
      19.27709197998047,
      19.29546356201172,
      19.32482147216797,
      19.36174774169922,
      19.403709411621094,
      19.44780731201172,
      19.49211883544922,
      19.534934997558594,
      19.57451629638672,
      19.609703063964844
    ],
    "type": "Ia"
  }
}