{
  "B_ESO Schmidt_Swope": {
    "bsplinemag": [
      19.35587592319159,
      19.406397232810175,
      19.45786296397292,
      19.509674745488933,
      19.561234206167306,
      19.611942974817147,
      19.663106944881164,
      19.723649038651896,
      19.80192494133189,
      19.897075154422584,
      20.006092853665482,
      20.125971214802064,
      20.253703413573813,
      20.38628262572222,
      20.52070202698878,
      20.653954793114966,
      20.783034099842276,
      20.904933122912194,
      21.01664503806621
    ],
    "dmag": [
      0.020999999716877937,
      0.019999999552965164,
      0.023000000044703484,
      0.023000000044703484,
      0.04699999839067459,
      0.04399999976158142,
      0.17299999296665192,
      0.13899999856948853,
      0.08900000154972076,
      0.039000000804662704,
      0.03999999910593033
    ],
    "goodstatus": true,
    "kernel": [
      5000.000000000004
    ],
    "mag": [
      19.364999771118164,
      19.391000747680664,
      19.459999084472656,
      19.63599967956543,
      19.66900062561035,
      19.643999099731445,
      20.115999221801758,
      20.538999557495117,
      20.520999908447266,
      20.761999130249023,
      21.10300064086914
    ],
    "mjd": [
      55954.22265625,
      55955.21484375,
      55956.234375,
      55959.22265625,
      55960.2109375,
      55961.19921875,
      55965.21484375,
      55967.1875,
      55968.1953125,
      55970.08203125,
      55973.09765625
    ],
    "modeldate": [
      55954.22265625,
      55955.22265625,
      55956.22265625,
      55957.22265625,
      55958.22265625,
      55959.22265625,
      55960.22265625,
      55961.22265625,
      55962.22265625,
      55963.22265625,
      55964.22265625,
      55965.22265625,
      55966.22265625,
      55967.22265625,
      55968.22265625,
      55969.22265625,
      55970.22265625,
      55971.22265625,
      55972.22265625
    ],
    "modelerr": [
      0.01982205383807074,
      0.013531646934131853,
      0.01692864826499972,
      0.017820593350483065,
      0.017235705658908976,
      0.017469281074217108,
      0.020646850109244115,
      0.027063293868263706,
      0.0352916230460794,
      0.043487195465258435,
      0.0499194449966096,
      0.05317111538219156,
      0.052439678597007267,
      0.04791131473451594,
      0.04133986423538423,
      0.03634990736413037,
      0.03588784145510344,
      0.03707080643769982,
      0.03480181578360442
    ],
    "modelmag": [
      19.354022979736328,
      19.408527374267578,
      19.458789825439453,
      19.507221221923828,
      19.556079864501953,
      19.608142852783203,
      19.665882110595703,
      19.731525421142578,
      19.807270050048828,
      19.894611358642578,
      19.994342803955078,
      20.106769561767578,
      20.230915069580078,
      20.365070343017578,
      20.506092071533203,
      20.649799346923828,
      20.790149688720703,
      20.919940948486328,
      21.030139923095703
    ],
    "type": "Ia"
  },
  "V_ESO Schmidt_Swope": {
    "bsplinemag": [
      19.134712248394774,
      19.131968177889735,
      19.161365887948456,
      19.20935832190702,
      19.26375199002563,
      19.31269981842042,
      19.34775211206509,
      19.375712825316608,
      19.410955827311295,
      19.46220397933561,
      19.532751019808302,
      19.61491155124531,
      19.699051119144602,
      19.77553538580505,
      19.837711193769874,
      19.889658032225867,
      19.937869792063314,
      19.988840364172447,
      20.04906363944354
    ],
    "dmag": [
      0.017999999225139618,
      0.01600000075995922,
      0.019999999552965164,
      0.019999999552965164,
      0.03500000014901161,
      0.028999999165534973,
      0.07800000160932541,
      0.10199999809265137,
      0.050999999046325684,
      0.05999999865889549,
      0.03799999877810478,
      0.023000000044703484,
      0.02800000086426735
    ],
    "goodstatus": true,
    "kernel": [
      5000.000000000004
    ],
    "mag": [
      19.135000228881836,
      19.135000228881836,
      19.150999069213867,
      19.319000244140625,
      19.406999588012695,
      19.325000762939453,
      19.43400001525879,
      19.735000610351562,
      19.691999435424805,
      19.79199981689453,
      19.834999084472656,
      19.92799949645996,
      20.11400032043457
    ],
    "mjd": [
      55954.23046875,
      55955.21875,
      55956.23828125,
      55959.23046875,
      55960.203125,
      55961.1953125,
      55963.1171875,
      55965.22265625,
      55966.16015625,
      55967.1953125,
      55968.20703125,
      55970.08984375,
      55973.0859375
    ],
    "modeldate": [
      55954.23046875,
      55955.23046875,
      55956.23046875,
      55957.23046875,
      55958.23046875,
      55959.23046875,
      55960.23046875,
      55961.23046875,
      55962.23046875,
      55963.23046875,
      55964.23046875,
      55965.23046875,
      55966.23046875,
      55967.23046875,
      55968.23046875,
      55969.23046875,
      55970.23046875,
      55971.23046875,
      55972.23046875
    ],
    "modelerr": [
      0.016872219280440425,
      0.0112622681588582,
      0.014050287665955234,
      0.014550453540772793,
      0.014151735103700623,
      0.014151735103700623,
      0.015254393898255184,
      0.01741460400403028,
      0.020484547815823272,
      0.02378085090212094,
      0.026466465298569632,
      0.02763861659782208,
      0.02668178924280127,
      0.02372062070603734,
      0.020167848074280646,
      0.018948835851496343,
      0.021361955912331403,
      0.023790874443515297,
      0.023089043784251737
    ],
    "modelmag": [
      19.12871742248535,
      19.138986587524414,
      19.164392471313477,
      19.2007999420166,
      19.24491310119629,
      19.294076919555664,
      19.346872329711914,
      19.401819229125977,
      19.45829200744629,
      19.5157413482666,
      19.57425880432129,
      19.633874893188477,
      19.6944522857666,
      19.75626564025879,
      19.81913185119629,
      19.88254737854004,
      19.945627212524414,
      20.00748634338379,
      20.066171646118164
    ],
    "type": "Ia"
  },
  "g_ESO Schmidt_Swope": {
    "bsplinemag": [
      19.166928581414318,
      19.193793532011387,
      19.229267818813145,
      19.272799630847565,
      19.323837157142577,
      19.381828586726133,
      19.446222108626188,
      19.516465911870682,
      19.59200818548757,
      19.672297118504794,
      19.7567808999503,
      19.84490771885205,
      19.93612576423798,
      20.029883225136047,
      20.12562829057418,
      20.22280914958035,
      20.320873991182495,
      20.419271004408564,
      20.517448378286506,
      20.614854301844268
    ],
    "dmag": [
      0.013000000268220901,
      0.013000000268220901,
      0.012000000104308128,
      0.019999999552965164,
      0.02500000037252903,
      0.02500000037252903,
      0.06199999898672104,
      0.05700000002980232,
      0.050999999046325684,
      0.05700000002980232,
      0.03999999910593033,
      0.019999999552965164,
      0.026000000536441803,
      0.026000000536441803
    ],
    "goodstatus": true,
    "kernel": [
      5000.000000000004
    ],
    "mag": [
      19.173999786376953,
      19.184999465942383,
      19.229000091552734,
      19.37700080871582,
      19.44099998474121,
      19.549999237060547,
      19.64299964904785,
      19.80699920654297,
      19.926000595092773,
      20.06599998474121,
      20.10700035095215,
      20.299999237060547,
      20.64900016784668,
      20.68400001525879
    ],
    "mjd": [
      55954.1953125,
      55955.19140625,
      55956.20703125,
      55959.19921875,
      55960.17578125,
      55961.16796875,
      55963.12890625,
      55965.1875,
      55966.18359375,
      55967.171875,
      55968.171875,
      55970.10546875,
      55973.10546875,
      55974.17578125
    ],