{
  "G__AB": {
    "bsplinemag": [
      17.808816462144947,
      17.871800045701743,
      17.938189671597353,
      18.007830790480707,
      18.08056885300071,
      18.156249309806302,
      18.234717611546387,
      18.315819208869886,
      18.39939955242573,
      18.48530409286283,
      18.573378280830116,
      18.663467566976504,
      18.75541740195091,
      18.849073236402262,
      18.944222953348138,
      19.040415925177317,
      19.13713976341077,
      19.233882079473513,
      19.330130484790566,
      19.425372590786903,
      19.519096008887573,
      19.61078835051755,
      19.699937227101863,
      19.7860303271401,
      19.86869260610644,
      19.94796921966142,
      20.02398545353821,
      20.096866593469986,
      20.166737925189917,
      20.233724734431178,
      20.297952306926938,
      20.359545928410377,
      20.418630884614654,
      20.475332461272966,
      20.529775944118466,
      20.582086618884325,
      20.632389771303732,
      20.680810687109847,
      20.727474652035845,
      20.772506951814904,
      20.816032872180195,
      20.858177698864885,
      20.899066717602153,
      20.93882521412517,
      20.977578474167107,
      21.01545178346114,
      21.052570427740434,
      21.089059692738175,
      21.125044864187526,
      21.160651227821667,
      21.196004069373764,
      21.231228674576993,
      21.266450329164527,
      21.301794318869533,
      21.337385929425196,
      21.37335044656468,
      21.40981315602116,
      21.446899343527804
    ],
    "dmag": [
      0.03999999910593033,
      0.03999999910593033,
      0.07999999821186066,
      0.07000000029802322,
      0.05000000074505806,
      0.05999999865889549,
      0.20000000298023224,
      0.12999999523162842,
      0.11999999731779099,
      0.05999999865889549,
      0.05999999865889549,
      0.07999999821186066,
      0.23999999463558197,
      0.4099999964237213,
      0.2800000011920929,
      0.6000000238418579,
      0.03999999910593033,
      0.1899999976158142
    ],
    "goodstatus": true,
    "kernel": [
      5000.000000000004
    ],
    "mag": [
      17.760000228881836,
      17.93000030517578,
      18.700000762939453,
      18.6200008392334,
      18.860000610351562,
      18.81999969482422,
      19.079999923706055,
      19.09000015258789,
      19.149999618530273,
      19.770000457763672,
      19.84000015258789,
      19.989999771118164,
      20.219999313354492,
      20.56999969482422,
      20.170000076293945,
      20.90999984741211,
      20.93000030517578,
      21.5
    ],
    "mjd": [
      56013.109375,
      56014.109375,
      56024.0390625,
      56024.12890625,
      56026.0390625,
      56026.12109375,
      56029.08984375,
      56029.30078125,
      56031.078125,
      56036.01953125,
      56036.109375,
      56038.171875,
      56039.890625,
      56047.078125,
      56049.98046875,
      56050.0703125,
      56055.8984375,
      56070.94921875
    ],
    "modeldate": [
      56013.109375,
      56014.109375,
      56015.109375,
      56016.109375,
      56017.109375,
      56018.109375,
      56019.109375,
      56020.109375,
      56021.109375,
      56022.109375,
      56023.109375,
      56024.109375,
      56025.109375,
      56026.109375,
      56027.109375,
      56028.109375,
      56029.109375,
      56030.109375,
      56031.109375,
      56032.109375,
      56033.109375,
      56034.109375,
      56035.109375,
      56036.109375,
      56037.109375,
      56038.109375,
      56039.109375,
      56040.109375,
      56041.109375,
      56042.109375,
      56043.109375,
      56044.109375,
      56045.109375,
      56046.109375,
      56047.109375,
      56048.109375,
      56049.109375,
      56050.109375,
      56051.109375,
      56052.109375,
      56053.109375,
      56054.109375,
      56055.109375,
      56056.109375,
      56057.109375,
      56058.109375,
      56059.109375,
      56060.109375,
      56061.109375,
      56062.109375,
      56063.109375,
      56064.109375,
      56065.109375,
      56066.109375,
      56067.109375,
      56068.109375,
      56069.109375,
      56070.109375
    ],
    "modelerr": [
      0.03866373612271319,
      0.03770214275878117,
      0.06385479261414073,
      0.08051460218973627,
      0.08760805270314767,
      0.08744734133238995,
      0.08223154954443286,
      0.07381611075359572,
      0.0637202354209368,
      0.053238332697027387,
      0.04350363985815673,
      0.03572804322251312,
      0.0311200300178285,
      0.030162978928672854,
      0.03210797309135468,
      0.03545338839974872,
      0.03885442629702688,
      0.04154696755113799,
      0.04301865887014992,
      0.04314594147338774,
      0.04193537217496853,
      0.039698196531597355,
      0.037224840922941246,
      0.03600060271712258,
      0.03801701496058932,
      0.0445916017844956,
      0.0555010634311829,
      0.06966526104301488,
      0.08595691808317363,
      0.1033934826270779,
      0.12110359397992082,
      0.13821205951282034,
      0.15386051331044084,
      0.1671662789540281,
      0.1772090988854218,
      0.18309570286456944,
      0.1839440433169211,
      0.17890827560943895,
      0.1672660856850849,
      0.14845356101431864,
      0.12221085659317785,
      0.08908155806235321,
      0.05317111538219156,
      0.04312383235511644,
      0.08697439093051687,
      0.14990950079616394,
      0.22068259894871586,
      0.2956574216972046,
      0.3717536279415378,
      0.4454500755482125,
      0.5125260137143155,
      0.5679263008552474,
      0.6056569452983954,
      0.6187126533720051,
      0.5991483525150788,
      0.5383304656496621,
      0.42847618679614763,
      0.2731696860903157
    ],
    "modelmag": [
      17.757221221923828,
      17.933517456054688,
      18.069229125976562,
      18.174182891845703,
      18.25682830810547,
      18.324302673339844,
      18.382610321044922,
      18.436588287353516,
      18.490066528320312,
      18.545974731445312,
      18.606422424316406,
      18.672767639160156,
      18.745742797851562,
      18.82552719116211,
      18.911815643310547,
      19.003902435302734,
      19.100841522216797,
      19.201446533203125,
      19.304340362548828,
      19.408119201660156,
      19.511329650878906,
      19.612594604492188,
      19.710594177246094,
      19.804157257080078,
      19.892333984375,
      19.97433853149414,
      20.049663543701172,
      20.118026733398438,
      20.179443359375,
      20.234210968017578,
      20.282875061035156,
      20.326229095458984,
      20.365375518798828,
      20.40155029296875,
      20.43625259399414,
      20.471046447753906,
      20.507640838623047,
      20.54776382446289,
      20.593143463134766,
      20.645370483398438,
      20.70589828491211,
      20.775997161865234,
      20.856475830078125,
      20.947811126708984,
      21.04995346069336,
      21.162216186523438,
      21.283187866210938,
      21.41064453125,
      21.541461944580078,
      21.67141342163086,
      21.795150756835938,
      21.906017303466797,
      21.996028900146484,
      22.055679321289062,
      22.073837280273438,
      22.037696838378906,
      21.93258285522461,
      21.741920471191406
    ],
    "type": "Ibn"
  },